customerid,risk_score,risk_band,churn_probability,tenure_months,contract,internet_service,monthly_charges
2545-EBUPK,96,High,0.9643,2,Month-to-month,Fiber optic,84.05
5542-TBBWB,96,High,0.9552,1,Month-to-month,Fiber optic,69.9
8161-QYMTT,95,High,0.9492,7,Month-to-month,Fiber optic,94.1
4927-WWOOZ,94,High,0.9437,2,Month-to-month,Fiber optic,91.45
1452-VOQCH,93,High,0.9345,1,Month-to-month,Fiber optic,75.1
6630-UJZMY,93,High,0.9309,4,Month-to-month,Fiber optic,83.25
3320-VEOYC,93,High,0.929,14,Month-to-month,Fiber optic,95.6
8622-ZLFKO,93,High,0.9273,6,Month-to-month,Fiber optic,90.75
5150-ITWWB,92,High,0.9231,3,Month-to-month,Fiber optic,94.85
7577-SWIFR,92,High,0.9178,1,Month-to-month,Fiber optic,89.25
6969-MVBAI,91,High,0.9089,9,Month-to-month,Fiber optic,90.1
4090-KPJIP,91,High,0.9088,3,Month-to-month,Fiber optic,74.95
1751-NCDLI,91,High,0.9075,46,Month-to-month,Fiber optic,98.85
8739-XNIKG,91,High,0.9072,5,Month-to-month,Fiber optic,84.0
7439-DKZTW,91,High,0.9059,1,Month-to-month,Fiber optic,80.55
6856-RAURS,90,High,0.9018,2,Month-to-month,Fiber optic,74.9
1628-BIZYP,90,High,0.9005,1,Month-to-month,Fiber optic,85.0
2254-DLXRI,90,High,0.9002,1,Month-to-month,Fiber optic,79.15
0021-IKXGC,90,High,0.8988,1,Month-to-month,Fiber optic,72.1
4445-ZJNMU,90,High,0.8984,9,Month-to-month,Fiber optic,99.3
9603-OAIHC,90,High,0.8977,1,Month-to-month,Fiber optic,70.05
4912-PIGUY,89,High,0.8938,1,Month-to-month,Fiber optic,84.6
7363-QTBIW,89,High,0.8923,9,Month-to-month,Fiber optic,79.75
9334-GWGOW,89,High,0.8887,7,Month-to-month,Fiber optic,74.85
2077-MPJQO,89,High,0.8876,7,Month-to-month,Fiber optic,75.4
7465-ZZRVX,89,High,0.8863,1,Month-to-month,Fiber optic,70.35
3462-BJQQA,88,High,0.8836,6,Month-to-month,Fiber optic,89.75
3878-AVSOQ,88,High,0.8826,1,Month-to-month,Fiber optic,71.25
7994-UYIVZ,88,High,0.8823,8,Month-to-month,Fiber optic,85.65
5032-MIYKT,88,High,0.8818,1,Month-to-month,Fiber optic,70.7
3489-HHPFY,88,High,0.8812,2,Month-to-month,Fiber optic,84.05
2262-SLNVK,88,High,0.881,1,Month-to-month,Fiber optic,70.1
9605-WGJVW,88,High,0.8782,1,Month-to-month,Fiber optic,70.2
8040-MNRTF,88,High,0.8768,1,Month-to-month,Fiber optic,71.1
1197-BVMVG,87,High,0.8729,4,Month-to-month,Fiber optic,74.45
6357-JJPQT,87,High,0.8728,3,Month-to-month,Fiber optic,80.5
3318-NMQXL,87,High,0.8727,3,Month-to-month,Fiber optic,92.0
2215-ZAFGX,87,High,0.8725,9,Month-to-month,Fiber optic,85.5
8775-ERLNB,87,High,0.872,1,Month-to-month,Fiber optic,74.3
9957-YODKZ,87,High,0.8684,6,Month-to-month,Fiber optic,80.8
3422-GALYP,87,High,0.8658,2,Month-to-month,Fiber optic,79.45
9094-AZPHK,87,High,0.8655,15,Month-to-month,Fiber optic,100.15
8309-IEYJD,87,High,0.8651,1,Month-to-month,Fiber optic,70.6
7365-BVCJH,86,High,0.8634,1,Month-to-month,DSL,24.4
9617-INGJY,86,High,0.8622,1,Month-to-month,Fiber optic,70.6
1640-PLFMP,86,High,0.8619,1,Month-to-month,Fiber optic,70.25
4234-XTNEA,86,High,0.8585,2,Month-to-month,Fiber optic,79.95
7952-OBOYL,86,High,0.8572,3,Month-to-month,Fiber optic,89.85
0187-QSXOE,86,High,0.8564,7,Month-to-month,Fiber optic,89.0
7278-CKDNC,86,High,0.8561,24,Month-to-month,Fiber optic,80.5
6851-WEFYX,86,High,0.8554,35,Month-to-month,Fiber optic,100.8
4847-TAJYI,85,High,0.8536,6,Month-to-month,Fiber optic,89.35
4115-NZRKS,85,High,0.8519,7,Month-to-month,Fiber optic,89.15
7398-SKNQZ,85,High,0.8474,3,Month-to-month,Fiber optic,94.9
8873-GLDMH,85,High,0.8456,6,Month-to-month,Fiber optic,73.85
5442-BHQNG,84,High,0.8449,2,Month-to-month,Fiber optic,70.35
3295-YVUSR,84,High,0.8448,2,Month-to-month,Fiber optic,72.6
2439-LYPMQ,84,High,0.8421,38,Month-to-month,Fiber optic,102.6
6350-XFYGW,84,High,0.8411,4,Month-to-month,Fiber optic,94.75
8087-LGYHQ,84,High,0.8399,9,Month-to-month,Fiber optic,94.05
1393-IMKZG,84,High,0.8386,1,Month-to-month,Fiber optic,95.85
2665-NPTGL,84,High,0.8385,26,Month-to-month,Fiber optic,98.1
2754-SDJRD,84,High,0.8385,8,Month-to-month,Fiber optic,100.15
5382-SOYZL,84,High,0.8371,22,Month-to-month,Fiber optic,95.1
5348-CAGXB,84,High,0.8355,12,Month-to-month,Fiber optic,89.55
4132-KALRO,83,High,0.8344,4,Month-to-month,Fiber optic,100.85
1173-XZPYF,83,High,0.8337,11,Month-to-month,Fiber optic,89.2
6215-NQCPY,83,High,0.8334,15,Month-to-month,Fiber optic,99.7
8132-YPVBX,83,High,0.829,6,Month-to-month,Fiber optic,85.95
4706-DGAHW,83,High,0.8285,1,Month-to-month,DSL,45.2
5628-FCGYG,83,High,0.8277,21,Month-to-month,Fiber optic,84.1
7402-EYFXX,83,High,0.8274,26,Month-to-month,Fiber optic,93.6
8709-KRDVL,83,High,0.8269,33,Month-to-month,Fiber optic,100.0
6918-UMQCG,83,High,0.8265,5,Month-to-month,Fiber optic,80.2
4749-OJKQU,83,High,0.8257,4,Month-to-month,Fiber optic,75.65
0432-CAJZV,83,High,0.8257,3,Month-to-month,Fiber optic,90.7
1960-UYCNN,83,High,0.8257,10,Month-to-month,Fiber optic,95.25
6185-TASNN,82,High,0.825,1,Month-to-month,DSL,46.3
2123-AGEEN,82,High,0.8231,7,Month-to-month,Fiber optic,84.35
3717-OEAUQ,82,High,0.822,2,Month-to-month,Fiber optic,70.7
3370-HXOPH,82,High,0.8214,3,Month-to-month,Fiber optic,76.1
7392-YYPYJ,82,High,0.8199,22,Month-to-month,Fiber optic,100.65
6229-LSCKB,82,High,0.8194,6,Month-to-month,Fiber optic,79.7
4301-VVZKA,82,High,0.8179,16,Month-to-month,Fiber optic,75.4
4060-LDNLU,82,High,0.8177,7,Month-to-month,Fiber optic,96.2
1833-TCXKK,82,High,0.8175,45,Month-to-month,Fiber optic,107.75
7823-JSOAG,82,High,0.8172,3,Month-to-month,Fiber optic,74.5
6435-SRWBJ,82,High,0.8167,5,Month-to-month,Fiber optic,82.75
3030-YDNRM,82,High,0.8159,8,Month-to-month,Fiber optic,74.85
2789-HQBOU,81,High,0.8146,3,Month-to-month,Fiber optic,80.35
0396-YCHWO,81,High,0.8136,36,Month-to-month,Fiber optic,95.4
5043-TRZWM,81,High,0.8134,1,Month-to-month,Fiber optic,75.55
2674-MIAHT,81,High,0.8133,4,Month-to-month,Fiber optic,80.3
4633-MKHYU,81,High,0.8131,9,Month-to-month,Fiber optic,88.4
2985-FMWYF,81,High,0.8124,23,Month-to-month,Fiber optic,93.5
9741-YLNTD,81,High,0.8123,6,Month-to-month,Fiber optic,87.95
5995-SNNEW,81,High,0.812,23,Month-to-month,Fiber optic,104.45
9050-IKDZA,81,High,0.8111,2,Month-to-month,Fiber optic,81.5
4929-XIHVW,81,High,0.8109,2,Month-to-month,Fiber optic,95.5
8107-KNCIM,81,High,0.8108,14,Month-to-month,Fiber optic,75.1
3384-CTMSF,81,High,0.8093,47,Month-to-month,Fiber optic,104.1
4813-HQMGZ,81,High,0.808,8,Month-to-month,Fiber optic,90.25
9696-RMYBA,81,High,0.8076,5,Month-to-month,Fiber optic,80.1
2371-JQHZZ,81,High,0.8056,24,Month-to-month,Fiber optic,93.0
3338-CVVEH,80,High,0.805,12,Month-to-month,Fiber optic,94.55
1766-GKNMI,80,High,0.8048,29,Month-to-month,Fiber optic,84.9
0840-DFEZH,80,High,0.8042,7,Month-to-month,Fiber optic,75.35
8541-QVFKM,80,High,0.804,8,Month-to-month,Fiber optic,73.5
1200-TUZHR,80,High,0.8039,8,Month-to-month,Fiber optic,85.2
3292-PBZEJ,80,High,0.8033,11,Month-to-month,Fiber optic,111.4
4298-OYIFC,80,High,0.8025,15,Month-to-month,Fiber optic,103.45
4559-UWIHT,80,High,0.8017,14,Month-to-month,Fiber optic,82.65
5501-TVMGM,80,High,0.8014,1,Month-to-month,DSL,55.25
6127-IYJOZ,80,High,0.8013,1,Month-to-month,DSL,45.85
6496-JDSSB,80,High,0.8007,8,Month-to-month,Fiber optic,80.0
0928-JMXNP,80,High,0.8006,4,Month-to-month,DSL,29.9
9822-OAOVB,80,High,0.7996,1,Month-to-month,DSL,55.45
7858-GTZSP,80,High,0.7978,12,Month-to-month,Fiber optic,86.55
9360-OMDZZ,80,High,0.7959,24,Month-to-month,Fiber optic,94.1
3199-XGZCY,80,High,0.7956,8,Month-to-month,Fiber optic,75.25
5133-POWUA,79,High,0.7934,1,Month-to-month,DSL,45.8
8875-AKBYH,79,High,0.7928,20,Month-to-month,Fiber optic,84.35
4686-UXDML,79,High,0.7926,21,Month-to-month,Fiber optic,99.85
9279-CJEOJ,79,High,0.7913,21,Month-to-month,Fiber optic,95.4
6507-ZJSUR,79,High,0.79,23,Month-to-month,Fiber optic,90.45
3411-WLRSQ,79,High,0.7895,3,Month-to-month,Fiber optic,74.6
5956-YHHRX,79,High,0.7894,21,Month-to-month,Fiber optic,104.35
2081-VEYEH,79,High,0.7883,3,Month-to-month,Fiber optic,107.95
7321-VGNKU,79,High,0.7875,2,Month-to-month,Fiber optic,70.35
0365-BZUWY,79,High,0.7873,17,Month-to-month,Fiber optic,102.55
2905-KFQUV,79,High,0.786,2,Month-to-month,Fiber optic,70.4
4983-CCWMC,79,High,0.7856,3,Month-to-month,Fiber optic,69.6
2984-AFWNC,78,High,0.7846,3,Month-to-month,Fiber optic,95.4
2235-DWLJU,78,High,0.7832,6,Month-to-month,DSL,44.4
6734-GMPVK,78,High,0.7831,5,Month-to-month,Fiber optic,105.3
8313-NDOIA,78,High,0.7829,24,Month-to-month,Fiber optic,104.15
5429-LWCMV,78,High,0.7827,12,Month-to-month,Fiber optic,89.15
9840-EFJQB,78,High,0.7822,1,Month-to-month,Fiber optic,74.35
2876-GZYZC,78,High,0.7819,13,Month-to-month,Fiber optic,85.95
9290-SHCMB,78,High,0.7811,13,Month-to-month,Fiber optic,96.85
3096-GKWEB,78,High,0.7811,18,Month-to-month,Fiber optic,94.75
4029-HPFVY,78,High,0.7809,3,Month-to-month,Fiber optic,70.3
5701-YVSVF,78,High,0.7808,11,Month-to-month,Fiber optic,82.9
1508-DFXCU,78,High,0.7805,12,Month-to-month,Fiber optic,81.45
4884-ZTHVF,78,High,0.7804,8,Month-to-month,Fiber optic,87.1
3312-UUMZW,78,High,0.7803,32,Month-to-month,Fiber optic,98.85
5331-RGMTT,78,High,0.7803,54,Month-to-month,Fiber optic,99.05
8242-SOQUO,78,High,0.7799,5,Month-to-month,Fiber optic,84.7
2800-VEQXM,78,High,0.7789,3,Month-to-month,Fiber optic,74.75
4059-IIEBK,78,High,0.7783,7,Month-to-month,Fiber optic,78.55
3496-LFSZU,78,High,0.7773,4,Month-to-month,Fiber optic,70.5
4395-PZMSN,78,High,0.7765,5,Month-to-month,Fiber optic,85.55
6116-RFVHN,78,High,0.7754,34,Month-to-month,Fiber optic,100.45
8266-VBFQL,78,High,0.7753,4,Month-to-month,Fiber optic,90.4
6986-IXNDM,78,High,0.7753,14,Month-to-month,Fiber optic,92.9
6407-UTSLV,78,High,0.7753,2,Month-to-month,Fiber optic,83.8
1335-NTIUC,78,High,0.7751,9,Month-to-month,DSL,24.95
5226-NOZFC,77,High,0.7748,26,Month-to-month,Fiber optic,85.75
0722-SVSFK,77,High,0.7746,7,Month-to-month,Fiber optic,100.4
5119-KEPFY,77,High,0.7742,36,Month-to-month,Fiber optic,95.0
7225-CBZPL,77,High,0.7742,17,Month-to-month,Fiber optic,94.8
5935-FCCNB,77,High,0.7741,17,Month-to-month,Fiber optic,94.2
6198-ZFIOJ,77,High,0.774,5,Month-to-month,Fiber optic,75.6
5937-EORGB,77,High,0.7737,15,Month-to-month,Fiber optic,96.5
3951-NJCVI,77,High,0.773,42,Month-to-month,Fiber optic,95.05
9638-JIQYA,77,High,0.7729,2,Month-to-month,DSL,24.9
1219-NNDDO,77,High,0.7729,9,Month-to-month,Fiber optic,76.85
2800-QQUSO,77,High,0.7728,42,Month-to-month,Fiber optic,100.3
5117-IFGPS,77,High,0.7726,29,Month-to-month,Fiber optic,84.3
5399-ZIMKF,77,High,0.7726,5,Month-to-month,Fiber optic,74.65
4770-UEZOX,77,High,0.7716,2,Month-to-month,Fiber optic,74.75
8903-WMRNW,77,High,0.7712,15,Month-to-month,Fiber optic,101.75
2135-DQWAQ,77,High,0.7711,5,Month-to-month,Fiber optic,85.3
6860-YRJZP,77,High,0.7711,9,Month-to-month,Fiber optic,74.05
7537-RBWEA,77,High,0.7705,1,Month-to-month,DSL,25.15
5760-IFJOZ,77,High,0.7703,3,Month-to-month,Fiber optic,107.95
9919-KNPOO,77,High,0.7699,21,Month-to-month,Fiber optic,94.3
3597-MVHJT,77,High,0.7698,27,Month-to-month,Fiber optic,95.6
9133-AYJZG,77,High,0.7696,23,Month-to-month,Fiber optic,98.7
9717-QEBGU,77,High,0.7696,2,Month-to-month,Fiber optic,70.3
7354-OIJLX,77,High,0.7694,9,Month-to-month,Fiber optic,75.85
7714-YXSMB,77,High,0.7681,26,Month-to-month,Fiber optic,100.5
6175-IRFIT,77,High,0.7663,5,Month-to-month,Fiber optic,78.75
5216-WASFJ,77,High,0.7662,31,Month-to-month,Fiber optic,84.85
4367-NHWMM,77,High,0.7653,1,Month-to-month,DSL,24.9
4223-WOZCM,76,High,0.7646,2,Month-to-month,DSL,49.95
2740-TVLFN,76,High,0.7644,1,Month-to-month,DSL,50.15
8714-CTZJW,76,High,0.7637,4,Month-to-month,Fiber optic,82.85
3841-CONLJ,76,High,0.7636,1,Month-to-month,DSL,35.0
7901-TBKJX,76,High,0.763,56,Month-to-month,Fiber optic,101.05
6212-ATMLK,76,High,0.7621,50,Month-to-month,Fiber optic,95.7
9799-CAYJJ,76,High,0.7615,2,Month-to-month,Fiber optic,69.3
5650-YLIBA,76,High,0.7603,31,Month-to-month,Fiber optic,81.15
5119-NZPTV,76,High,0.7596,2,Month-to-month,Fiber optic,70.1
8785-CJSHH,76,High,0.7594,60,Month-to-month,Fiber optic,99.8
7233-DRTRF,76,High,0.759,63,Month-to-month,Fiber optic,102.4
6583-KQJLK,76,High,0.7589,15,Month-to-month,Fiber optic,94.65
7044-YAACC,76,High,0.7579,4,Month-to-month,Fiber optic,70.2
8035-PWSEV,76,High,0.7579,6,Month-to-month,Fiber optic,89.25
3966-HRMZA,76,High,0.7572,3,Month-to-month,Fiber optic,75.05
0248-IPDFW,76,High,0.7569,1,Month-to-month,DSL,50.1
5928-QLDHB,76,High,0.7568,9,Month-to-month,Fiber optic,76.25
4521-YEEHE,76,High,0.7555,18,Month-to-month,Fiber optic,88.85
3317-VLGQT,76,High,0.7551,14,Month-to-month,Fiber optic,78.1
5652-MSDEY,75,High,0.7549,10,Month-to-month,Fiber optic,75.75
0749-IRGQE,75,High,0.7548,13,Month-to-month,DSL,45.3
7206-PQBBZ,75,High,0.7544,11,Month-to-month,Fiber optic,70.2
3420-YJLQT,75,High,0.7539,2,Month-to-month,Fiber optic,79.55
6034-YMTOB,75,High,0.753,5,Month-to-month,Fiber optic,75.65
2831-EBWRN,75,High,0.753,4,Month-to-month,DSL,45.9
2897-DOVND,75,High,0.7529,2,Month-to-month,Fiber optic,69.8
2694-CIUMO,75,High,0.752,12,Month-to-month,Fiber optic,79.55
0018-NYROU,75,High,0.7518,5,Month-to-month,Fiber optic,68.95
3365-SAIGS,75,High,0.7517,17,Month-to-month,Fiber optic,83.55
4647-MUZON,75,High,0.7512,18,Month-to-month,Fiber optic,95.95
1077-HUUJM,75,High,0.7509,7,Month-to-month,Fiber optic,71.05
3420-ZDBMA,75,High,0.7509,5,Month-to-month,Fiber optic,71.45
5857-TYBCJ,75,High,0.7505,44,Month-to-month,Fiber optic,89.2
2880-FPNAE,75,High,0.7504,2,Month-to-month,Fiber optic,74.2
1469-LBJQJ,75,High,0.7504,66,Month-to-month,Fiber optic,105.2
3427-GGZZI,75,High,0.7499,19,Month-to-month,Fiber optic,89.1
0480-BIXDE,75,High,0.7499,19,Month-to-month,Fiber optic,96.8
3566-HJGPK,75,High,0.7498,1,Month-to-month,DSL,45.55
2277-VWCNI,75,High,0.7498,4,Month-to-month,DSL,48.75
0674-EYYZV,75,High,0.7494,1,Month-to-month,DSL,54.65
7590-VHVEG,75,High,0.7492,1,Month-to-month,DSL,29.85
0168-XZKBB,75,High,0.7487,19,Month-to-month,Fiber optic,86.85
1475-VWVDO,75,High,0.7486,7,Month-to-month,Fiber optic,74.9
6705-LXORM,75,High,0.7485,5,Month-to-month,Fiber optic,70.05
1746-TGTWV,75,High,0.7479,1,Month-to-month,Fiber optic,75.35
1754-GKYPY,75,High,0.7474,22,Month-to-month,Fiber optic,89.75
8720-RQSBJ,75,High,0.7474,1,Month-to-month,DSL,44.0
6267-DCFFZ,75,High,0.7471,30,Month-to-month,Fiber optic,90.05
8325-QRPZR,75,High,0.7471,7,Month-to-month,Fiber optic,75.15
5365-LLFYV,75,High,0.7464,2,Month-to-month,DSL,45.85
9903-LYSAB,75,High,0.7464,18,Month-to-month,Fiber optic,73.15
4815-GBTCD,75,High,0.7459,4,Month-to-month,DSL,25.15
8778-LMWTJ,75,High,0.7456,9,Month-to-month,Fiber optic,74.85
0958-YHXGP,75,High,0.7455,7,Month-to-month,Fiber optic,69.9
2275-RBYQS,75,High,0.7455,1,Month-to-month,DSL,45.4
1942-OQFRW,75,High,0.7453,1,Month-to-month,DSL,44.0
1078-TDCRN,74,High,0.7449,3,Month-to-month,DSL,30.75
0644-OQMDK,74,High,0.7446,4,Month-to-month,Fiber optic,70.65
0224-RLWWD,74,High,0.7441,2,Month-to-month,DSL,44.3
4482-EWFMI,74,High,0.744,2,Month-to-month,Fiber optic,69.7
9743-DQKQW,74,High,0.744,3,Month-to-month,DSL,25.1
6519-CFDBX,74,High,0.7439,2,Month-to-month,DSL,45.4
8819-IMISP,74,High,0.7427,31,Month-to-month,Fiber optic,80.45
8356-WUAOJ,74,High,0.7422,1,Month-to-month,DSL,45.0
1016-DJTSV,74,High,0.7414,8,Month-to-month,Fiber optic,69.7
6377-WHAOX,74,High,0.7412,60,Month-to-month,Fiber optic,106.15
0899-LIIBW,74,High,0.7409,34,Month-to-month,Fiber optic,100.85
5044-LRQAQ,74,High,0.7409,7,Month-to-month,Fiber optic,69.2
1536-HBSWP,74,High,0.7409,1,Month-to-month,DSL,49.9
3278-FSIXX,74,High,0.7409,2,Month-to-month,DSL,45.25
4273-MBHYA,74,High,0.7402,1,Month-to-month,Fiber optic,89.35
2675-DHUTR,74,High,0.7401,58,Month-to-month,Fiber optic,98.9
7442-YGZFK,74,High,0.7399,1,Month-to-month,DSL,49.8
5405-ZMYXQ,74,High,0.7395,8,Month-to-month,Fiber optic,74.6
5091-HFAZW,74,High,0.7392,2,Month-to-month,Fiber optic,91.15
2103-ZRXFN,74,High,0.7387,1,Month-to-month,DSL,50.75
0420-HLGXF,74,High,0.7384,39,Month-to-month,Fiber optic,99.75
2799-ARNLO,74,High,0.7373,5,Month-to-month,Fiber optic,69.35
9244-ZVAPM,74,High,0.7367,1,Month-to-month,DSL,45.6
6833-JMZYP,74,High,0.7365,15,Month-to-month,Fiber optic,94.0
5599-HVLTW,74,High,0.7353,14,Month-to-month,Fiber optic,80.35
6173-GOLSU,73,High,0.7334,67,Month-to-month,Fiber optic,94.65
8705-WZCYL,73,High,0.7317,1,Month-to-month,DSL,44.8
5968-VXZLG,73,High,0.7311,2,Month-to-month,DSL,46.6
2325-NBPZG,73,High,0.7309,3,Month-to-month,Fiber optic,74.55
1658-TJVOA,73,High,0.7307,6,Month-to-month,Fiber optic,74.1
9992-UJOEL,73,High,0.73,2,Month-to-month,DSL,50.3
2688-BHGOG,73,High,0.73,9,Month-to-month,Fiber optic,79.55
4373-VVHQL,73,High,0.7295,1,Month-to-month,DSL,44.75
9508-ILZDG,73,High,0.7294,34,Month-to-month,Fiber optic,96.35
3352-ALMCK,73,High,0.7293,40,Month-to-month,Fiber optic,102.65
5760-FXFVO,73,High,0.7291,6,Month-to-month,Fiber optic,78.95
9633-XQABV,73,High,0.729,3,Month-to-month,Fiber optic,70.25
3413-BMNZE,73,High,0.7288,1,Month-to-month,DSL,45.25
7394-LWLYN,73,High,0.728,2,Month-to-month,Fiber optic,70.15
9752-ZNQUT,73,High,0.7277,1,Month-to-month,DSL,48.6
5606-AMZBO,73,High,0.7276,10,Month-to-month,Fiber optic,78.15
1666-JXLKU,73,High,0.7276,37,Month-to-month,Fiber optic,100.05
7586-ZATGZ,73,High,0.7271,40,Month-to-month,Fiber optic,84.9
8687-BAFGU,73,High,0.7261,1,Month-to-month,Fiber optic,74.0
0410-IPFTY,73,High,0.726,31,Month-to-month,Fiber optic,83.85
4450-DLLMH,73,High,0.7257,2,Month-to-month,Fiber optic,71.3
6158-HDPXZ,72,High,0.7248,1,Month-to-month,DSL,25.35
5339-PXDVH,72,High,0.7247,4,Month-to-month,Fiber optic,90.65
5692-ICXLW,72,High,0.7245,31,Month-to-month,Fiber optic,90.7
3005-TYFRD,72,High,0.7244,55,Month-to-month,Fiber optic,103.65
7517-LDMPS,72,High,0.7239,12,Month-to-month,Fiber optic,84.6
0928-XUTSN,72,High,0.7233,13,Month-to-month,Fiber optic,80.5
7426-RHZGU,72,High,0.7229,9,Month-to-month,Fiber optic,95.9
0599-XNYDO,72,High,0.7228,20,Month-to-month,Fiber optic,69.8
8648-PFRMP,72,High,0.7227,14,Month-to-month,DSL,46.35
6077-BDPXA,72,High,0.7222,3,Month-to-month,Fiber optic,70.15
0196-JTUQI,72,High,0.722,9,Month-to-month,Fiber optic,75.2
5453-AXEPF,72,High,0.7218,17,Month-to-month,Fiber optic,80.5
9167-APMXZ,72,High,0.7212,22,Month-to-month,Fiber optic,84.15
2468-SJFLM,72,High,0.7209,1,Month-to-month,Fiber optic,74.3
3452-GWUIN,72,High,0.7209,19,Month-to-month,Fiber optic,94.95
4854-CIDCF,72,High,0.7207,3,Month-to-month,Fiber optic,73.85
7245-NIIWQ,72,High,0.7196,3,Month-to-month,Fiber optic,69.85
1845-ZLLIG,72,High,0.7187,1,Month-to-month,DSL,50.15
2809-ZMYOQ,72,High,0.7185,32,Month-to-month,Fiber optic,101.35
2378-VTKDH,72,High,0.7176,65,Month-to-month,Fiber optic,104.35
5605-IYGFG,72,High,0.7175,7,Month-to-month,Fiber optic,69.85
4536-PLEQY,72,High,0.7165,12,Month-to-month,Fiber optic,85.05
4062-HBMOS,72,High,0.7151,52,Month-to-month,Fiber optic,103.05
4566-NECEV,71,High,0.7148,5,Month-to-month,Fiber optic,96.55
7668-XCFYV,71,High,0.7146,17,Month-to-month,Fiber optic,92.55
0447-RXSGD,71,High,0.7145,24,Month-to-month,Fiber optic,99.65
1302-UHBDD,71,High,0.7144,20,Month-to-month,Fiber optic,89.95
6198-RTPMF,71,High,0.7142,17,Month-to-month,Fiber optic,92.6
4581-LNWUM,71,High,0.7136,13,Month-to-month,DSL,49.15
4546-FOKWR,71,High,0.7134,16,Month-to-month,Fiber optic,74.75
0848-ZGQIJ,71,High,0.713,16,Month-to-month,Fiber optic,94.65
2504-DSHIH,71,High,0.7128,23,Month-to-month,Fiber optic,86.8
9093-FPDLG,71,High,0.7126,11,Month-to-month,Fiber optic,94.2
3518-PZXZQ,71,High,0.7123,1,Month-to-month,DSL,55.3
2107-FBPTK,71,High,0.712,30,Month-to-month,Fiber optic,104.1
8695-ARGXZ,71,High,0.712,34,Month-to-month,Fiber optic,75.55
0682-USIXD,71,High,0.7117,21,Month-to-month,Fiber optic,86.05
8180-AKMJV,71,High,0.7114,1,Month-to-month,DSL,44.55
6542-LWGXJ,71,High,0.7113,3,Month-to-month,DSL,25.0
2424-WVHPL,71,High,0.7113,1,Month-to-month,Fiber optic,74.7
1932-UEDCX,71,High,0.7107,33,Month-to-month,Fiber optic,100.6
6260-ONULR,71,High,0.7104,1,Month-to-month,DSL,62.8
9402-ORRAH,71,High,0.7102,15,Month-to-month,Fiber optic,91.5
2080-CAZNM,71,High,0.7085,41,Month-to-month,Fiber optic,104.4
4291-SHSBH,71,High,0.7081,7,Month-to-month,Fiber optic,69.55
9121-PHQSR,71,High,0.7078,16,Month-to-month,Fiber optic,85.05
2959-FENLU,71,High,0.7078,9,Month-to-month,Fiber optic,85.3
4480-QQRHC,71,High,0.7072,8,Month-to-month,Fiber optic,74.05
2862-PFNIK,71,High,0.706,1,Month-to-month,DSL,24.7
7315-WYOAW,71,High,0.7056,13,Month-to-month,Fiber optic,100.75
3453-RTHJQ,71,High,0.7056,6,Month-to-month,Fiber optic,69.1
2637-FKFSY,70,High,0.705,3,Month-to-month,DSL,46.1
4741-WWJQZ,70,High,0.705,2,Month-to-month,Fiber optic,80.15
2523-EWWZL,70,High,0.7049,27,Month-to-month,Fiber optic,76.1
2187-PKZAY,70,High,0.7047,12,Month-to-month,Fiber optic,79.95
4195-NZGTA,70,High,0.7043,1,Month-to-month,DSL,25.25
2604-IJPDU,70,High,0.7042,20,Month-to-month,Fiber optic,96.55
5144-TVGLP,70,High,0.7029,38,Month-to-month,Fiber optic,94.75
0620-DLSLK,70,High,0.7029,13,Month-to-month,Fiber optic,81.9
0434-CSFON,70,High,0.7023,47,Month-to-month,Fiber optic,100.5
9365-SRSZE,70,High,0.7021,27,Month-to-month,Fiber optic,70.55
1608-GMEWB,70,High,0.7017,45,Month-to-month,Fiber optic,93.9
3223-DWFIO,70,High,0.7011,4,Month-to-month,Fiber optic,69.35
3914-FDRHP,70,High,0.701,9,Month-to-month,Fiber optic,86.25
2672-OJQZP,70,High,0.7009,1,Month-to-month,DSL,44.75
7252-NTGSS,70,High,0.7008,1,Month-to-month,DSL,45.15
6242-MBHPK,70,High,0.7008,23,Month-to-month,Fiber optic,95.1
0225-ZORZP,70,High,0.7006,3,Month-to-month,Fiber optic,84.3
2080-GKCWQ,70,High,0.7005,2,Month-to-month,Fiber optic,74.95
9927-DSWDF,70,High,0.7004,22,Month-to-month,Fiber optic,104.6
5666-CYCYZ,70,High,0.6995,24,Month-to-month,Fiber optic,89.55
3714-NTNFO,70,High,0.6989,49,Month-to-month,Fiber optic,84.5
9214-EKVXR,70,High,0.6983,1,Month-to-month,DSL,44.0
0988-JRWWP,70,High,0.698,3,Month-to-month,DSL,54.2
3629-ZNKXA,70,High,0.6975,17,Month-to-month,Fiber optic,101.8
2038-OEQZH,70,High,0.6972,4,Month-to-month,Fiber optic,86.05
3196-NVXLZ,70,High,0.6957,25,Month-to-month,Fiber optic,84.6
6030-REHUX,70,High,0.6951,28,Month-to-month,Fiber optic,110.85
8445-DNBAE,70,High,0.695,1,Month-to-month,DSL,50.05
7181-OQCUT,69,High,0.6948,21,Month-to-month,Fiber optic,103.85
9588-OZDMQ,69,High,0.6939,2,Month-to-month,DSL,45.0
9631-XEYKE,69,High,0.6938,3,Month-to-month,DSL,50.4
9058-MJLZC,69,High,0.6938,24,Month-to-month,Fiber optic,94.6
4727-MCYZG,69,High,0.6933,1,Month-to-month,DSL,55.55
5019-GQVCR,69,High,0.6933,43,Month-to-month,Fiber optic,84.85
6817-WTYHE,69,High,0.6931,2,Month-to-month,DSL,44.9
1028-FFNJK,69,High,0.6925,30,Month-to-month,Fiber optic,101.5
7718-RXDGG,69,High,0.6924,15,Month-to-month,Fiber optic,68.6
6048-QBXKL,69,High,0.6915,2,Month-to-month,DSL,56.55
1319-YLZJG,69,High,0.6913,12,Month-to-month,Fiber optic,84.6
4853-OITSN,69,High,0.6909,5,Month-to-month,Fiber optic,89.15
3312-ZWLGF,69,High,0.6904,29,Month-to-month,Fiber optic,79.3
0581-BXBUB,69,High,0.6904,4,Month-to-month,Fiber optic,72.75
5183-SNMJQ,69,High,0.6895,10,Month-to-month,Fiber optic,95.1
5879-SESNB,69,High,0.6894,11,Month-to-month,Fiber optic,75.25
4123-DVHPH,69,High,0.6893,9,Month-to-month,Fiber optic,88.05
3197-ARFOY,69,High,0.6891,19,Month-to-month,Fiber optic,105.0
8270-RKSAP,69,High,0.689,9,Month-to-month,Fiber optic,70.5
9944-AEXBM,69,High,0.6881,32,Month-to-month,Fiber optic,85.65
1478-VPOAD,69,High,0.6878,1,Month-to-month,DSL,43.8
5630-IXDXV,69,High,0.6877,47,Month-to-month,Fiber optic,106.35
5989-PGKJB,69,High,0.6875,16,Month-to-month,Fiber optic,86.25
9053-EJUNL,69,High,0.6871,41,Month-to-month,Fiber optic,89.2
8064-RAVOH,69,High,0.6869,1,Month-to-month,DSL,49.85
8849-AYPTR,69,High,0.6855,33,Month-to-month,Fiber optic,91.25
1013-QCWAM,69,High,0.6855,66,Month-to-month,Fiber optic,100.8
0430-IHCDJ,68,High,0.6847,15,Month-to-month,DSL,49.0
5858-EAFCZ,68,High,0.6843,1,Month-to-month,DSL,44.45
3798-EPWRR,68,High,0.6835,2,Month-to-month,DSL,43.95
9450-TRJUU,68,High,0.6833,35,Month-to-month,Fiber optic,83.15
0082-OQIQY,68,High,0.6832,29,Month-to-month,Fiber optic,94.2
9494-MRNYX,68,High,0.6827,10,Month-to-month,Fiber optic,75.05
6362-QHAFM,68,High,0.6826,42,One year,Fiber optic,108.3
1251-STYSZ,68,High,0.6819,4,Month-to-month,Fiber optic,80.25
6128-AQBMT,68,High,0.6817,41,Month-to-month,DSL,53.95
9552-TGUZV,68,High,0.6814,8,Month-to-month,Fiber optic,75.0
8212-CRQXP,68,High,0.6814,22,Month-to-month,Fiber optic,80.0
4061-UKJWL,68,High,0.6807,3,Month-to-month,DSL,45.45
5153-RTHKF,68,High,0.6801,34,Month-to-month,Fiber optic,85.35
4146-SVFUD,68,High,0.6801,1,Month-to-month,DSL,44.6
8544-GOQSH,68,High,0.68,14,Month-to-month,Fiber optic,80.05
5233-AOZUF,68,High,0.68,29,Month-to-month,Fiber optic,74.95
3481-JHUZH,68,High,0.6799,41,Month-to-month,Fiber optic,80.25
2974-GGUXS,68,High,0.6798,36,Month-to-month,Fiber optic,91.95
7339-POGZN,68,High,0.6789,4,Month-to-month,DSL,50.7
9572-WUKSB,68,High,0.6788,3,Month-to-month,DSL,29.9
0531-ZZJWQ,68,High,0.6787,55,Month-to-month,Fiber optic,74.0
6582-OIVSP,68,High,0.6784,1,Month-to-month,DSL,45.3
9885-AIBVB,68,High,0.6782,29,Month-to-month,Fiber optic,85.8
4570-QHXHL,68,High,0.6779,9,Month-to-month,DSL,43.75
2369-FEVNO,68,High,0.6775,1,Month-to-month,No,19.9
0147-ESWWR,68,High,0.6768,39,Month-to-month,Fiber optic,101.25
4690-PKDQG,68,High,0.6763,42,Month-to-month,Fiber optic,95.55
9819-FBNSV,68,High,0.6754,37,Month-to-month,Fiber optic,72.25
0793-TWELN,68,High,0.6751,4,Month-to-month,Fiber optic,80.15
1895-QTKDO,67,High,0.6749,1,Month-to-month,DSL,43.95
8058-DMYRU,67,High,0.6747,54,Month-to-month,Fiber optic,90.05
1777-JYQPJ,67,High,0.6747,2,Month-to-month,DSL,24.3
8104-OSKWT,67,High,0.6741,12,Month-to-month,Fiber optic,79.8
6907-FLBER,67,High,0.6739,1,Month-to-month,DSL,54.3
8903-XEBGX,67,High,0.6738,2,Month-to-month,DSL,55.3
5288-AHOUP,67,High,0.6737,11,Month-to-month,Fiber optic,78.5
2969-QWUBZ,67,High,0.6737,2,Month-to-month,DSL,51.4
4236-UJPWO,67,High,0.6734,2,Month-to-month,DSL,24.5
7754-IXRMC,67,High,0.6729,1,Month-to-month,DSL,45.35
0581-MDMPW,67,High,0.6728,24,Month-to-month,Fiber optic,88.95
9129-UXERG,67,High,0.6726,18,Month-to-month,Fiber optic,103.6
8012-SOUDQ,67,High,0.6726,43,Month-to-month,Fiber optic,90.25
0258-NOKBL,67,High,0.6722,3,Month-to-month,Fiber optic,90.4
4661-NJEUX,67,High,0.6721,1,Month-to-month,No,20.05
5647-FXOTP,67,High,0.6721,60,Month-to-month,Fiber optic,105.9
3439-GVUSX,67,High,0.6706,1,Month-to-month,DSL,24.4
0015-UOCOJ,67,High,0.6699,7,Month-to-month,DSL,48.2
6339-YPSAH,67,High,0.6699,9,Month-to-month,Fiber optic,73.8
1636-NTNCO,67,High,0.6694,4,Month-to-month,DSL,50.95
8950-MTZNV,67,High,0.669,1,Month-to-month,DSL,44.95
9773-PEQBZ,67,High,0.6688,10,Month-to-month,Fiber optic,79.85
4067-HLYQI,67,High,0.6687,33,Month-to-month,Fiber optic,70.4
8818-DOPVL,67,High,0.6677,46,Month-to-month,Fiber optic,104.45
0674-DGMAQ,67,High,0.6673,32,Month-to-month,Fiber optic,93.5
5016-IBERQ,67,High,0.6659,23,Month-to-month,Fiber optic,84.25
1035-IPQPU,67,High,0.6655,63,Month-to-month,Fiber optic,103.5
9620-ENEJV,67,High,0.6654,6,Month-to-month,Fiber optic,70.55
4065-JJAVA,67,High,0.6654,1,Month-to-month,DSL,49.5
6923-JHPMP,67,High,0.6653,2,Month-to-month,Fiber optic,80.45
7924-GJZFI,67,High,0.6652,25,Month-to-month,Fiber optic,69.3
2465-BLLEU,66,High,0.6641,1,Month-to-month,No,19.75
4183-MYFRB,66,High,0.664,21,Month-to-month,Fiber optic,90.05
7978-DKUQH,66,High,0.6638,25,Month-to-month,Fiber optic,74.6
0921-OHLVP,66,High,0.6636,22,Month-to-month,Fiber optic,83.05
8710-YGLWG,66,High,0.6631,1,Month-to-month,DSL,44.9
1471-GIQKQ,66,High,0.663,1,Month-to-month,DSL,49.95
8757-TFHHJ,66,High,0.6629,1,Month-to-month,DSL,49.8
4299-SIMNS,66,High,0.6629,9,Month-to-month,Fiber optic,81.15
8990-ZXLSU,66,High,0.6628,9,Month-to-month,Fiber optic,69.05
7379-FNIUJ,66,High,0.6624,2,Month-to-month,Fiber optic,100.2
8224-DWCKX,66,High,0.662,12,Month-to-month,Fiber optic,73.3
1855-AGAWH,66,High,0.6615,31,One year,Fiber optic,93.8
5018-GWURO,66,High,0.6611,56,Month-to-month,Fiber optic,85.6
3466-RITXD,66,High,0.6608,26,Month-to-month,Fiber optic,92.4
4537-DKTAL,66,High,0.6606,2,Month-to-month,DSL,45.55
3932-IJWDZ,66,High,0.6603,45,Month-to-month,Fiber optic,103.65
8566-YPRGL,66,High,0.6603,1,Month-to-month,No,19.5
1622-HSHSF,66,High,0.66,1,Month-to-month,No,19.55
2832-KJCRD,66,High,0.659,38,Month-to-month,Fiber optic,103.65
9274-UARKJ,66,High,0.659,15,Month-to-month,Fiber optic,83.2
5035-BVCXS,66,High,0.6589,11,Month-to-month,Fiber optic,75.9
5022-KVDQT,66,High,0.6589,27,Month-to-month,Fiber optic,81.3
8617-ENBDS,66,High,0.6581,3,Month-to-month,Fiber optic,73.6
1384-RCUXW,66,High,0.6574,16,Month-to-month,Fiber optic,80.55
5439-WIKXB,66,High,0.6573,41,Month-to-month,Fiber optic,94.55
2697-NQBPF,66,High,0.6569,34,Month-to-month,Fiber optic,105.35
5960-MVTUK,66,High,0.6567,3,Month-to-month,DSL,29.75
1685-BQULA,66,High,0.6553,40,Month-to-month,Fiber optic,93.4
6145-NNPNO,66,High,0.655,1,Month-to-month,DSL,44.15
2478-EEWWM,65,High,0.6548,59,Month-to-month,DSL,44.3
3050-GBUSH,65,High,0.6546,3,Month-to-month,DSL,34.8
9348-YVOMK,65,High,0.6543,4,Month-to-month,DSL,44.8
3211-AAPKX,65,High,0.6539,20,Month-to-month,Fiber optic,98.55
0670-KDOMA,65,High,0.6538,1,Month-to-month,No,20.25
8490-BXHEO,65,High,0.6536,18,Month-to-month,Fiber optic,80.55
3703-KBKZP,65,High,0.6533,16,Month-to-month,Fiber optic,74.45
9506-UXUSK,65,High,0.6531,13,Month-to-month,Fiber optic,70.15
0082-LDZUE,65,High,0.653,1,Month-to-month,DSL,44.3
3904-UKFRE,65,High,0.6528,4,Month-to-month,Fiber optic,80.1
2792-LSHWX,65,High,0.6525,1,Month-to-month,Fiber optic,83.4
3588-WSTTJ,65,High,0.6524,35,Month-to-month,Fiber optic,99.05
7801-KICAO,65,High,0.6523,18,Month-to-month,Fiber optic,74.15
5522-JBWMO,65,High,0.6521,1,Month-to-month,DSL,44.0
9261-WDCAF,65,High,0.6514,3,Month-to-month,DSL,54.65
2582-FFFZR,65,High,0.6513,22,Month-to-month,DSL,50.6
3771-PZOBW,65,High,0.6512,20,Month-to-month,Fiber optic,90.7
4553-DVPZG,65,High,0.6505,62,Month-to-month,Fiber optic,101.35
3995-WFCSM,65,High,0.6504,2,Month-to-month,DSL,60.85
1346-UFHAX,65,High,0.6502,13,Month-to-month,Fiber optic,80.0
0491-KAPQG,65,High,0.6499,21,Month-to-month,Fiber optic,73.7
3003-CMDUU,65,High,0.6497,25,Month-to-month,Fiber optic,95.15
7460-ITWWP,65,High,0.6489,45,Month-to-month,Fiber optic,86.1
3716-UVSPD,65,High,0.6487,1,Month-to-month,DSL,49.3
0141-YEAYS,65,High,0.6484,27,Month-to-month,Fiber optic,86.45
2675-OTVVJ,65,High,0.6483,31,Month-to-month,Fiber optic,89.45
7404-JLKQG,65,High,0.6481,3,Month-to-month,DSL,57.55
6559-PDZLR,65,High,0.6479,26,Month-to-month,Fiber optic,98.65
1194-HVAIF,65,High,0.6479,27,Month-to-month,Fiber optic,95.0
4716-HHKQH,65,High,0.6468,20,Month-to-month,Fiber optic,107.05
1482-OXZSY,65,High,0.6466,30,Month-to-month,Fiber optic,100.4
7298-IZWLY,65,High,0.6465,1,Month-to-month,No,19.4
3955-JBZZM,65,High,0.6461,20,Month-to-month,Fiber optic,78.8
5129-JLPIS,65,High,0.6459,25,Month-to-month,Fiber optic,105.5
7284-BUYEC,65,High,0.6455,5,Month-to-month,DSL,50.95
6103-BOCOU,65,High,0.6454,26,Month-to-month,Fiber optic,80.7
6719-OXYBR,64,High,0.6447,15,Month-to-month,Fiber optic,85.3
1104-TNLZA,64,High,0.6446,28,Month-to-month,Fiber optic,105.8
0311-QYWSS,64,High,0.6443,6,Month-to-month,DSL,49.45
2452-KDRRH,64,High,0.6439,67,Month-to-month,Fiber optic,101.4
9576-SYUHJ,64,High,0.6436,37,Month-to-month,Fiber optic,91.15
3088-LHEFH,64,High,0.6431,11,Month-to-month,Fiber optic,79.0
0428-IKYCP,64,High,0.6428,22,Month-to-month,Fiber optic,87.0
9693-XMUOB,64,High,0.6417,59,Month-to-month,DSL,50.25
7508-SMHXL,64,High,0.6416,15,Month-to-month,Fiber optic,89.0
5626-MGTUK,64,High,0.6415,20,Month-to-month,Fiber optic,89.1
0374-IOEGQ,64,High,0.6415,3,Month-to-month,DSL,44.6
0411-EZJZE,64,High,0.6413,3,Month-to-month,DSL,60.25
5906-BFOZT,64,High,0.641,1,Month-to-month,No,19.5
6599-SFQVE,64,High,0.6407,6,Month-to-month,DSL,55.0
0817-HSUSE,64,High,0.6407,1,Month-to-month,DSL,75.5
0139-IVFJG,64,High,0.6406,2,Month-to-month,Fiber optic,90.35
3748-FVMZZ,64,High,0.6401,4,Month-to-month,DSL,40.05
0623-GDISB,64,High,0.6399,1,Month-to-month,DSL,48.45
9529-OFXHY,64,High,0.6397,15,Month-to-month,Fiber optic,87.75
4238-JSSWH,64,High,0.6395,35,Month-to-month,Fiber optic,102.05
0439-IFYUN,64,High,0.6393,18,Month-to-month,Fiber optic,74.7
7422-WNBTY,64,High,0.6387,33,Month-to-month,Fiber optic,93.35
8660-BUETV,64,High,0.6379,3,Month-to-month,DSL,44.75
3916-NRPAP,64,High,0.6373,3,Month-to-month,Fiber optic,85.7
2203-GHNWN,64,High,0.637,24,Month-to-month,Fiber optic,79.65
6481-ESCNL,64,High,0.6368,29,Month-to-month,Fiber optic,100.55
5271-DBYSJ,64,High,0.6365,11,Month-to-month,Fiber optic,79.15
8404-GFGCZ,64,High,0.6357,4,Month-to-month,DSL,65.6
9714-EDSUC,64,High,0.6357,4,Month-to-month,Fiber optic,94.9
7855-DIWPO,64,High,0.6351,21,Month-to-month,Fiber optic,68.65
7562-UXTPG,64,High,0.635,13,Month-to-month,Fiber optic,70.15
6537-QLGEX,63,High,0.6343,16,Month-to-month,DSL,38.9
5461-QKNTN,63,High,0.6338,43,Month-to-month,Fiber optic,94.3
7504-UWHNB,63,High,0.6334,25,Month-to-month,Fiber optic,69.75
5948-UJZLF,63,High,0.6333,2,Month-to-month,DSL,49.25
7243-LCGGZ,63,High,0.633,1,Month-to-month,No,20.9
8486-AYEQH,63,High,0.6322,31,Month-to-month,Fiber optic,76.05
1910-FMXJM,63,High,0.6319,36,Month-to-month,Fiber optic,80.4
2101-RANCD,63,High,0.6319,55,Month-to-month,Fiber optic,73.1
8728-SKJLR,63,High,0.6319,41,Month-to-month,Fiber optic,74.25
9796-BPKIW,63,High,0.6313,8,Month-to-month,Fiber optic,69.95
6078-VESFR,63,High,0.6308,13,Month-to-month,Fiber optic,70.45
0096-BXERS,63,High,0.6306,6,Month-to-month,DSL,50.35
3961-SXAXY,63,High,0.63,1,Month-to-month,DSL,44.05
8286-AFUYI,63,High,0.6299,1,Month-to-month,DSL,47.95
0650-BWOZN,63,High,0.6298,18,Month-to-month,Fiber optic,73.55
9518-XXBXE,63,High,0.6288,10,Month-to-month,Fiber optic,75.3
6557-BZXLQ,63,High,0.6288,16,Month-to-month,Fiber optic,69.65
2209-XADXF,63,High,0.6287,1,Month-to-month,DSL,25.25
5899-OUVKV,63,High,0.6285,31,Month-to-month,Fiber optic,94.5
7967-HYCDE,63,High,0.6283,8,Month-to-month,Fiber optic,70.7
6650-VJONK,63,High,0.6279,1,Month-to-month,DSL,43.85
1689-YQBYY,63,High,0.6277,12,Month-to-month,Fiber optic,76.6
2277-DJJDL,63,High,0.6268,60,Month-to-month,Fiber optic,99.0
1728-BQDMA,63,High,0.6265,2,Month-to-month,DSL,44.45
4360-PNRQB,63,High,0.6258,18,Month-to-month,Fiber optic,75.6
6888-SBYAI,63,High,0.6254,1,Month-to-month,DSL,50.7
5482-VXSXJ,62,High,0.6249,22,Month-to-month,Fiber optic,93.2
4128-ETESU,62,High,0.6248,47,Month-to-month,Fiber optic,99.7
5222-IMUKT,62,High,0.6244,32,Month-to-month,Fiber optic,91.05
1212-GLHMD,62,High,0.6237,3,Month-to-month,Fiber optic,86.05
7794-JASDG,62,High,0.6236,1,Month-to-month,DSL,50.75
4583-PARNH,62,High,0.6221,16,Month-to-month,Fiber optic,91.55
9895-VFOXH,62,High,0.6216,1,Month-to-month,DSL,24.4
8993-IZEUX,62,High,0.6216,7,Month-to-month,Fiber optic,69.15
3522-CDKHF,62,High,0.621,32,Month-to-month,Fiber optic,75.5
3002-WQZWT,62,High,0.6204,29,Month-to-month,Fiber optic,74.2
8654-DHAOW,62,High,0.6199,2,Month-to-month,DSL,54.15
2480-JZOSN,62,High,0.6189,1,Month-to-month,No,20.65
5175-WLYXL,62,High,0.6187,22,Month-to-month,Fiber optic,78.85
7852-LECYP,62,High,0.6187,13,Month-to-month,Fiber optic,93.8
2476-YGEFM,62,High,0.6186,29,Month-to-month,Fiber optic,76.0
9112-WSNPU,62,High,0.617,35,Month-to-month,Fiber optic,70.55
3569-EDBPQ,62,High,0.6169,24,Month-to-month,Fiber optic,84.35
1101-SSWAG,62,High,0.6164,15,Month-to-month,DSL,51.1
9753-OYLBX,62,High,0.6164,1,Month-to-month,No,20.5
8800-JOOCF,62,High,0.6158,12,Month-to-month,Fiber optic,84.05
6286-SUUWT,62,High,0.6158,1,Month-to-month,No,19.95
2960-NKRSO,62,High,0.6158,24,Month-to-month,Fiber optic,85.95
7733-UDMTP,62,High,0.6151,57,Month-to-month,DSL,55.0
7853-OETYL,61,High,0.6146,4,Month-to-month,DSL,29.05
7698-YFGEZ,61,High,0.6144,1,Month-to-month,No,20.0
0570-BFQHT,61,High,0.6141,9,Month-to-month,Fiber optic,80.55
8749-CLJXC,61,High,0.6133,1,Month-to-month,No,20.05
3030-ZKIWL,61,High,0.6133,1,Month-to-month,No,20.05
7096-UCLNH,61,High,0.6133,1,Month-to-month,No,20.05
6994-KERXL,61,High,0.6129,4,Month-to-month,DSL,55.9
3452-ABWRL,61,High,0.6128,47,Month-to-month,Fiber optic,86.05
6815-ABQFQ,61,High,0.6124,56,One year,Fiber optic,107.25
2692-BUCFV,61,High,0.6118,29,Month-to-month,Fiber optic,101.45
0093-EXYQL,61,High,0.6117,40,Month-to-month,Fiber optic,91.55
9921-QFQUL,61,High,0.6116,23,Month-to-month,Fiber optic,90.15
9208-OLGAQ,61,High,0.611,18,Month-to-month,Fiber optic,84.95
0577-WHMEV,61,High,0.6103,16,Month-to-month,Fiber optic,90.7
0315-LVCRK,61,High,0.6101,11,Month-to-month,Fiber optic,84.8
2501-XWWTZ,61,High,0.6099,11,Month-to-month,Fiber optic,70.2
7529-ZDFXI,61,High,0.6098,57,Month-to-month,Fiber optic,89.85
0376-OIWME,61,High,0.6096,36,Month-to-month,Fiber optic,93.6
1261-FWTTE,61,High,0.609,23,Month-to-month,DSL,34.65
9168-INPSZ,61,High,0.6089,44,Month-to-month,Fiber optic,104.15
8584-KMVXD,61,High,0.6084,8,Month-to-month,Fiber optic,75.6
7126-RBHSD,61,High,0.6079,17,Month-to-month,Fiber optic,78.9
0585-EGDDA,61,High,0.6077,40,Month-to-month,Fiber optic,80.0
2081-KJSQF,61,High,0.6072,1,Month-to-month,No,20.25
9821-BESNZ,61,High,0.6072,66,One year,Fiber optic,104.25
5067-XJQFU,61,High,0.607,66,One year,Fiber optic,108.45
6180-YBIQI,61,High,0.607,5,Month-to-month,DSL,24.3
5973-EJGDP,61,High,0.6064,51,Month-to-month,Fiber optic,87.35
0365-GXEZS,61,High,0.6061,18,Month-to-month,Fiber optic,78.2
0829-XXPLX,61,High,0.6059,20,Month-to-month,Fiber optic,89.4
8189-XRIKE,61,High,0.6056,32,Month-to-month,Fiber optic,90.95
2603-HVKCG,61,High,0.6054,31,Month-to-month,Fiber optic,101.4
4634-JLRJT,60,High,0.6049,1,Month-to-month,No,20.35
7277-OZCGZ,60,High,0.6042,22,Month-to-month,Fiber optic,89.05
9398-MMQTO,60,High,0.604,3,Month-to-month,Fiber optic,74.45
5445-GLVOT,60,High,0.6038,22,Month-to-month,DSL,49.8
3737-XBQDD,60,High,0.6035,24,Month-to-month,Fiber optic,84.85
3785-NRHYR,60,High,0.6033,1,Month-to-month,No,19.65
5356-CSVSQ,60,High,0.6027,3,Month-to-month,DSL,64.6
6710-HSJRD,60,High,0.6025,61,Month-to-month,Fiber optic,114.1
6988-CJEYV,60,High,0.6024,49,Month-to-month,Fiber optic,98.7
7176-WIONM,60,High,0.602,12,Month-to-month,DSL,49.85
2625-TRCZQ,60,High,0.602,51,Month-to-month,DSL,49.65
4238-HFHSN,60,High,0.602,61,Month-to-month,Fiber optic,82.15
1996-DBMUS,60,High,0.6019,48,Month-to-month,Fiber optic,70.65
8805-JNRAZ,60,High,0.6019,2,Month-to-month,DSL,49.2
9432-VOFYX,60,High,0.6014,17,Month-to-month,Fiber optic,70.8
3055-MJDSB,60,High,0.6013,9,Month-to-month,DSL,24.6
2786-GCDPI,60,High,0.6011,50,Month-to-month,Fiber optic,104.95
3082-VQXNH,60,High,0.601,3,Month-to-month,DSL,29.8
1307-ATKGB,60,High,0.6008,24,Month-to-month,Fiber optic,89.55
0118-JPNOY,60,High,0.6007,26,Month-to-month,Fiber optic,85.8
1226-IENZN,60,High,0.6003,16,Month-to-month,Fiber optic,78.75
6402-EJMWF,60,Medium,0.5999,4,Month-to-month,DSL,55.3
2322-VCZHZ,60,Medium,0.5995,23,Month-to-month,Fiber optic,90.0
4526-ZJJTM,60,Medium,0.5995,25,Month-to-month,Fiber optic,88.4
7020-OZKXZ,60,Medium,0.5994,9,Month-to-month,Fiber optic,75.5
2122-YWVYA,60,Medium,0.5992,18,Month-to-month,Fiber optic,75.4
5440-VHLUL,60,Medium,0.5989,69,One year,Fiber optic,105.2
9281-PKKZE,60,Medium,0.5988,46,Month-to-month,DSL,43.95
4137-BTIKL,60,Medium,0.5987,2,Month-to-month,Fiber optic,90.75
5609-IMCGG,60,Medium,0.5979,15,Month-to-month,Fiber optic,84.35
7729-JTEEC,60,Medium,0.5976,2,Month-to-month,DSL,44.5
2903-YYTBW,60,Medium,0.5975,1,Month-to-month,DSL,44.55
3930-ZGWVE,60,Medium,0.597,1,Month-to-month,No,19.75
7312-XSBAT,60,Medium,0.5965,1,Month-to-month,DSL,49.75
2190-BCXEC,60,Medium,0.5954,40,Month-to-month,Fiber optic,78.85
1575-KRZZE,60,Medium,0.5954,4,Month-to-month,DSL,55.2
2227-JRSJX,60,Medium,0.5952,21,Month-to-month,Fiber optic,99.15
2921-XWDJH,59,Medium,0.5936,38,Month-to-month,Fiber optic,83.45
0730-KOAVE,59,Medium,0.5933,30,Month-to-month,Fiber optic,94.3
5312-UXESG,59,Medium,0.5933,41,Month-to-month,Fiber optic,98.05
3956-MGXOG,59,Medium,0.593,28,Month-to-month,Fiber optic,80.6
2507-QZPQS,59,Medium,0.5921,15,Month-to-month,Fiber optic,95.7
9667-TKTVZ,59,Medium,0.5916,2,Month-to-month,DSL,54.35
4983-CLMLV,59,Medium,0.5916,52,Month-to-month,Fiber optic,102.7
4998-IKFSE,59,Medium,0.5909,30,Month-to-month,Fiber optic,100.45
1100-DDVRV,59,Medium,0.5909,17,Month-to-month,DSL,49.8
8456-QDAVC,59,Medium,0.5908,19,Month-to-month,Fiber optic,78.7
7401-RUBNK,59,Medium,0.5908,18,Month-to-month,Fiber optic,74.8
5780-INQIK,59,Medium,0.5906,8,Month-to-month,DSL,49.4
5816-QVHRX,59,Medium,0.5905,37,Month-to-month,Fiber optic,100.3
5074-FBGHB,59,Medium,0.5904,64,One year,Fiber optic,104.65
2674-MLXMN,59,Medium,0.5902,71,Month-to-month,Fiber optic,99.65
6380-ARCEH,59,Medium,0.5901,1,Month-to-month,No,20.2
3247-MHJKM,59,Medium,0.5901,1,Month-to-month,No,20.2
8048-DSDFQ,59,Medium,0.5901,1,Month-to-month,No,20.2
6635-CPNUN,59,Medium,0.5895,28,Month-to-month,Fiber optic,96.6
8630-FJLIB,59,Medium,0.5875,18,Month-to-month,Fiber optic,69.8
5916-QEWPT,59,Medium,0.5875,2,Month-to-month,DSL,69.0
5118-MUEYH,59,Medium,0.5872,48,Month-to-month,Fiber optic,105.1
1816-FLZDK,59,Medium,0.5872,1,Month-to-month,DSL,29.15
7982-VCELR,59,Medium,0.5872,36,Month-to-month,Fiber optic,94.8
6729-GDNGC,59,Medium,0.5869,20,Month-to-month,Fiber optic,80.7
3688-FTHLT,59,Medium,0.5864,16,Month-to-month,DSL,63.05
5392-AKEMH,59,Medium,0.5863,12,Month-to-month,DSL,45.05
6693-FRIRW,59,Medium,0.5855,18,Month-to-month,Fiber optic,101.3
3976-NLDEZ,59,Medium,0.5854,1,Month-to-month,No,20.6
4329-YPDDQ,59,Medium,0.5851,20,Month-to-month,Fiber optic,108.2
4013-GUXND,59,Medium,0.5851,1,Month-to-month,No,20.8
9108-EJFJP,58,Medium,0.5848,1,Month-to-month,DSL,53.55
6234-PFPXL,58,Medium,0.5848,22,Month-to-month,Fiber optic,95.9
9629-NHXFW,58,Medium,0.5847,1,Month-to-month,No,19.4
1635-FJFCC,58,Medium,0.5847,5,Month-to-month,DSL,44.05
0975-VOOVL,58,Medium,0.5846,3,Month-to-month,DSL,29.2
3733-LSYCE,58,Medium,0.5842,15,Month-to-month,Fiber optic,75.35
3587-PMCOY,58,Medium,0.5836,10,One year,Fiber optic,98.9
4860-IJUDE,58,Medium,0.583,13,Month-to-month,Fiber optic,73.75
6818-DJXAA,58,Medium,0.583,10,Month-to-month,Fiber optic,91.1
9979-RGMZT,58,Medium,0.5829,7,One year,Fiber optic,94.05
7878-JGDKK,58,Medium,0.5827,4,Month-to-month,DSL,44.55
9777-WJJPR,58,Medium,0.5825,31,Month-to-month,Fiber optic,88.65
2347-WKKAE,58,Medium,0.5824,42,Month-to-month,Fiber optic,94.4
2739-CACDQ,58,Medium,0.5817,17,Month-to-month,Fiber optic,82.65
2105-PHWON,58,Medium,0.5817,33,Month-to-month,Fiber optic,95.0
5207-PLSTK,58,Medium,0.5816,1,Month-to-month,DSL,48.75
4948-WBBKL,58,Medium,0.5815,36,Month-to-month,Fiber optic,74.9
0114-PEGZZ,58,Medium,0.5815,33,Month-to-month,Fiber optic,107.55
0129-KPTWJ,58,Medium,0.5809,72,Month-to-month,Fiber optic,94.65
0641-EVBOJ,58,Medium,0.5808,3,Month-to-month,Fiber optic,82.3
0177-PXBAT,58,Medium,0.5806,33,Month-to-month,Fiber optic,109.9
9812-GHVRI,58,Medium,0.5801,40,Month-to-month,Fiber optic,83.85
5122-CYFXA,58,Medium,0.5798,3,Month-to-month,DSL,75.3
1173-NOEYG,58,Medium,0.5796,27,Month-to-month,Fiber optic,90.15
7901-HXJVA,58,Medium,0.5795,14,Month-to-month,Fiber optic,76.45
5649-RXQTV,58,Medium,0.5791,51,Month-to-month,Fiber optic,99.0
7271-AJDTL,58,Medium,0.5789,55,Month-to-month,Fiber optic,94.45
6847-KJLTS,58,Medium,0.5788,58,Month-to-month,Fiber optic,100.4
2573-GYRUU,58,Medium,0.5787,48,Month-to-month,Fiber optic,91.05
3094-JOJAI,58,Medium,0.5786,18,Month-to-month,Fiber optic,74.15
4257-GAESD,58,Medium,0.5783,6,Month-to-month,DSL,45.0
8563-OYMQY,58,Medium,0.5782,17,Month-to-month,Fiber optic,90.95
6243-OZGFH,58,Medium,0.5776,23,Month-to-month,DSL,44.95
0422-UXFAP,58,Medium,0.5773,51,One year,Fiber optic,98.85
3594-KADLU,58,Medium,0.5769,3,Month-to-month,DSL,35.1
6862-CQUMB,58,Medium,0.5767,37,Month-to-month,Fiber optic,96.1
7658-UYUQS,58,Medium,0.5766,21,Month-to-month,Fiber optic,86.55
6351-SCJKT,58,Medium,0.5766,3,Month-to-month,DSL,41.35
6704-UTUKK,58,Medium,0.5763,29,Month-to-month,DSL,45.9
2916-BQZLN,58,Medium,0.5763,19,Month-to-month,Fiber optic,84.75
1769-GRUIK,58,Medium,0.5761,18,Month-to-month,Fiber optic,71.1
8160-HOWOX,58,Medium,0.5752,7,Month-to-month,DSL,66.85
1928-BXYIV,57,Medium,0.5749,1,Month-to-month,DSL,61.15
9500-LTVBP,57,Medium,0.5747,35,Month-to-month,Fiber optic,80.05
7601-WFVZV,57,Medium,0.5746,1,Month-to-month,No,19.55
7621-VPNET,57,Medium,0.5746,42,Month-to-month,Fiber optic,85.9
2208-UGTGR,57,Medium,0.5744,56,Month-to-month,Fiber optic,98.6
9732-EQMWY,57,Medium,0.5743,49,Month-to-month,Fiber optic,99.4
8645-KWHJO,57,Medium,0.5734,14,Month-to-month,DSL,55.0
0929-HYQEW,57,Medium,0.5734,3,Month-to-month,DSL,50.15
8450-UYIBU,57,Medium,0.5731,35,Month-to-month,DSL,39.85
9356-AXGMP,57,Medium,0.5731,38,One year,Fiber optic,110.7
2038-LLMLM,57,Medium,0.573,48,Month-to-month,Fiber optic,103.85
2085-BOJKI,57,Medium,0.5728,17,One year,Fiber optic,96.65
6135-OZQVA,57,Medium,0.5724,7,Month-to-month,DSL,53.65
6656-JWRQX,57,Medium,0.5722,1,Month-to-month,DSL,30.55
0419-YAAPX,57,Medium,0.5721,49,Month-to-month,Fiber optic,85.3
2988-PLAHS,57,Medium,0.5721,3,One year,DSL,69.95
7850-VWJUU,57,Medium,0.5716,23,Month-to-month,Fiber optic,75.0
6233-HXJMX,57,Medium,0.5715,45,Month-to-month,Fiber optic,89.3
2782-LFZVW,57,Medium,0.5715,11,Month-to-month,DSL,58.95
7145-FEJWU,57,Medium,0.5713,12,Month-to-month,Fiber optic,105.3
5302-BDJNT,57,Medium,0.5713,35,Month-to-month,Fiber optic,95.5
1320-REHCS,57,Medium,0.5705,52,Month-to-month,Fiber optic,110.75
0869-PAPRP,57,Medium,0.5704,26,Month-to-month,Fiber optic,85.7
5895-QSXOD,57,Medium,0.5702,9,Month-to-month,Fiber optic,70.05
8033-VCZGH,57,Medium,0.5701,50,One year,Fiber optic,103.95
2770-NSVDG,57,Medium,0.5699,24,Month-to-month,DSL,29.1
3665-JATSN,57,Medium,0.5698,19,Month-to-month,DSL,39.7
3162-KKZXO,57,Medium,0.5696,55,One year,Fiber optic,100.15
2761-XECQW,57,Medium,0.5691,8,Month-to-month,DSL,43.35
7129-ACFOG,57,Medium,0.569,5,Month-to-month,DSL,53.8
8974-OVACP,57,Medium,0.5688,1,Month-to-month,No,20.15
4931-TRZWN,57,Medium,0.568,13,Month-to-month,DSL,71.95
9626-WEQRM,57,Medium,0.5674,4,Month-to-month,DSL,29.15
5351-QESIO,57,Medium,0.5665,1,Month-to-month,DSL,24.2
6778-YSNIH,57,Medium,0.5652,2,Month-to-month,DSL,59.0
1935-IMVBB,57,Medium,0.5651,56,Month-to-month,Fiber optic,89.7
4840-ORQXB,56,Medium,0.565,56,Month-to-month,Fiber optic,104.75
0374-AACSZ,56,Medium,0.5649,1,Month-to-month,DSL,50.15
3351-NGXYI,56,Medium,0.5648,16,Month-to-month,DSL,54.1
2040-VZIKE,56,Medium,0.5647,49,Month-to-month,Fiber optic,100.85
9962-BFPDU,56,Medium,0.5644,1,Month-to-month,No,20.05
6339-DKLMK,56,Medium,0.5636,13,Month-to-month,DSL,31.65
2111-DWYHN,56,Medium,0.5634,1,Month-to-month,No,21.1
6654-QGBZZ,56,Medium,0.5632,1,Month-to-month,No,19.9
7878-RTCZG,56,Medium,0.5632,1,Month-to-month,No,19.9
4282-ACRXS,56,Medium,0.5625,38,Month-to-month,DSL,24.85
8404-FYDIB,56,Medium,0.5617,26,Month-to-month,Fiber optic,86.65
1310-QRITU,56,Medium,0.5602,18,Month-to-month,DSL,50.3
9584-EXCDZ,56,Medium,0.5599,17,Month-to-month,Fiber optic,70.5
1391-UBDAR,56,Medium,0.5597,11,Month-to-month,Fiber optic,72.9
4220-TINQT,56,Medium,0.5597,61,Month-to-month,Fiber optic,106.35
8262-COGGB,56,Medium,0.5592,1,Month-to-month,No,20.45
5996-DAOQL,56,Medium,0.5592,1,Month-to-month,No,20.45
0212-ISBBF,56,Medium,0.5585,22,Month-to-month,DSL,50.35
9522-BNTHX,56,Medium,0.5584,34,Month-to-month,DSL,56.25
9281-OFDMF,56,Medium,0.5579,39,Month-to-month,Fiber optic,90.7
7421-ZLUPA,56,Medium,0.5577,8,Month-to-month,DSL,29.25
6416-YJTTB,56,Medium,0.5574,11,Month-to-month,Fiber optic,79.5
7246-ZGQDF,56,Medium,0.5573,1,Month-to-month,DSL,54.5
9272-LSVYH,56,Medium,0.5568,10,Month-to-month,Fiber optic,70.15
9003-CPATH,56,Medium,0.5567,42,Month-to-month,Fiber optic,79.9
9278-VZKCD,56,Medium,0.5567,52,Month-to-month,Fiber optic,109.1
9699-UBQFS,56,Medium,0.5562,43,Month-to-month,Fiber optic,94.5
1423-BMPBQ,56,Medium,0.556,1,Month-to-month,No,19.0
2823-LKABH,56,Medium,0.5557,18,Month-to-month,Fiber optic,95.05
2480-SQIOB,56,Medium,0.5556,4,Month-to-month,DSL,44.8
3234-VKACU,56,Medium,0.5552,2,Month-to-month,DSL,70.3
3987-KQDDU,55,Medium,0.5548,9,Month-to-month,Fiber optic,75.6
2386-OWURY,55,Medium,0.5542,58,Month-to-month,Fiber optic,95.3
3956-CJUST,55,Medium,0.5541,23,Month-to-month,Fiber optic,75.4
4760-THGOT,55,Medium,0.5538,43,Month-to-month,Fiber optic,94.1
8272-ONJLV,55,Medium,0.5534,12,One year,Fiber optic,95.7
9822-WMWVG,55,Medium,0.5533,41,Month-to-month,Fiber optic,106.5
1580-BMCMR,55,Medium,0.5529,19,Month-to-month,Fiber optic,87.3
7895-VONWT,55,Medium,0.5528,25,Month-to-month,DSL,48.25
7011-CVEUC,55,Medium,0.5527,25,Month-to-month,Fiber optic,95.7
5999-LCXAO,55,Medium,0.5525,1,Month-to-month,DSL,29.9
6844-DZKRF,55,Medium,0.5524,2,Month-to-month,DSL,50.2
2178-PMGCJ,55,Medium,0.5524,22,Month-to-month,Fiber optic,69.7
2041-JIJCI,55,Medium,0.5517,5,Month-to-month,DSL,64.0
4718-DHSMV,55,Medium,0.5516,11,Month-to-month,DSL,35.8
8393-JMVMB,55,Medium,0.5514,1,Month-to-month,No,19.45
0221-WMXNQ,55,Medium,0.5512,4,Month-to-month,Fiber optic,75.35
7721-DVEKZ,55,Medium,0.5511,1,Month-to-month,No,19.65
0970-QXPXW,55,Medium,0.5511,1,Month-to-month,No,19.65
3258-SANFR,55,Medium,0.5509,6,Month-to-month,DSL,44.7
3969-GYXEL,55,Medium,0.5509,11,Month-to-month,Fiber optic,76.4
3761-FLYZI,55,Medium,0.5508,65,Month-to-month,Fiber optic,108.8
5533-NHFRF,55,Medium,0.5506,7,Month-to-month,DSL,44.4
7048-GXDAY,55,Medium,0.5501,39,Month-to-month,Fiber optic,106.4
6360-SVNWV,55,Medium,0.55,31,Month-to-month,Fiber optic,73.55
9708-HPXWZ,55,Medium,0.5497,5,Month-to-month,DSL,45.4
1228-ZLNBX,55,Medium,0.5497,21,Month-to-month,Fiber optic,75.3
7410-OIEDU,55,Medium,0.5495,10,Month-to-month,Fiber optic,79.85
1135-LMECX,55,Medium,0.5495,1,Month-to-month,No,19.85
1025-FALIX,55,Medium,0.5491,26,Month-to-month,Fiber optic,69.05
4465-VDKIQ,55,Medium,0.5491,18,Month-to-month,Fiber optic,77.8
1730-ZMAME,55,Medium,0.5491,32,Month-to-month,Fiber optic,79.5
5950-AAAGJ,55,Medium,0.549,18,Month-to-month,Fiber optic,84.3
3797-FKOGQ,55,Medium,0.5488,11,Month-to-month,Fiber optic,86.2
6168-YBYNP,55,Medium,0.5488,59,Month-to-month,Fiber optic,111.35
5419-JKZNQ,55,Medium,0.5485,30,Month-to-month,Fiber optic,77.9
1357-BIJKI,55,Medium,0.5483,50,One year,Fiber optic,98.25
3323-CPBWR,55,Medium,0.5482,23,Month-to-month,Fiber optic,96.9
7567-ECMCM,55,Medium,0.548,24,Month-to-month,Fiber optic,79.85
3589-PPVKW,55,Medium,0.5478,9,Month-to-month,DSL,44.4
6968-GMKPR,55,Medium,0.5475,55,Month-to-month,Fiber optic,81.55
0668-OGMHD,55,Medium,0.5474,21,Month-to-month,DSL,28.5
4680-KUTAJ,55,Medium,0.5474,11,Month-to-month,DSL,55.6
6075-SLNIL,55,Medium,0.5472,38,Month-to-month,Fiber optic,95.1
2538-OIMXF,55,Medium,0.547,1,Month-to-month,DSL,24.7
2607-FBDFF,55,Medium,0.5462,1,Month-to-month,DSL,49.0
1456-TWCGB,55,Medium,0.5461,4,Month-to-month,DSL,49.25
1406-PUQVY,55,Medium,0.5457,1,Month-to-month,DSL,49.9
3349-ANQNH,55,Medium,0.5455,59,One year,Fiber optic,99.5
6908-VVYHM,54,Medium,0.5443,65,Month-to-month,Fiber optic,90.65
6522-YRBXD,54,Medium,0.5437,35,Month-to-month,Fiber optic,94.55
7346-MEDWM,54,Medium,0.5431,59,Month-to-month,Fiber optic,83.25
9029-FEGVJ,54,Medium,0.5429,32,Month-to-month,Fiber optic,79.3
8910-LEDAG,54,Medium,0.5421,34,Month-to-month,Fiber optic,71.55
4191-XOVOM,54,Medium,0.542,63,Month-to-month,Fiber optic,105.4
5712-AHQNN,54,Medium,0.5419,43,Month-to-month,Fiber optic,91.65
7975-TZMLR,54,Medium,0.5416,47,One year,Fiber optic,103.1
6124-ACRHJ,54,Medium,0.5415,1,Month-to-month,No,19.75
2495-KZNFB,54,Medium,0.541,33,Month-to-month,Fiber optic,90.65
6464-KEXXH,54,Medium,0.541,8,Month-to-month,DSL,25.25
2070-XYMFH,54,Medium,0.5409,23,Month-to-month,Fiber optic,79.35
6692-YQHXC,54,Medium,0.5407,16,Month-to-month,Fiber optic,69.95
1399-UBQIU,54,Medium,0.5405,11,Month-to-month,DSL,69.35
9537-VHDTA,54,Medium,0.5402,1,Month-to-month,DSL,51.2
7798-JVXYM,54,Medium,0.5401,14,Month-to-month,DSL,69.65
2587-EKXTS,54,Medium,0.54,44,Month-to-month,Fiber optic,111.5
1818-ESQMW,54,Medium,0.5396,27,Month-to-month,Fiber optic,89.2
9643-AVVWI,54,Medium,0.5396,3,Month-to-month,Fiber optic,80.0
6143-JQKEA,54,Medium,0.5393,10,Month-to-month,DSL,45.8
1905-OEILC,54,Medium,0.5391,1,Month-to-month,No,19.5
7396-VJUZB,54,Medium,0.5391,4,Month-to-month,DSL,45.25
5600-PDUJF,54,Medium,0.5386,6,Month-to-month,DSL,49.5
2920-RNCEZ,54,Medium,0.5381,1,Month-to-month,Fiber optic,69.95
7318-EIVKO,54,Medium,0.5381,8,Month-to-month,DSL,59.25
2874-YXVVA,54,Medium,0.5379,34,Month-to-month,Fiber optic,105.1
6591-QGOYB,54,Medium,0.5379,17,Month-to-month,Fiber optic,106.65
8203-XJZRC,54,Medium,0.5378,1,Month-to-month,No,20.25
9469-WEJBT,54,Medium,0.5368,37,Month-to-month,Fiber optic,90.35
2866-IKBTM,54,Medium,0.5366,1,Month-to-month,No,19.55
8605-ITULD,54,Medium,0.5366,1,Month-to-month,No,19.55
8782-LKFPK,54,Medium,0.5362,44,Month-to-month,Fiber optic,90.4
7129-CAKJW,54,Medium,0.536,17,Month-to-month,Fiber optic,80.05
2049-BAFNW,54,Medium,0.536,1,Month-to-month,DSL,35.9
7047-FWEYA,54,Medium,0.5353,46,One year,Fiber optic,103.15
5543-QDCRY,53,Medium,0.5347,4,Month-to-month,DSL,56.4
6745-JEFZB,53,Medium,0.5347,35,Month-to-month,Fiber optic,91.5
8242-JSVBO,53,Medium,0.5345,7,Month-to-month,DSL,44.65
1552-AAGRX,53,Medium,0.5344,30,Month-to-month,Fiber optic,106.4
2207-QPJED,53,Medium,0.5344,37,Month-to-month,Fiber optic,90.0
1453-RZFON,53,Medium,0.5343,1,Month-to-month,DSL,49.9
7030-NJVDP,53,Medium,0.5336,24,Month-to-month,Fiber optic,89.25
6538-POCHL,53,Medium,0.5333,33,Month-to-month,Fiber optic,79.0
1215-FIGMP,53,Medium,0.5328,60,Month-to-month,Fiber optic,89.9
7929-DMBCV,53,Medium,0.5326,20,Month-to-month,Fiber optic,81.0
0508-OOLTO,53,Medium,0.5321,2,Month-to-month,Fiber optic,71.65
7291-CDTMJ,53,Medium,0.5318,1,Month-to-month,No,19.65
1169-SAOCL,53,Medium,0.5315,49,One year,Fiber optic,106.65
7617-EYGLW,53,Medium,0.5312,1,Month-to-month,No,19.45
5035-PGZXH,53,Medium,0.5309,56,One year,Fiber optic,106.8
7134-MJPDY,53,Medium,0.5307,66,One year,Fiber optic,102.85
1550-EENBN,53,Medium,0.5306,31,Month-to-month,Fiber optic,104.35
8543-MSDMF,53,Medium,0.5305,3,Month-to-month,DSL,77.4
4612-SSVHJ,53,Medium,0.5305,20,Month-to-month,Fiber optic,81.45
5802-ADBRC,53,Medium,0.5304,50,One year,Fiber optic,104.4
3446-QDSZF,53,Medium,0.5295,4,Month-to-month,DSL,55.5
1156-ZFYDO,53,Medium,0.5295,1,Month-to-month,No,19.75
5136-GFPMB,53,Medium,0.5294,54,Month-to-month,Fiber optic,89.4
3130-ICDUP,53,Medium,0.5288,2,Month-to-month,Fiber optic,80.55
2592-YKDIF,53,Medium,0.528,1,Month-to-month,No,20.35
4683-WYDOU,53,Medium,0.528,62,Two year,Fiber optic,107.6
3503-TYDAY,53,Medium,0.5274,43,Month-to-month,Fiber optic,80.45
1169-WCVAK,53,Medium,0.5273,19,Month-to-month,Fiber optic,88.8
2676-ISHSF,53,Medium,0.5269,1,Month-to-month,No,20.3
9122-UMROB,53,Medium,0.5269,1,Month-to-month,No,20.3
2181-UAESM,53,Medium,0.5269,2,Month-to-month,DSL,53.45
0666-UXTJO,53,Medium,0.5266,34,Month-to-month,Fiber optic,85.2
4176-FXYBO,53,Medium,0.5266,54,Month-to-month,Fiber optic,109.55
8167-GJLRN,53,Medium,0.5265,3,Month-to-month,DSL,30.4
5839-SUYVZ,53,Medium,0.5263,16,Month-to-month,Fiber optic,74.55
2971-SGAFL,53,Medium,0.5257,13,Month-to-month,DSL,78.75
5213-TWWJU,53,Medium,0.5254,28,Month-to-month,Fiber optic,91.0
7147-AYBAA,53,Medium,0.5253,37,Month-to-month,Fiber optic,70.35
7268-IGMFD,52,Medium,0.525,18,Month-to-month,Fiber optic,93.9
2750-BJLSB,52,Medium,0.5249,47,One year,Fiber optic,103.7
0058-EVZWM,52,Medium,0.5246,55,Month-to-month,Fiber optic,89.8
3853-LYGAM,52,Medium,0.524,17,Month-to-month,Fiber optic,95.65
4989-LIXVT,52,Medium,0.5238,68,Month-to-month,Fiber optic,95.9
8982-NHAVY,52,Medium,0.5234,27,One year,Fiber optic,100.5
3727-JEZTU,52,Medium,0.5234,1,Month-to-month,No,20.4
6874-SGLHU,52,Medium,0.5234,30,One year,Fiber optic,97.0
5600-KTXFM,52,Medium,0.5231,2,Month-to-month,Fiber optic,69.95
1379-FRVEB,52,Medium,0.523,15,Month-to-month,Fiber optic,91.0
4993-JCRGJ,52,Medium,0.5229,26,Month-to-month,Fiber optic,84.3
0468-YRPXN,52,Medium,0.5229,29,Month-to-month,Fiber optic,98.8
5002-GCQFH,52,Medium,0.5226,49,Month-to-month,Fiber optic,93.85
4488-KQFDT,52,Medium,0.5224,61,One year,Fiber optic,103.95
8751-EDEKA,52,Medium,0.5222,28,Month-to-month,Fiber optic,89.9
5886-VLQVU,52,Medium,0.5219,35,Month-to-month,Fiber optic,89.85
2027-WKXMW,52,Medium,0.5215,63,Month-to-month,Fiber optic,108.75
9919-YLNNG,52,Medium,0.5214,42,Month-to-month,Fiber optic,103.8
1047-NNCBF,52,Medium,0.5213,20,Month-to-month,Fiber optic,70.55
2018-QKYGT,52,Medium,0.5209,1,Month-to-month,Fiber optic,81.05
9327-QSDED,52,Medium,0.5209,8,Month-to-month,DSL,43.55
8887-IPQNC,52,Medium,0.5207,7,Month-to-month,DSL,44.25
3590-TCXTB,52,Medium,0.5207,1,Month-to-month,No,20.35
6133-OZILE,52,Medium,0.5206,18,Month-to-month,DSL,35.2
9793-WECQC,52,Medium,0.5205,23,Month-to-month,Fiber optic,95.3
2360-RDGRO,52,Medium,0.5205,65,Month-to-month,Fiber optic,104.25
9026-LHEVG,52,Medium,0.5197,9,Month-to-month,DSL,40.75
6652-YFFJO,52,Medium,0.5196,11,Month-to-month,DSL,64.9
4724-WXVWF,52,Medium,0.5193,48,Month-to-month,Fiber optic,95.4
7880-XSOJX,52,Medium,0.5188,4,Month-to-month,DSL,42.4
2668-TZSPS,52,Medium,0.5185,1,Month-to-month,No,20.45
9688-YGXVR,52,Medium,0.5185,44,Month-to-month,Fiber optic,88.15
0673-IGUQO,52,Medium,0.5185,1,Month-to-month,No,20.45
0455-XFASS,52,Medium,0.5181,3,Month-to-month,Fiber optic,69.55
4452-QIIEB,52,Medium,0.5178,7,Month-to-month,DSL,43.9
4811-JBUVU,52,Medium,0.5177,30,Month-to-month,Fiber optic,89.9
1194-SPVSP,52,Medium,0.5177,1,Month-to-month,No,19.65
8149-AIQCG,52,Medium,0.5174,39,Month-to-month,Fiber optic,73.15
3537-HPKQT,52,Medium,0.5172,55,Month-to-month,Fiber optic,77.75
2586-CWXVV,52,Medium,0.5168,54,Month-to-month,DSL,30.4
8375-KVTHK,52,Medium,0.5167,68,One year,Fiber optic,100.3
2669-QVCRG,52,Medium,0.5162,41,Month-to-month,Fiber optic,81.3
4781-ZXYGU,52,Medium,0.5161,1,Month-to-month,No,20.15
4826-TZEVA,52,Medium,0.5158,40,Month-to-month,Fiber optic,74.8
3055-OYMSE,52,Medium,0.5158,53,Month-to-month,Fiber optic,73.8
1304-BCCFO,52,Medium,0.5156,9,Month-to-month,DSL,70.05
2014-MKGMH,52,Medium,0.5156,46,One year,Fiber optic,101.1
3679-XASPY,52,Medium,0.5153,1,Month-to-month,No,19.45
2139-FQHLM,52,Medium,0.515,19,Month-to-month,Fiber optic,89.95
2279-AXJJK,51,Medium,0.5143,52,Month-to-month,Fiber optic,95.65
8981-FJGLA,51,Medium,0.5141,11,Month-to-month,Fiber optic,78.0
8468-EHYJA,51,Medium,0.5139,57,Month-to-month,Fiber optic,99.65
3717-OFRTN,51,Medium,0.5139,1,Month-to-month,No,19.75
6458-CYIDZ,51,Medium,0.5136,5,Month-to-month,Fiber optic,80.7
3717-LNXKW,51,Medium,0.5136,38,Month-to-month,Fiber optic,91.7
6579-JPICP,51,Medium,0.5134,1,Month-to-month,No,20.4
2273-QCKXA,51,Medium,0.5133,1,Month-to-month,DSL,49.05
2067-QYTCF,51,Medium,0.5132,64,Month-to-month,Fiber optic,111.15
8695-WDYEA,51,Medium,0.5129,1,Month-to-month,DSL,51.25
7130-YXBRO,51,Medium,0.5128,48,Month-to-month,Fiber optic,111.45
8676-OOQEJ,51,Medium,0.5128,4,Month-to-month,DSL,30.5
0247-SLUJI,51,Medium,0.5128,1,Month-to-month,No,19.7
1360-JYXKQ,51,Medium,0.5127,54,One year,Fiber optic,99.1
2669-OIDSD,51,Medium,0.512,48,Month-to-month,Fiber optic,100.05
5778-BVOFB,51,Medium,0.5113,9,Month-to-month,DSL,59.5
3855-ONCAR,51,Medium,0.5111,4,Month-to-month,Fiber optic,78.9
0541-FITGH,51,Medium,0.5109,2,Month-to-month,DSL,62.15
6741-EGCBI,51,Medium,0.5106,30,Month-to-month,Fiber optic,90.5
7876-BEUTG,51,Medium,0.5103,15,Month-to-month,DSL,48.8
8120-JDCAM,51,Medium,0.5102,4,Month-to-month,Fiber optic,69.55
2293-IJWPS,51,Medium,0.5101,57,One year,Fiber optic,100.75
9776-OJUZI,51,Medium,0.5097,65,Month-to-month,Fiber optic,95.45
5055-MGMGF,51,Medium,0.5092,65,Month-to-month,Fiber optic,105.05
4188-FRABG,51,Medium,0.509,57,Month-to-month,Fiber optic,103.05
3014-WJKSM,51,Medium,0.509,29,Month-to-month,Fiber optic,75.3
0771-WLCLA,51,Medium,0.509,16,Month-to-month,Fiber optic,112.95
6259-WJQLC,51,Medium,0.5089,32,Month-to-month,Fiber optic,81.1
3807-XHCJH,51,Medium,0.5084,1,Month-to-month,No,20.0
2000-MPKCA,51,Medium,0.5081,58,One year,Fiber optic,107.75
3577-AMVUX,51,Medium,0.5079,1,Month-to-month,DSL,55.05
5404-GGUKR,51,Medium,0.5079,5,Month-to-month,DSL,51.35
5628-RKIFK,51,Medium,0.5076,49,Month-to-month,Fiber optic,101.55
5146-CBVOE,51,Medium,0.5076,16,Month-to-month,Fiber optic,75.1
6022-KOUQO,51,Medium,0.5075,2,Month-to-month,DSL,29.05
3528-HFRIQ,51,Medium,0.5074,71,Month-to-month,DSL,52.3
4291-HPAXL,51,Medium,0.5066,1,Month-to-month,No,19.85
9701-CDXHR,51,Medium,0.5063,51,Month-to-month,Fiber optic,69.15
5515-RUGKN,51,Medium,0.5062,8,Month-to-month,DSL,54.75
1728-CXQBE,51,Medium,0.5061,64,Month-to-month,Fiber optic,94.25
1098-TDVUQ,51,Medium,0.5057,1,Month-to-month,No,19.25
5027-YOCXN,51,Medium,0.5056,51,One year,Fiber optic,110.05
7310-EGVHZ,51,Medium,0.5055,1,Month-to-month,No,20.2
9355-NPPFS,51,Medium,0.5054,26,Month-to-month,Fiber optic,78.8
1849-RJYIG,51,Medium,0.5054,8,Month-to-month,DSL,60.0
9323-HGFWY,51,Medium,0.5051,27,One year,Fiber optic,101.9
7077-XJMET,50,Medium,0.505,12,Month-to-month,DSL,74.15
9767-FFLEM,50,Medium,0.5049,38,Month-to-month,Fiber optic,69.5
8212-DJRCH,50,Medium,0.5047,5,Month-to-month,Fiber optic,90.35
2480-EJWYP,50,Medium,0.5047,58,One year,Fiber optic,97.8
2692-PFYTJ,50,Medium,0.5043,1,Month-to-month,No,25.75
2519-LBNQL,50,Medium,0.5042,60,One year,Fiber optic,104.35
5575-TPIZQ,50,Medium,0.5039,46,Month-to-month,Fiber optic,89.15
7813-ZGGAW,50,Medium,0.5038,31,Month-to-month,Fiber optic,96.6
2842-BCQGE,50,Medium,0.5031,43,Month-to-month,Fiber optic,75.35
2654-VBVPB,50,Medium,0.5031,1,Month-to-month,No,19.9
4343-EJVQB,50,Medium,0.5029,7,Month-to-month,Fiber optic,74.35
7814-LEEVE,50,Medium,0.5029,1,Month-to-month,No,20.3
6137-NICCO,50,Medium,0.5024,6,Month-to-month,Fiber optic,94.05
5732-IKGQH,50,Medium,0.5022,52,One year,Fiber optic,104.45
3692-JHONH,50,Medium,0.5018,52,One year,Fiber optic,106.5
8620-RJPZN,50,Medium,0.5018,1,Month-to-month,No,20.7
7853-WNZSY,50,Medium,0.5015,1,Month-to-month,No,19.75
3584-WKTTW,50,Medium,0.5014,51,One year,Fiber optic,111.55
2373-NTKOD,50,Medium,0.5013,8,Month-to-month,DSL,66.25
2378-HTWFW,50,Medium,0.5013,35,Month-to-month,Fiber optic,91.0
0708-LGSMF,50,Medium,0.5011,13,Month-to-month,DSL,65.85
4320-QMLLA,50,Medium,0.4994,7,Month-to-month,DSL,54.85
0929-PECLO,50,Medium,0.4989,63,Month-to-month,Fiber optic,89.6
5371-VYLSX,50,Medium,0.4988,50,Month-to-month,Fiber optic,83.4
1427-VERSM,50,Medium,0.4985,56,Month-to-month,Fiber optic,98.7
1436-ZMJAN,50,Medium,0.4982,10,Month-to-month,DSL,67.8
1329-VHWNP,50,Medium,0.4979,7,Month-to-month,DSL,25.05
4462-CYWMH,50,Medium,0.4978,62,Month-to-month,Fiber optic,89.8
9374-YOLBJ,50,Medium,0.4972,1,Month-to-month,No,19.25
3058-WQDRE,50,Medium,0.4971,13,Month-to-month,DSL,25.15
4636-JGAAI,50,Medium,0.4971,34,Month-to-month,Fiber optic,88.85
8992-CEUEN,50,Medium,0.497,1,Month-to-month,No,18.85
8807-ARQET,50,Medium,0.4968,41,Month-to-month,DSL,40.35
5201-USSQZ,50,Medium,0.4967,26,Month-to-month,Fiber optic,85.9
0927-CNGRH,50,Medium,0.4965,1,Month-to-month,No,19.55
1091-SOZGA,50,Medium,0.4962,56,One year,Fiber optic,99.8
1170-SASML,50,Medium,0.4955,69,Month-to-month,Fiber optic,85.4
1559-DTODC,50,Medium,0.4953,19,Month-to-month,DSL,25.15
5671-UUNXD,49,Medium,0.4949,50,One year,Fiber optic,100.65
1307-TVUFB,49,Medium,0.4949,42,Month-to-month,Fiber optic,79.35
8158-WPEZG,49,Medium,0.4948,11,Month-to-month,DSL,35.65
2486-WYVVE,49,Medium,0.4948,31,One year,DSL,79.3
0297-RBCSG,49,Medium,0.4947,19,One year,DSL,65.35
0423-UDIJQ,49,Medium,0.4947,9,Month-to-month,DSL,49.2
9975-SKRNR,49,Medium,0.4947,1,Month-to-month,No,18.9
6288-LBEAR,49,Medium,0.4942,23,Month-to-month,Fiber optic,79.1
1015-OWJKI,49,Medium,0.4942,1,Month-to-month,No,19.05
3604-WLABM,49,Medium,0.4941,10,Month-to-month,DSL,54.25
4950-BDEUX,49,Medium,0.4939,35,Month-to-month,DSL,49.2
2043-WVTQJ,49,Medium,0.4939,1,Month-to-month,DSL,55.7
3808-HFKDE,49,Medium,0.4938,20,Month-to-month,DSL,44.35
9659-QEQSY,49,Medium,0.4934,45,Month-to-month,Fiber optic,115.65
9441-QHEVC,49,Medium,0.4928,1,Month-to-month,No,19.1
1791-PQHBB,49,Medium,0.4926,2,Month-to-month,DSL,61.2
0924-BJCRC,49,Medium,0.4924,60,Month-to-month,Fiber optic,89.45
8979-CAMGB,49,Medium,0.4918,64,One year,Fiber optic,102.1
1663-MHLHE,49,Medium,0.4918,1,Month-to-month,No,19.2
3509-GWQGF,49,Medium,0.4917,24,Month-to-month,Fiber optic,70.0
8096-LOIST,49,Medium,0.4915,19,Month-to-month,DSL,56.2
1215-VFYVK,49,Medium,0.4906,4,Month-to-month,DSL,48.25
8896-BQTTI,49,Medium,0.4905,1,Month-to-month,No,25.0
8152-UOBNY,49,Medium,0.4903,50,One year,Fiber optic,106.8
8725-JEDFD,49,Medium,0.4896,27,Month-to-month,Fiber optic,69.05
4232-JGKIY,49,Medium,0.489,1,Month-to-month,No,19.2
0621-HJWXJ,49,Medium,0.4885,63,Month-to-month,Fiber optic,81.55
4619-EVPHY,49,Medium,0.4883,20,One year,Fiber optic,91.0
7055-HNEOJ,49,Medium,0.4879,3,Month-to-month,DSL,55.8
7594-LZNWR,49,Medium,0.4874,34,Month-to-month,Fiber optic,69.15
6728-WYQBC,49,Medium,0.4872,1,Month-to-month,No,20.95
8920-NAVAY,49,Medium,0.4869,62,One year,Fiber optic,110.75
2720-FVBQP,49,Medium,0.4866,6,Month-to-month,DSL,48.95
6985-HAYWX,49,Medium,0.4865,26,Month-to-month,Fiber optic,79.3
1428-IEDPR,49,Medium,0.4864,52,Two year,Fiber optic,109.3
2455-USLMV,49,Medium,0.4862,31,Month-to-month,Fiber optic,84.75
7554-AKDQF,49,Medium,0.4861,6,Month-to-month,DSL,45.65
3016-KSVCP,49,Medium,0.4857,29,Month-to-month,DSL,33.75
9103-CXVOK,48,Medium,0.4846,1,Month-to-month,No,19.75
7326-RIGQZ,48,Medium,0.4844,6,Month-to-month,Fiber optic,69.8
1216-BGTSP,48,Medium,0.4844,45,Month-to-month,Fiber optic,108.45
3069-SSVSN,48,Medium,0.4842,1,One year,DSL,25.85
0326-VDYXE,48,Medium,0.484,70,One year,Fiber optic,97.65
2812-SFXMJ,48,Medium,0.4839,1,Month-to-month,No,20.05
2623-DRYAM,48,Medium,0.4838,70,One year,Fiber optic,101.75
5285-MVEHD,48,Medium,0.4835,56,One year,Fiber optic,105.6
1049-FYSYG,48,Medium,0.4834,17,Month-to-month,DSL,35.65
4482-FTFFX,48,Medium,0.4833,5,Month-to-month,DSL,56.15
5370-IIVVL,48,Medium,0.483,37,One year,Fiber optic,104.5
7245-JMTTQ,48,Medium,0.4824,51,One year,Fiber optic,111.5
9681-KYGYB,48,Medium,0.4823,49,Month-to-month,Fiber optic,88.2
3137-LUPIX,48,Medium,0.482,4,Month-to-month,DSL,64.4
0060-FUALY,48,Medium,0.482,59,Month-to-month,Fiber optic,94.75
8679-LZBMD,48,Medium,0.4817,44,One year,Fiber optic,90.65
4256-ZWTZI,48,Medium,0.4815,5,Month-to-month,DSL,51.0
0080-OROZO,48,Medium,0.4815,35,One year,Fiber optic,99.25
7251-XFOIL,48,Medium,0.4813,61,Month-to-month,Fiber optic,89.2
5076-YVXCM,48,Medium,0.4811,51,Month-to-month,Fiber optic,83.4
2826-DXLQO,48,Medium,0.4809,7,Month-to-month,DSL,29.8
8069-YQQAJ,48,Medium,0.4807,14,Month-to-month,DSL,31.1
5046-NUHWD,48,Medium,0.4806,29,Month-to-month,DSL,45.0
2924-KHUVI,48,Medium,0.4804,56,One year,Fiber optic,100.55
0237-YFUTL,48,Medium,0.4798,50,Month-to-month,Fiber optic,109.65
6896-SRVYQ,48,Medium,0.4798,44,Month-to-month,Fiber optic,73.85
6646-JPPHA,48,Medium,0.4793,14,Month-to-month,Fiber optic,78.85
7064-FRRSW,48,Medium,0.4788,48,One year,Fiber optic,99.0
6486-LHTMA,48,Medium,0.4783,31,One year,Fiber optic,90.7
7636-OWBPG,48,Medium,0.478,12,Month-to-month,DSL,29.35
1866-OBPNR,48,Medium,0.4779,1,Month-to-month,Fiber optic,74.6
3620-MWJNE,48,Medium,0.4778,2,Month-to-month,DSL,54.45
0898-XCGTF,48,Medium,0.4777,61,One year,Fiber optic,96.5
9375-MHRRS,48,Medium,0.4772,6,Month-to-month,DSL,50.05
3898-GUYTS,48,Medium,0.4767,45,Month-to-month,Fiber optic,97.05
7128-GGCNO,48,Medium,0.4763,46,Month-to-month,Fiber optic,72.8
8885-QSQBX,48,Medium,0.4762,1,Month-to-month,DSL,49.55
6257-RJOHI,48,Medium,0.4755,4,Month-to-month,DSL,50.8
2272-UOINI,48,Medium,0.4754,7,Month-to-month,DSL,78.5
8313-KTIHG,48,Medium,0.4754,4,Month-to-month,DSL,61.3
5022-JNQEQ,48,Medium,0.4754,9,Month-to-month,Fiber optic,75.85
8535-SFUTN,48,Medium,0.4753,61,Month-to-month,Fiber optic,106.45
6569-KTMDU,48,Medium,0.4752,1,Month-to-month,No,19.1
6300-BWMJX,47,Medium,0.4746,59,Month-to-month,Fiber optic,93.35
5088-QZLRL,47,Medium,0.4744,1,Month-to-month,No,20.65
7302-ZHMHP,47,Medium,0.4743,1,Month-to-month,No,19.15
1784-EZDKJ,47,Medium,0.4742,51,One year,Fiber optic,106.8
3191-CSNMG,47,Medium,0.4739,3,Month-to-month,Fiber optic,80.7
1421-HCERK,47,Medium,0.4734,30,Month-to-month,Fiber optic,105.7
4070-OKWVH,47,Medium,0.4732,52,Month-to-month,Fiber optic,94.6
5141-ZUVBH,47,Medium,0.4725,9,Month-to-month,Fiber optic,93.0
8065-BVEPF,47,Medium,0.472,65,Month-to-month,Fiber optic,99.1
2267-FPIMA,47,Medium,0.472,50,Month-to-month,Fiber optic,94.4
1853-ARAAQ,47,Medium,0.4716,26,Month-to-month,DSL,50.35
0013-MHZWF,47,Medium,0.4716,9,Month-to-month,DSL,69.4
0215-BQKGS,47,Medium,0.4716,30,Month-to-month,Fiber optic,84.3
6733-LRIZX,47,Medium,0.4708,35,Two year,Fiber optic,108.95
0380-NEAVX,47,Medium,0.4707,34,One year,Fiber optic,99.85
4468-YDOVK,47,Medium,0.4706,5,Month-to-month,DSL,48.65
9097-ZUBYC,47,Medium,0.4702,14,Month-to-month,DSL,48.8
7009-LGECI,47,Medium,0.4692,4,Month-to-month,DSL,50.55
3842-QTGDL,47,Medium,0.4691,16,Month-to-month,Fiber optic,80.75
2522-AHJXR,47,Medium,0.469,60,Month-to-month,Fiber optic,109.45
2144-BFDSO,47,Medium,0.4689,50,Month-to-month,Fiber optic,108.75
8564-LDKFL,47,Medium,0.4689,40,One year,Fiber optic,106.0
1600-DILPE,47,Medium,0.4685,12,Month-to-month,DSL,45.0
7905-TVXTA,47,Medium,0.4681,5,Month-to-month,DSL,64.35
1941-HOSAM,47,Medium,0.4676,1,Month-to-month,Fiber optic,90.1
4976-LNFVV,47,Medium,0.4674,19,Month-to-month,DSL,34.3
6897-UUBNU,47,Medium,0.4672,29,Month-to-month,Fiber optic,89.65
2346-DJQTB,47,Medium,0.4672,35,Month-to-month,DSL,24.15
6029-CSMJE,47,Medium,0.4671,17,Month-to-month,DSL,25.65
3583-KRKMD,47,Medium,0.4663,18,Month-to-month,Fiber optic,75.9
4360-QRAVE,47,Medium,0.4662,37,Month-to-month,DSL,36.65
1724-IQWNM,47,Medium,0.4662,1,Month-to-month,No,19.3
5133-VRSAB,47,Medium,0.466,8,Month-to-month,DSL,29.35
7398-LXGYX,47,Medium,0.4658,44,Month-to-month,Fiber optic,84.8
9494-BDNNC,47,Medium,0.4653,66,One year,Fiber optic,95.3
6898-MDLZW,47,Medium,0.4651,12,Month-to-month,DSL,53.75
3373-YZZYM,46,Medium,0.4648,1,Month-to-month,No,19.2
5966-EMAZU,46,Medium,0.4647,64,One year,Fiber optic,108.5
6008-NAIXK,46,Medium,0.4645,54,One year,DSL,55.45
7075-BNDVQ,46,Medium,0.4643,4,Month-to-month,DSL,35.0
6645-MXQJT,46,Medium,0.4641,2,Month-to-month,Fiber optic,97.1
1763-WQFUK,46,Medium,0.464,3,Month-to-month,DSL,50.5
5071-FBJFS,46,Medium,0.4637,4,Month-to-month,DSL,50.3
8008-ESFLK,46,Medium,0.4637,53,One year,Fiber optic,110.5
4524-QCSSM,46,Medium,0.4636,26,Month-to-month,DSL,44.65
9659-ZTWSM,46,Medium,0.4635,66,One year,Fiber optic,107.35
5630-AHZIL,46,Medium,0.4634,3,Month-to-month,DSL,64.5
7789-HKSBS,46,Medium,0.4632,42,One year,Fiber optic,105.2
3946-JEWRQ,46,Medium,0.4631,47,One year,Fiber optic,95.2
0899-WZRSD,46,Medium,0.4631,56,Month-to-month,Fiber optic,105.35
7251-LJBQN,46,Medium,0.4629,40,One year,Fiber optic,103.75
2267-WTPYD,46,Medium,0.4624,57,Month-to-month,Fiber optic,94.0
6952-OMNWB,46,Medium,0.4616,68,Month-to-month,Fiber optic,80.35
7501-VTYLJ,46,Medium,0.4615,2,Month-to-month,DSL,51.55
5188-HGMLP,46,Medium,0.4614,54,Month-to-month,Fiber optic,74.0
8455-HIRAQ,46,Medium,0.4611,8,Month-to-month,DSL,44.45
6537-OTKMY,46,Medium,0.461,15,One year,DSL,50.75
4402-FTBXC,46,Medium,0.4607,54,Month-to-month,Fiber optic,89.8
3694-DELSO,46,Medium,0.4605,4,Month-to-month,DSL,38.55
7272-QDCKA,46,Medium,0.4604,28,One year,Fiber optic,100.2
0003-MKNFE,46,Medium,0.4601,9,Month-to-month,DSL,59.9
2826-UWHIS,46,Medium,0.4597,45,Month-to-month,Fiber optic,81.4
2773-OVBPK,46,Medium,0.4592,67,Two year,Fiber optic,111.3
8904-OPDCK,46,Medium,0.4592,54,Month-to-month,DSL,24.95
2307-FYNNL,46,Medium,0.4591,65,Two year,Fiber optic,109.05
4130-MZLCC,46,Medium,0.4583,5,Month-to-month,DSL,50.55
4026-SKKHW,46,Medium,0.4582,3,Month-to-month,DSL,50.25
5173-WXOQV,46,Medium,0.4577,2,Month-to-month,DSL,64.2
2731-GJRDG,46,Medium,0.4573,32,One year,Fiber optic,109.55
6128-DAFVY,46,Medium,0.4573,56,Month-to-month,DSL,44.85
9142-KZXOP,46,Medium,0.4569,44,Month-to-month,Fiber optic,68.85
9169-BSVIN,46,Medium,0.4568,12,Month-to-month,DSL,74.75
2806-MLNTI,46,Medium,0.4567,52,One year,Fiber optic,105.1
4450-YOOHP,46,Medium,0.4567,39,Month-to-month,DSL,50.65
2883-ILGWO,46,Medium,0.4566,57,Month-to-month,Fiber optic,104.9
0916-QOFDP,46,Medium,0.4566,14,Month-to-month,Fiber optic,95.8
0471-ARVMX,46,Medium,0.4565,62,One year,Fiber optic,104.85
9873-MNDKV,46,Medium,0.4564,11,Month-to-month,DSL,44.65
2325-WINES,46,Medium,0.4557,32,One year,Fiber optic,104.05
4007-NHVHI,46,Medium,0.4557,56,Month-to-month,Fiber optic,96.85
9389-ACWBI,46,Medium,0.4556,5,Month-to-month,Fiber optic,69.95
7389-KBFIT,46,Medium,0.4551,2,Month-to-month,DSL,30.25
5981-ZVXOT,46,Medium,0.4551,35,One year,Fiber optic,108.35
1217-VASWC,45,Medium,0.4547,43,One year,Fiber optic,100.55
0999-QXNSA,45,Medium,0.4544,7,Month-to-month,DSL,45.75
1803-BGNBD,45,Medium,0.4542,12,Month-to-month,DSL,54.3
7966-YOTQW,45,Medium,0.4539,10,Month-to-month,DSL,54.5
0365-TRTPY,45,Medium,0.4537,37,Month-to-month,Fiber optic,91.2
4080-IIARD,45,Medium,0.4534,13,Month-to-month,DSL,76.2
3144-KMTWZ,45,Medium,0.4533,71,Month-to-month,Fiber optic,93.25
8671-KKKOS,45,Medium,0.4526,46,Month-to-month,DSL,45.55
9591-YVTEB,45,Medium,0.4524,55,Month-to-month,DSL,44.85
5447-WZAFP,45,Medium,0.4521,53,One year,Fiber optic,100.3
5334-JLAXU,45,Medium,0.4517,60,Month-to-month,Fiber optic,94.1
4391-LNRXK,45,Medium,0.4516,22,Month-to-month,Fiber optic,94.95
1698-XFZCI,45,Medium,0.4515,61,One year,Fiber optic,107.75
8190-ZTQFB,45,Medium,0.4515,41,One year,DSL,51.35
1051-GEJLJ,45,Medium,0.4515,2,Month-to-month,No,19.5
8868-GAGIO,45,Medium,0.4514,45,Month-to-month,Fiber optic,84.55
2798-NYLMZ,45,Medium,0.4513,71,Two year,Fiber optic,108.55
3308-MHOOC,45,Medium,0.4513,1,Month-to-month,No,19.2
0856-NAOES,45,Medium,0.4511,6,Month-to-month,DSL,60.9
1548-FEHVL,45,Medium,0.4509,61,Month-to-month,Fiber optic,106.2
7950-XWOVN,45,Medium,0.4506,11,Month-to-month,DSL,34.7
7103-IPXPJ,45,Medium,0.4505,50,One year,Fiber optic,99.4
2257-BOVXD,45,Medium,0.4494,14,Month-to-month,DSL,66.6
2615-YVMYX,45,Medium,0.4488,71,Month-to-month,Fiber optic,107.5
5868-YTYKS,45,Medium,0.4487,1,Month-to-month,No,20.25
3893-JRNFS,45,Medium,0.4484,68,Month-to-month,DSL,39.9
1656-DRSMG,45,Medium,0.4484,63,Month-to-month,Fiber optic,109.85
6578-KRMAW,45,Medium,0.4483,32,Month-to-month,Fiber optic,93.4
2853-CWQFQ,45,Medium,0.448,1,Month-to-month,DSL,59.55
7203-OYKCT,45,Medium,0.4479,72,One year,Fiber optic,104.95
9842-EFSYY,45,Medium,0.4471,4,Month-to-month,DSL,57.2
5527-ACHSO,45,Medium,0.4471,11,Month-to-month,DSL,70.5
6728-VOIFY,45,Medium,0.4464,63,One year,Fiber optic,96.0
9644-UMGQA,45,Medium,0.4461,6,Month-to-month,DSL,49.15
4685-ERGHK,45,Medium,0.4458,57,One year,Fiber optic,86.9
8250-ZNGGW,44,Medium,0.4449,5,Month-to-month,DSL,59.9
5939-XAIXZ,44,Medium,0.4448,19,Month-to-month,DSL,56.1
3689-MOZGR,44,Medium,0.4448,29,Month-to-month,DSL,31.2
6629-LADHQ,44,Medium,0.4448,2,Month-to-month,DSL,50.95
0567-GGCAC,44,Medium,0.4443,7,Month-to-month,DSL,61.4
0295-QVKPB,44,Medium,0.4442,5,Month-to-month,DSL,63.95
8329-UTMVM,44,Medium,0.444,27,One year,Fiber optic,104.65
3452-SRFEG,44,Medium,0.4437,49,Month-to-month,Fiber optic,74.6
4010-YLMVT,44,Medium,0.4437,56,Month-to-month,Fiber optic,106.6
8755-IWJHN,44,Medium,0.4436,69,Month-to-month,Fiber optic,95.35
5816-SCGFC,44,Medium,0.4434,7,Month-to-month,DSL,51.3
7018-WBJNK,44,Medium,0.4429,13,Month-to-month,Fiber optic,78.3
4824-GUCBY,44,Medium,0.4419,22,Month-to-month,Fiber optic,81.7
2988-GBIVW,44,Medium,0.4418,70,Month-to-month,Fiber optic,90.85
6572-ADKRS,44,Medium,0.4418,46,Month-to-month,Fiber optic,74.8
1442-BQPVU,44,Medium,0.4416,13,Month-to-month,DSL,29.15
5701-ZIKJE,44,Medium,0.4406,13,Month-to-month,DSL,50.55
2828-SLQPF,44,Medium,0.4405,19,Month-to-month,DSL,45.0
2700-LUEVA,44,Medium,0.4405,1,Month-to-month,No,20.75
0691-NIKRI,44,Medium,0.4401,40,One year,Fiber optic,105.95
3170-GWYKC,44,Medium,0.4398,60,Month-to-month,Fiber optic,104.95
6333-YDVLT,44,Medium,0.4397,65,One year,Fiber optic,110.0
5201-FRKKS,44,Medium,0.4396,25,Month-to-month,Fiber optic,74.3
9708-KFDBY,44,Medium,0.4394,1,Month-to-month,No,20.55
6344-SFJVH,44,Medium,0.4392,20,Month-to-month,DSL,24.9
8677-HDZEE,44,Medium,0.4391,56,Month-to-month,Fiber optic,105.45
6821-JPCDC,44,Medium,0.439,48,One year,Fiber optic,97.05
7748-UMTRK,44,Medium,0.4388,30,Month-to-month,Fiber optic,101.3
2858-EIMXH,44,Medium,0.4388,53,One year,Fiber optic,95.85
8963-JLGJT,44,Medium,0.4385,3,Month-to-month,DSL,55.9
3729-OWRVL,44,Medium,0.4381,65,Two year,Fiber optic,110.35
6786-OBWQR,44,Medium,0.4379,5,Month-to-month,Fiber optic,80.85
3890-RTCMS,44,Medium,0.4378,16,Month-to-month,DSL,49.45
1986-PHGZF,44,Medium,0.4376,18,Month-to-month,DSL,58.4
2712-SYWAY,44,Medium,0.4375,1,Month-to-month,No,25.7
7905-NJMXS,44,Medium,0.4375,7,Month-to-month,DSL,64.2
7634-WSWDB,44,Medium,0.4374,8,Month-to-month,DSL,38.5
5402-HTOTQ,44,Medium,0.4373,16,Month-to-month,DSL,55.3
5730-RIITO,44,Medium,0.4372,43,Month-to-month,DSL,33.45
5168-MSWXT,44,Medium,0.4371,8,Month-to-month,Fiber optic,94.75
8734-DKSTZ,44,Medium,0.4371,10,Month-to-month,Fiber optic,85.95
4987-GQWPO,44,Medium,0.437,17,Month-to-month,DSL,25.1
9828-QHFBK,44,Medium,0.4367,24,Month-to-month,DSL,51.15
9643-YBLUR,44,Medium,0.4365,9,Month-to-month,DSL,69.05
1347-KTTTA,44,Medium,0.4364,64,One year,Fiber optic,102.45
0130-SXOUN,44,Medium,0.4362,66,Month-to-month,Fiber optic,89.4
8023-QHAIO,44,Medium,0.4361,56,Month-to-month,Fiber optic,76.85
8799-OXZMD,44,Medium,0.4351,28,Month-to-month,DSL,29.75
2542-HYGIQ,43,Medium,0.4348,1,Month-to-month,No,19.95
0100-DUVFC,43,Medium,0.4345,70,One year,Fiber optic,104.8
2432-TFSMK,43,Medium,0.434,18,One year,Fiber optic,89.6
3780-YVMFA,43,Medium,0.4339,8,Month-to-month,DSL,68.55
7521-AFHAB,43,Medium,0.4338,5,Month-to-month,DSL,44.8
6137-MFAJN,43,Medium,0.4337,48,Month-to-month,DSL,44.8
1394-SUIUH,43,Medium,0.4336,44,Month-to-month,Fiber optic,85.15
1685-VAYJF,43,Medium,0.4336,11,Month-to-month,DSL,45.2
8095-WANWK,43,Medium,0.4335,10,Month-to-month,DSL,45.25
5243-SAOTC,43,Medium,0.4334,54,Month-to-month,Fiber optic,79.85
8388-FYNPZ,43,Medium,0.4334,4,Month-to-month,DSL,56.75
4819-HJPIW,43,Medium,0.4332,18,Month-to-month,DSL,25.15
0880-FVFWF,43,Medium,0.4332,56,Month-to-month,Fiber optic,86.4
4177-JPDFU,43,Medium,0.4324,12,Month-to-month,DSL,34.0
6345-HOVES,43,Medium,0.4322,34,Month-to-month,DSL,25.05
2195-VVRJF,43,Medium,0.432,18,Month-to-month,DSL,59.1
4393-RYCRE,43,Medium,0.4318,44,One year,Fiber optic,106.05
0463-ZSDNT,43,Medium,0.4317,10,Month-to-month,DSL,56.75
8952-WCVCD,43,Medium,0.4309,41,One year,Fiber optic,104.45
2305-MRGLV,43,Medium,0.4301,28,Month-to-month,Fiber optic,76.55
9795-VOWON,43,Medium,0.4299,7,One year,DSL,24.35
1848-LBZHY,43,Medium,0.4296,7,Month-to-month,DSL,50.3
7766-CLTIC,43,Medium,0.4295,10,Month-to-month,DSL,60.95
0512-FLFDW,43,Medium,0.4292,60,One year,Fiber optic,100.5
0575-CUQOV,43,Medium,0.429,60,One year,Fiber optic,97.95
4753-PADAS,43,Medium,0.429,67,One year,Fiber optic,105.7
6627-CFOSN,43,Medium,0.4288,59,Month-to-month,Fiber optic,99.45
3113-IWHLC,43,Medium,0.4287,5,Month-to-month,DSL,55.8
1422-DGUBX,43,Medium,0.4285,32,One year,Fiber optic,79.25
7426-GSWPO,43,Medium,0.428,64,Month-to-month,Fiber optic,103.5
3090-QFUVD,43,Medium,0.4273,1,Month-to-month,No,20.3
2716-GFZOR,43,Medium,0.4272,43,Month-to-month,Fiber optic,86.1
1020-JPQOW,43,Medium,0.4268,56,Month-to-month,Fiber optic,90.55
5349-AZPEW,43,Medium,0.4268,5,Month-to-month,DSL,25.05
5651-CPDND,43,Medium,0.4267,10,Month-to-month,DSL,46.0
0895-LMRSF,43,Medium,0.4265,23,One year,DSL,64.9
1230-QAJDW,43,Medium,0.4265,3,Month-to-month,DSL,65.25
4918-FYJNT,43,Medium,0.4264,55,Month-to-month,Fiber optic,90.45
6549-NNDYT,43,Medium,0.4264,13,Month-to-month,DSL,30.85
2212-LYASK,43,Medium,0.4257,27,One year,DSL,45.85
0409-WTMPL,43,Medium,0.4255,58,One year,Fiber optic,110.65
6199-IWKGC,43,Medium,0.4253,46,One year,Fiber optic,100.25
1465-LNTLJ,43,Medium,0.4251,8,Month-to-month,DSL,64.4
1976-AZZPJ,42,Medium,0.425,7,Month-to-month,DSL,34.2
3256-EZDBI,42,Medium,0.425,51,Month-to-month,DSL,29.45
2599-CZABP,42,Medium,0.4245,14,One year,DSL,44.6
3645-DEYGF,42,Medium,0.4241,1,Month-to-month,No,20.75
5172-MIGPM,42,Medium,0.4238,4,Month-to-month,DSL,65.55
2927-QRRQV,42,Medium,0.4235,46,One year,Fiber optic,94.65
1907-YLNYW,42,Medium,0.4233,8,Month-to-month,DSL,66.7
6633-SYEUS,42,Medium,0.423,23,Month-to-month,Fiber optic,83.2
9505-SQFSW,42,Medium,0.4229,3,Month-to-month,DSL,40.3
4476-OSWTN,42,Medium,0.4229,69,One year,Fiber optic,110.55
8623-ULFNQ,42,Medium,0.4228,26,Month-to-month,DSL,66.05
5140-FOMCQ,42,Medium,0.4218,59,One year,Fiber optic,109.15
2452-SNHFZ,42,Medium,0.4217,47,Month-to-month,Fiber optic,75.45
4672-FOTSD,42,Medium,0.4217,12,Month-to-month,DSL,67.25
8107-RZLNV,42,Medium,0.4214,72,Two year,Fiber optic,106.3
5568-DMXZS,42,Medium,0.4212,8,Month-to-month,DSL,65.45
5198-EFNBM,42,Medium,0.4212,57,One year,Fiber optic,90.65
5701-SVCWR,42,Medium,0.4211,1,Month-to-month,No,24.0
0319-QZTCO,42,Medium,0.4209,3,Month-to-month,DSL,58.7
8992-VONJD,42,Medium,0.4209,13,Month-to-month,DSL,56.0
6218-KNUBD,42,Medium,0.4201,6,Month-to-month,DSL,59.45
1360-XFJMR,42,Medium,0.42,67,One year,Fiber optic,109.7
1767-TGTKO,42,Medium,0.42,8,Month-to-month,DSL,45.45
4673-KKSLS,42,Medium,0.4199,31,Month-to-month,Fiber optic,87.6
2045-BMBTJ,42,Medium,0.4198,33,Month-to-month,DSL,59.45
4480-MBMLB,42,Medium,0.4197,36,One year,Fiber optic,104.8
6284-KMNUF,42,Medium,0.4197,56,One year,Fiber optic,98.0
5832-TRLPB,42,Medium,0.4195,29,One year,DSL,75.35
6429-SHBCB,42,Medium,0.4194,19,Month-to-month,DSL,69.6
9547-ITEFG,42,Medium,0.4193,9,Month-to-month,Fiber optic,102.6
2576-HXMPA,42,Medium,0.4192,1,Month-to-month,No,19.55
9052-VKDUW,42,Medium,0.4192,65,Month-to-month,Fiber optic,109.4
5311-IHLEI,42,Medium,0.4192,12,Month-to-month,DSL,50.95
0106-GHRQR,42,Medium,0.419,16,Month-to-month,DSL,71.4
3873-NFTGI,42,Medium,0.4189,14,Month-to-month,DSL,55.5
0356-ERHVT,42,Medium,0.4188,11,Month-to-month,DSL,45.9
9396-ZSFLL,42,Medium,0.4184,15,Month-to-month,DSL,48.85
8562-GHPPI,42,Medium,0.418,1,Month-to-month,No,19.8
5149-TGWDZ,42,Medium,0.4176,21,One year,Fiber optic,104.55
0931-MHTEM,42,Medium,0.4175,54,One year,Fiber optic,100.05
9391-YZEJW,42,Medium,0.4168,62,One year,Fiber optic,94.0
1024-KPRBB,42,Medium,0.4167,38,One year,Fiber optic,89.1
2709-UQGNP,42,Medium,0.4167,10,Month-to-month,DSL,51.65
6217-TOWGS,42,Medium,0.4167,17,Month-to-month,DSL,75.4
7921-LMDFQ,42,Medium,0.4164,51,One year,Fiber optic,94.0
2252-JHJGE,42,Medium,0.4162,61,One year,Fiber optic,104.0
7351-KYHQH,42,Medium,0.4154,7,Month-to-month,DSL,64.95
9896-UYMIE,42,Medium,0.415,66,One year,Fiber optic,114.3
4869-EPIUS,41,Medium,0.4146,56,One year,Fiber optic,80.9
7879-CGSFV,41,Medium,0.4142,55,One year,Fiber optic,100.9
6807-SIWJI,41,Medium,0.4137,38,One year,Fiber optic,104.85
8905-IAZPF,41,Medium,0.4133,69,One year,Fiber optic,95.65
4003-FUSHP,41,Medium,0.413,19,Month-to-month,DSL,61.55
1335-HQMKX,41,Medium,0.4128,72,One year,Fiber optic,101.35
8495-LJDFO,41,Medium,0.4125,64,Month-to-month,Fiber optic,108.95
5433-KYGHE,41,Medium,0.4124,14,Month-to-month,Fiber optic,86.0
5215-LNLDJ,41,Medium,0.4123,7,Month-to-month,DSL,24.7
7402-PWYJJ,41,Medium,0.4122,53,One year,Fiber optic,91.15
5533-RJFTJ,41,Medium,0.4119,49,Month-to-month,DSL,30.2
0308-GIQJT,41,Medium,0.4119,71,One year,Fiber optic,105.75
0867-LDTTC,41,Medium,0.4115,5,Month-to-month,DSL,75.15
3186-AJIEK,41,Medium,0.4115,66,Two year,Fiber optic,105.65
0487-RPVUM,41,Medium,0.4115,61,Month-to-month,Fiber optic,99.4
7740-KKCXF,41,Medium,0.4113,51,Month-to-month,DSL,30.05
1919-RTPQD,41,Medium,0.4112,7,Month-to-month,DSL,44.75
5934-RMPOV,41,Medium,0.4111,22,Month-to-month,Fiber optic,84.75
0956-ACVZC,41,Medium,0.411,54,One year,Fiber optic,94.1
3606-SBKRY,41,Medium,0.411,31,One year,DSL,50.05
1304-SEGFY,41,Medium,0.4107,72,Two year,Fiber optic,97.85
6854-EXGSF,41,Medium,0.4106,8,Month-to-month,DSL,65.5
2220-IAHLS,41,Medium,0.4101,1,Month-to-month,No,19.4
0734-OXWBT,41,Medium,0.4101,3,Month-to-month,DSL,70.7
0484-FFVBJ,41,Medium,0.4098,32,One year,DSL,64.85
3511-APPBJ,41,Medium,0.4094,23,One year,Fiber optic,99.95
4109-CYRBD,41,Medium,0.4091,29,Month-to-month,DSL,51.6
8706-HRADD,41,Medium,0.4091,21,Month-to-month,DSL,43.55
1810-BOHSY,41,Medium,0.409,51,One year,Fiber optic,96.4
6723-WSNTY,41,Medium,0.4089,66,One year,Fiber optic,108.1
0851-DFJKB,41,Medium,0.4089,15,Month-to-month,DSL,58.95
4280-DLSHD,41,Medium,0.4088,8,Month-to-month,DSL,54.75
6067-NGCEU,41,Medium,0.4085,65,Month-to-month,Fiber optic,111.05
7821-DPRQE,41,Medium,0.4078,68,Month-to-month,Fiber optic,107.7
3090-LETTY,41,Medium,0.4078,2,Month-to-month,DSL,60.95
5286-YHCVC,41,Medium,0.4077,72,Two year,Fiber optic,104.8
7516-GMHUV,41,Medium,0.4074,50,Two year,Fiber optic,105.05
4282-MSACW,41,Medium,0.4073,68,One year,Fiber optic,117.2
7964-VEXDG,41,Medium,0.4072,21,Month-to-month,Fiber optic,80.35
3858-XHYJO,41,Medium,0.4068,40,One year,Fiber optic,105.75
6184-DYUOB,41,Medium,0.4067,3,Month-to-month,No,19.6
2284-VFLKH,41,Medium,0.4066,49,One year,Fiber optic,99.25
5443-SCMKX,41,Medium,0.4066,58,One year,Fiber optic,94.3
4822-LPTYJ,41,Medium,0.4066,72,Two year,Fiber optic,103.75
6341-AEVKX,41,Medium,0.4064,62,One year,Fiber optic,104.3
3941-XTSKM,41,Medium,0.4063,42,One year,DSL,45.1
0314-TKOSI,41,Medium,0.4059,6,Month-to-month,DSL,55.15
0277-BKSQP,41,Medium,0.4056,8,Month-to-month,DSL,54.4
5360-LJCNJ,40,Medium,0.4048,71,Two year,Fiber optic,105.15
5542-DHSXL,40,Medium,0.4047,4,Month-to-month,DSL,54.7
4832-VRBMR,40,Medium,0.4043,65,One year,Fiber optic,103.15
2019-HDCZY,40,Medium,0.4042,63,Two year,Fiber optic,102.6
6968-MHOMU,40,Medium,0.4036,58,One year,DSL,45.0
6713-OKOMC,40,Medium,0.4034,10,Month-to-month,DSL,29.75
2673-CXQEU,40,Medium,0.4034,56,One year,Fiber optic,110.5
2791-SFVEW,40,Medium,0.403,9,Month-to-month,No,20.15
1564-HJUVY,40,Medium,0.4029,4,Month-to-month,DSL,63.75
9099-FTUHS,40,Medium,0.4029,23,Month-to-month,DSL,54.4
0481-SUMCB,40,Medium,0.4026,45,One year,Fiber optic,102.15
7718-UPSKJ,40,Medium,0.4024,69,One year,Fiber optic,106.4
1548-ARAGG,40,Medium,0.4024,4,Month-to-month,DSL,58.5
9943-VSZUV,40,Medium,0.4023,67,Month-to-month,Fiber optic,75.7
0804-XBFBV,40,Medium,0.4018,11,Month-to-month,DSL,25.2
8118-TJAFG,40,Medium,0.4018,9,Month-to-month,Fiber optic,101.5
7159-FVYPK,40,Medium,0.4014,3,Month-to-month,DSL,69.15
1703-MGIAB,40,Medium,0.4013,17,Month-to-month,DSL,69.0
2882-DDZPG,40,Medium,0.401,12,Month-to-month,No,19.45
9700-ZCLOT,40,Medium,0.4008,2,Month-to-month,No,20.0
0186-CAERR,40,Medium,0.4006,71,One year,Fiber optic,116.3
6806-YDEUL,40,Medium,0.4001,6,Month-to-month,No,19.5
6583-SZVGP,40,Medium,0.3999,48,Two year,Fiber optic,108.1
5206-HPJKM,40,Medium,0.3997,17,Month-to-month,DSL,55.5
8166-ORCHU,40,Medium,0.3988,33,One year,Fiber optic,93.55
8267-KFGYD,40,Medium,0.3987,1,Month-to-month,No,21.05
3071-VBYPO,40,Medium,0.3986,3,Month-to-month,Fiber optic,89.85
0330-BGYZE,40,Medium,0.3984,60,One year,Fiber optic,102.5
7693-QPEFS,40,Medium,0.3983,52,Month-to-month,Fiber optic,72.95
4226-KKDON,40,Medium,0.3982,8,Month-to-month,DSL,66.65
8715-KKTFG,40,Medium,0.3976,61,One year,Fiber optic,103.3
9475-NNDGC,40,Medium,0.3976,71,One year,Fiber optic,113.15
0191-ZHSKZ,40,Medium,0.3974,30,Month-to-month,DSL,74.75
7351-MHQVU,40,Medium,0.3973,6,Month-to-month,DSL,50.95
9332-GYWLO,40,Medium,0.3971,6,Month-to-month,DSL,54.85
7727-SHVZV,40,Medium,0.3968,9,Month-to-month,No,19.5
4138-NAXED,40,Medium,0.3968,51,Month-to-month,Fiber optic,81.0
6281-FKEWS,40,Medium,0.3961,44,One year,DSL,49.05
6637-KYRCV,40,Medium,0.396,5,Month-to-month,DSL,30.5
2851-STERV,40,Medium,0.3959,35,One year,DSL,73.0
2270-CHBFN,40,Medium,0.3959,44,Month-to-month,Fiber optic,95.1
2782-JEEBU,40,Medium,0.3958,21,Month-to-month,DSL,36.0
1355-KUSBG,40,Medium,0.3955,7,Month-to-month,DSL,48.8
7951-VRDVK,40,Medium,0.3953,36,One year,DSL,85.85
0222-CNVPT,40,Medium,0.3951,52,Month-to-month,DSL,48.8
1710-RCXUS,40,Medium,0.395,51,One year,Fiber optic,90.35
2172-EJXVF,39,Medium,0.3946,71,One year,Fiber optic,105.9
3845-FXCYS,39,Medium,0.3945,2,Month-to-month,No,19.65
5921-NGYRH,39,Medium,0.3943,64,Month-to-month,Fiber optic,73.55
9233-PSYHO,39,Medium,0.3941,45,One year,Fiber optic,100.15
3865-ZYKAD,39,Medium,0.3939,69,Month-to-month,Fiber optic,84.9
6480-YAGIY,39,Medium,0.3939,45,One year,Fiber optic,112.2
5882-CMAZQ,39,Medium,0.3938,5,Month-to-month,DSL,34.25
5066-GFJMM,39,Medium,0.3936,3,Month-to-month,No,19.9
2676-OXPPQ,39,Medium,0.3936,6,Month-to-month,DSL,55.7
2080-SRCDE,39,Medium,0.3935,1,Month-to-month,No,25.4
3199-NPKCN,39,Medium,0.3934,67,One year,Fiber optic,111.25
2018-PZKMU,39,Medium,0.3934,9,Month-to-month,Fiber optic,103.1
7629-WIXZF,39,Medium,0.3931,7,One year,DSL,59.1
6917-IAYHD,39,Medium,0.3931,1,Month-to-month,DSL,33.6
0265-PSUAE,39,Medium,0.3927,16,Month-to-month,Fiber optic,100.7
9489-UTFKA,39,Medium,0.3924,8,Month-to-month,DSL,60.9
4468-KAZHE,39,Medium,0.3922,20,Month-to-month,DSL,60.0
8091-TTVAX,39,Medium,0.392,58,One year,Fiber optic,100.35
5438-QMDDL,39,Medium,0.3919,19,Month-to-month,DSL,59.8
9256-JTBNZ,39,Medium,0.3918,11,Month-to-month,No,20.3
2303-PJYHN,39,Medium,0.3912,2,Month-to-month,No,19.85
5651-WYIPH,39,Medium,0.3912,18,Month-to-month,DSL,49.85
3807-BPOMJ,39,Medium,0.3911,55,One year,Fiber optic,94.75
8735-IJJEG,39,Medium,0.3893,14,Month-to-month,DSL,50.2
6859-RKMZJ,39,Medium,0.3891,11,Month-to-month,DSL,55.05
8344-WFMFH,39,Medium,0.3886,9,Month-to-month,DSL,50.1
9761-XUJWD,39,Medium,0.3886,5,Month-to-month,DSL,65.6
8705-DWKTI,39,Medium,0.3884,52,Month-to-month,Fiber optic,83.8
2957-JIRMN,39,Medium,0.3883,62,One year,Fiber optic,84.45
6705-LNMDD,39,Medium,0.3883,20,Month-to-month,DSL,50.0
9314-IJWSQ,39,Medium,0.3882,14,Month-to-month,Fiber optic,84.8
8402-EIVQS,39,Medium,0.3878,67,One year,Fiber optic,100.9
9571-EDEBV,39,Medium,0.3875,71,One year,Fiber optic,98.65
7130-CTCUS,39,Medium,0.3874,16,Month-to-month,DSL,54.55
1346-PJWTK,39,Medium,0.3871,61,Month-to-month,Fiber optic,94.15
1950-KSVVJ,39,Medium,0.3868,45,One year,Fiber optic,113.3
0887-WBJVH,39,Medium,0.3867,53,One year,Fiber optic,93.45
7926-IJOOU,39,Medium,0.3867,1,Month-to-month,No,19.3
7742-MYPGI,39,Medium,0.3866,6,Month-to-month,DSL,48.8
3657-COGMW,39,Medium,0.3865,52,Month-to-month,Fiber optic,108.1
5156-UMKOW,39,Medium,0.3864,3,Month-to-month,DSL,29.65
7395-XWZOY,39,Medium,0.3864,20,Month-to-month,DSL,55.0
4647-XXZAM,39,Medium,0.386,6,Month-to-month,DSL,45.5
1202-KKGFU,39,Medium,0.3858,12,Month-to-month,DSL,54.2
7041-TXQJH,39,Medium,0.3858,37,Month-to-month,DSL,40.2
2075-RMJIK,39,Medium,0.3856,5,Month-to-month,DSL,49.4
5206-XZZQI,39,Medium,0.3855,53,Month-to-month,Fiber optic,80.6
6749-UTDVX,38,Medium,0.3849,72,Two year,Fiber optic,103.65
9481-SFCQY,38,Medium,0.3848,14,Month-to-month,DSL,59.8
7188-CBBBA,38,Medium,0.3844,65,One year,Fiber optic,95.5
5968-XQIVE,38,Medium,0.3843,72,One year,Fiber optic,89.7
2657-VPXTA,38,Medium,0.3839,10,Month-to-month,Fiber optic,88.85
8495-PRWFH,38,Medium,0.3837,42,Month-to-month,DSL,55.65
6954-OOYZZ,38,Medium,0.383,18,Month-to-month,DSL,44.35
2560-PPCHE,38,Medium,0.383,65,One year,Fiber optic,105.05
7109-MFBYV,38,Medium,0.383,26,Month-to-month,DSL,45.45
9833-TGFHX,38,Medium,0.3829,42,One year,Fiber optic,97.1
3639-XJHKQ,38,Medium,0.3827,19,Month-to-month,DSL,60.6
3164-YAXFY,38,Medium,0.3826,57,Month-to-month,DSL,53.75
6726-WEXXK,38,Medium,0.3818,27,One year,Fiber optic,85.9
4522-AKYLR,38,Medium,0.3818,13,Month-to-month,DSL,54.8
8985-OOPOS,38,Medium,0.3816,1,One year,DSL,74.1
8189-HBVRW,38,Medium,0.3816,53,Month-to-month,Fiber optic,90.8
9972-VAFJJ,38,Medium,0.3814,53,One year,Fiber optic,94.0
3680-CTHUH,38,Medium,0.3809,60,One year,Fiber optic,116.6
5843-TTHGI,38,Medium,0.3807,18,Month-to-month,DSL,50.0
2585-KTFRE,38,Medium,0.3807,1,Month-to-month,DSL,70.45
4945-RVMTE,38,Medium,0.38,28,Month-to-month,DSL,59.55
9128-CPXKI,38,Medium,0.3797,59,Two year,Fiber optic,95.8
3756-VNWDH,38,Medium,0.3792,65,One year,Fiber optic,100.75
1925-LFCZZ,38,Medium,0.3791,55,One year,DSL,50.05
8735-DCXNF,38,Medium,0.379,10,Month-to-month,DSL,54.95
8205-MQUGY,38,Medium,0.3789,12,Month-to-month,DSL,49.2
5569-IDSEY,38,Medium,0.3786,71,One year,Fiber optic,105.7
4957-TREIR,38,Medium,0.3784,3,Month-to-month,DSL,64.4
8016-NCFVO,38,Medium,0.3779,55,Month-to-month,Fiber optic,116.5
0052-DCKON,38,Medium,0.3778,66,One year,Fiber optic,115.8
1110-KYLGQ,38,Medium,0.3777,63,Month-to-month,Fiber optic,108.25
4338-EYCER,38,Medium,0.3773,21,Month-to-month,DSL,54.6
9633-DENPU,38,Medium,0.3771,47,Month-to-month,DSL,58.6
6689-VRRTK,38,Medium,0.377,44,One year,Fiber optic,109.8
2692-AQCPF,38,Medium,0.3769,65,One year,Fiber optic,108.05
6624-JDRDS,38,Medium,0.3768,6,Month-to-month,DSL,29.45
4646-QZXTF,38,Medium,0.3767,7,Month-to-month,DSL,81.25
1891-QRQSA,38,Medium,0.3763,64,Two year,Fiber optic,111.6
3345-PBBFH,38,Medium,0.3763,8,Month-to-month,DSL,49.55
6917-YACBP,38,Medium,0.3763,59,Month-to-month,Fiber optic,89.75
5897-ZYEKH,38,Medium,0.3758,67,One year,Fiber optic,105.6
7596-LDUXP,38,Medium,0.3755,12,One year,Fiber optic,85.15
9909-DFRJA,38,Medium,0.375,26,One year,Fiber optic,95.85
9058-HRZSV,37,Medium,0.3744,65,Month-to-month,Fiber optic,94.4
3428-MMGUB,37,Medium,0.3744,60,Two year,Fiber optic,89.55
3043-TYBNO,37,Medium,0.3743,3,Month-to-month,DSL,60.65
7017-VFULY,37,Medium,0.3733,2,Month-to-month,No,20.1
9107-UKCKY,37,Medium,0.373,61,One year,DSL,79.8
8597-CWYHH,37,Medium,0.373,43,One year,Fiber optic,94.35
5366-OBVMR,37,Medium,0.3729,18,Month-to-month,DSL,50.3
6921-OZMFH,37,Medium,0.3718,5,Month-to-month,DSL,55.7
3466-WAESX,37,Medium,0.3717,16,Month-to-month,DSL,69.1
8268-YDIXR,37,Medium,0.3716,56,One year,Fiber optic,93.15
2621-UDNLU,37,Medium,0.3715,3,Month-to-month,No,20.85
8217-QYOHV,37,Medium,0.3711,5,Month-to-month,DSL,55.75
4016-BJKTZ,37,Medium,0.371,25,Two year,Fiber optic,108.9
7072-MBHEV,37,Medium,0.3706,11,Month-to-month,Fiber optic,78.1
5828-DWPIL,37,Medium,0.37,62,Month-to-month,Fiber optic,89.1
5949-HGVJL,37,Medium,0.3699,26,Month-to-month,DSL,73.05
3307-TLCUD,37,Medium,0.3697,17,Month-to-month,DSL,34.4
7841-FCRQD,37,Medium,0.3694,33,One year,DSL,53.75
7049-GKVZY,37,Medium,0.3692,17,One year,DSL,79.85
9780-FKVVF,37,Medium,0.3675,6,Month-to-month,DSL,59.15
4075-JFPGR,37,Medium,0.3674,51,One year,Fiber optic,93.5
2651-ZCBXV,37,Medium,0.3673,54,Two year,Fiber optic,108.0
6383-ZTSIW,37,Medium,0.3672,39,One year,Fiber optic,99.1
8111-BKVDS,37,Medium,0.3672,10,Month-to-month,DSL,40.7
6614-VBEGU,37,Medium,0.367,24,Month-to-month,DSL,69.45
7036-TYDEC,37,Medium,0.3665,69,Two year,Fiber optic,104.0
2604-XVDAM,37,Medium,0.3665,12,Month-to-month,DSL,43.8
2073-QBVBI,37,Medium,0.3664,41,One year,DSL,35.45
7382-DFJTU,37,Medium,0.3663,18,Month-to-month,DSL,55.2
4123-FCVCB,37,Medium,0.366,12,One year,DSL,75.85
1116-DXXDF,37,Medium,0.3659,39,Two year,Fiber optic,100.45
1400-WIVLL,37,Medium,0.3657,57,Two year,Fiber optic,107.95
0909-SDHNU,37,Medium,0.3657,7,Month-to-month,DSL,29.8
2931-FSOHN,37,Medium,0.3657,13,Month-to-month,DSL,59.9
0665-XHDJU,37,Medium,0.3653,72,Two year,Fiber optic,99.4
6743-HHQPF,36,Medium,0.365,42,Month-to-month,DSL,25.1
9700-ISPUP,36,Medium,0.3649,10,Month-to-month,DSL,65.5
6599-GZWCM,36,Medium,0.3647,13,One year,Fiber optic,74.65
7622-NXQZR,36,Medium,0.3641,28,Month-to-month,DSL,30.1
7319-VENRZ,36,Medium,0.3639,7,Month-to-month,DSL,64.3
2937-FTHUR,36,Medium,0.3638,18,Month-to-month,DSL,64.8
6655-LHBYW,36,Medium,0.3638,50,One year,Fiber optic,114.35
5951-AOFIH,36,Medium,0.3638,33,Month-to-month,DSL,66.4
4332-MUOEZ,36,Medium,0.3636,20,One year,Fiber optic,94.3
7808-DVWEP,36,Medium,0.3627,3,Month-to-month,No,20.0
5186-EJEGL,36,Medium,0.3624,9,Month-to-month,DSL,69.5
1840-BIUOG,36,Medium,0.3623,20,One year,DSL,68.7
0678-RLHVP,36,Medium,0.362,53,Two year,Fiber optic,105.55
7661-CPURM,36,Medium,0.362,19,One year,Fiber optic,87.7
9825-YCXWZ,36,Medium,0.362,41,One year,Fiber optic,101.1
4693-VWVBO,36,Medium,0.3618,3,Month-to-month,No,19.55
4608-LCIMN,36,Medium,0.3616,8,Month-to-month,DSL,44.65
5945-AZYHT,36,Medium,0.3616,71,One year,Fiber optic,109.6
5702-SKUOB,36,Medium,0.3615,4,Month-to-month,No,19.6
4439-YRNVD,36,Medium,0.3614,10,Month-to-month,DSL,36.25
0136-IFMYD,36,Medium,0.3612,69,Two year,Fiber optic,109.95
0030-FNXPP,36,Medium,0.3609,3,Month-to-month,No,19.85
2577-GVSIL,36,Medium,0.3599,35,One year,DSL,73.45
9402-CXWPL,36,Medium,0.3598,70,One year,Fiber optic,98.9
1153-GNOLC,36,Medium,0.3598,33,One year,DSL,39.1
9289-LBQVU,36,Medium,0.3596,64,One year,DSL,70.15
1867-TJHTS,36,Medium,0.3595,58,Month-to-month,Fiber optic,79.8
4324-AHJKS,36,Medium,0.359,5,Month-to-month,DSL,55.8
0206-TBWLC,36,Medium,0.3589,54,One year,Fiber optic,114.65
8769-KKTPH,36,Medium,0.3588,63,One year,Fiber optic,99.65
8259-NFJTV,36,Medium,0.3585,7,Month-to-month,DSL,34.65
0959-WHOKV,36,Medium,0.3584,42,One year,Fiber optic,99.0
3723-BFBGR,36,Medium,0.3584,24,Month-to-month,DSL,54.8
6198-PNNSZ,36,Medium,0.3583,56,One year,Fiber optic,109.8
0699-NDKJM,36,Medium,0.3582,57,Month-to-month,DSL,58.75
2001-EWBQU,36,Medium,0.3575,60,Two year,Fiber optic,104.7
4132-POCZS,36,Medium,0.3565,52,Month-to-month,DSL,39.9
8059-UDZFY,36,Medium,0.3563,33,Month-to-month,Fiber optic,105.35
7025-IWFHT,36,Medium,0.3563,41,One year,Fiber optic,89.55
4712-AUQZO,36,Medium,0.3562,18,Month-to-month,DSL,33.6
6797-UCJHZ,36,Medium,0.3562,66,One year,Fiber optic,104.6
5325-UWTWJ,36,Medium,0.3561,31,Month-to-month,Fiber optic,90.55
2001-MCUUW,36,Medium,0.3555,46,Two year,Fiber optic,108.65
6620-JDYNW,35,Medium,0.3549,18,Month-to-month,DSL,60.6
2186-QZEYA,35,Medium,0.3548,29,Month-to-month,DSL,58.55
0239-OXEXL,35,Medium,0.3547,46,Month-to-month,Fiber optic,84.25
7789-CRUVC,35,Medium,0.3547,61,Month-to-month,Fiber optic,94.2
6322-PJJDJ,35,Medium,0.3546,49,Two year,Fiber optic,94.8
7824-PANSQ,35,Medium,0.3542,58,Month-to-month,Fiber optic,80.65
2911-WDXMV,35,Medium,0.3538,18,Month-to-month,Fiber optic,80.55
0853-NWIFK,35,Medium,0.3534,45,One year,Fiber optic,100.3
5136-RGMZO,35,Medium,0.3533,31,Month-to-month,DSL,71.05
1258-YMZNM,35,Medium,0.3528,27,One year,Fiber optic,110.5
7208-PSIHR,35,Medium,0.3523,70,Two year,Fiber optic,104.3
1370-GGAWX,35,Medium,0.3512,46,One year,Fiber optic,94.15
7054-ENNGU,35,Medium,0.3511,9,Month-to-month,DSL,50.85
5294-IMHHT,35,Medium,0.3508,53,One year,Fiber optic,97.75
5353-WILCI,35,Medium,0.3508,28,Month-to-month,DSL,56.05
1530-ZTDOZ,35,Medium,0.3507,49,Month-to-month,DSL,40.65
8124-NZVGJ,35,Medium,0.3503,6,One year,DSL,49.25
2972-YDYUW,35,Medium,0.3503,57,One year,Fiber optic,94.7
3709-OIJEA,35,Medium,0.3501,26,One year,Fiber optic,85.2
1629-DQQVB,35,Medium,0.3498,14,Month-to-month,DSL,50.1
9481-IEBZY,35,Medium,0.3498,72,Month-to-month,Fiber optic,112.9
9938-EKRGF,35,Medium,0.3493,15,Month-to-month,DSL,84.45
0442-ZXKVS,35,Medium,0.3491,54,One year,Fiber optic,115.6
2758-RNWXS,35,Medium,0.349,35,One year,Fiber optic,89.2
9079-LWTFD,35,Medium,0.349,47,Month-to-month,Fiber optic,100.75
8980-WQFWL,35,Medium,0.3489,35,Month-to-month,DSL,62.1
3566-VVORZ,35,Medium,0.3488,12,Month-to-month,DSL,45.9
6211-WHMYA,35,Medium,0.3483,64,Month-to-month,DSL,43.85
2259-OUUSZ,35,Medium,0.3481,7,One year,DSL,35.5
4415-WNGVR,35,Medium,0.3481,12,One year,DSL,79.2
3339-EAQNV,35,Medium,0.348,72,One year,Fiber optic,97.25
7089-XXAYG,35,Medium,0.3479,25,One year,DSL,38.1
8263-OKETD,35,Medium,0.3478,20,Month-to-month,DSL,68.9
4323-OHFOW,35,Medium,0.3477,70,One year,Fiber optic,105.55
1855-CFULU,35,Medium,0.3475,4,Month-to-month,No,20.05
2896-TBNBE,35,Medium,0.3474,40,One year,Fiber optic,80.8
6563-VNPMN,35,Medium,0.3473,45,Month-to-month,Fiber optic,85.7
8108-UXRQN,35,Medium,0.3471,11,Month-to-month,DSL,50.55
3638-DIMPH,35,Medium,0.347,13,One year,DSL,43.8
7502-BNYGS,35,Medium,0.3468,46,Month-to-month,DSL,69.1
0786-IVLAW,35,Medium,0.3466,66,One year,Fiber optic,108.1
0228-MAUWC,35,Medium,0.3466,19,Month-to-month,DSL,59.55
1958-RNRKS,35,Medium,0.3466,30,Month-to-month,DSL,49.9
6734-CKRSM,35,Medium,0.3462,3,Month-to-month,No,20.0
5223-UZAVK,35,Medium,0.346,64,One year,Fiber optic,100.3
9114-VEPUF,35,Medium,0.3452,62,One year,Fiber optic,96.1
2475-MROZF,35,Medium,0.3451,30,Month-to-month,Fiber optic,95.0
7928-VJYAB,34,Medium,0.345,11,Month-to-month,Fiber optic,90.6
5193-QLVZB,34,Medium,0.3448,63,Two year,Fiber optic,104.75
7446-YPODE,34,Medium,0.3445,11,Month-to-month,DSL,60.25
8878-RYUKI,34,Medium,0.3445,52,Month-to-month,DSL,59.45
2460-NGXBJ,34,Medium,0.3442,11,Month-to-month,Fiber optic,75.2
5989-OMNJE,34,Medium,0.344,24,One year,DSL,57.6
7537-CBQUZ,34,Medium,0.3439,63,Month-to-month,Fiber optic,109.4
4881-JVQOD,34,Medium,0.3439,10,Month-to-month,DSL,34.55
1353-LJWEM,34,Medium,0.3438,11,Month-to-month,DSL,60.9
4307-KWMXE,34,Medium,0.3437,10,Month-to-month,DSL,35.75
2266-SJNAT,34,Medium,0.3437,72,One year,Fiber optic,109.15
7343-EOBEU,34,Medium,0.3435,3,Month-to-month,No,23.6
3629-WEAAM,34,Medium,0.3435,8,Month-to-month,DSL,64.1
6625-UTXEW,34,Medium,0.3434,12,Month-to-month,DSL,51.25
9415-TPKRV,34,Medium,0.3426,8,Month-to-month,DSL,55.75
0550-DCXLH,34,Medium,0.3424,13,Month-to-month,DSL,73.35
3179-GBRWV,34,Medium,0.3422,21,Month-to-month,DSL,64.95
8791-GFXLZ,34,Medium,0.3421,12,Month-to-month,DSL,49.05
0537-QYZZN,34,Medium,0.3418,24,Month-to-month,Fiber optic,79.85
3327-YBAKM,34,Medium,0.341,64,One year,Fiber optic,96.9
3070-BDOQC,34,Medium,0.3409,60,Two year,Fiber optic,99.65
6906-MPARY,34,Medium,0.3402,40,One year,Fiber optic,89.6
5947-SGKCL,34,Medium,0.3399,15,Month-to-month,Fiber optic,105.35
6878-GGDWG,34,Medium,0.3393,32,Month-to-month,No,19.4
5734-EJKXG,34,Medium,0.3392,61,One year,Fiber optic,118.6
5424-RLQLC,34,Medium,0.3392,10,Month-to-month,DSL,59.65
1768-HNVGJ,34,Medium,0.3388,45,Month-to-month,DSL,70.05
2446-ZKVAF,34,Medium,0.3387,18,Month-to-month,DSL,56.8
3644-QXEHN,34,Medium,0.3387,13,Month-to-month,Fiber optic,97.0
8627-ZYGSZ,34,Medium,0.3385,47,One year,Fiber optic,78.9
1591-MQJTP,34,Medium,0.3383,51,One year,Fiber optic,93.65
1356-MKYSK,34,Medium,0.3383,6,Month-to-month,DSL,78.65
5537-UXXVS,34,Medium,0.3377,20,Month-to-month,No,19.25
8739-QOTTN,34,Medium,0.3375,2,Month-to-month,No,20.35
3301-LSLWQ,34,Medium,0.3373,29,Month-to-month,DSL,66.1
9373-WSLOY,34,Medium,0.3373,33,Month-to-month,DSL,50.0
6549-YMFAW,34,Medium,0.3371,9,Month-to-month,No,21.25
6647-ZEDXT,34,Medium,0.337,30,One year,Fiber optic,110.45
0750-EBAIU,34,Medium,0.3364,52,One year,Fiber optic,91.25
7285-KLOTR,34,Medium,0.3361,12,One year,DSL,78.85
7296-PIXQY,34,Medium,0.336,14,Month-to-month,Fiber optic,70.2
4186-ZBUEW,34,Medium,0.3358,36,One year,DSL,70.7
2832-SCUCO,34,Medium,0.3357,2,Month-to-month,No,19.9
2324-EFHVG,33,Medium,0.3349,64,Two year,Fiber optic,104.4
8294-UIMBA,33,Medium,0.3349,30,One year,Fiber optic,94.4
4627-MIHJH,33,Medium,0.3347,69,Two year,Fiber optic,110.25
0178-CIIKR,33,Medium,0.3345,3,Month-to-month,No,19.95
1095-WGNGG,33,Medium,0.3345,61,Two year,Fiber optic,101.05
5686-CMAWK,33,Medium,0.3344,17,One year,Fiber optic,86.75
2061-VVFST,33,Medium,0.3344,37,Month-to-month,No,19.5
5345-BMKWB,33,Medium,0.3337,8,Month-to-month,No,20.25
1696-MZVAU,33,Medium,0.3333,39,One year,DSL,25.25
0822-QGCXA,33,Medium,0.3332,27,Month-to-month,DSL,83.85
5298-GSTLM,33,Medium,0.3331,60,One year,Fiber optic,101.4
5481-NTDOH,33,Medium,0.3331,67,One year,Fiber optic,107.05
7797-EJMDP,33,Medium,0.3329,8,Month-to-month,DSL,66.05
4083-BFNYK,33,Medium,0.3328,38,One year,Fiber optic,95.0
3086-RUCRN,33,Medium,0.3325,66,Month-to-month,Fiber optic,103.1
0103-CSITQ,33,Medium,0.3324,57,One year,Fiber optic,109.4
0274-JKUJR,33,Medium,0.3319,7,Month-to-month,DSL,58.85
4237-CLSMM,33,Medium,0.3315,2,Month-to-month,No,20.0
3316-UWXUY,33,Medium,0.3312,50,Month-to-month,Fiber optic,93.5
3272-VUHPV,33,Medium,0.3312,8,Month-to-month,DSL,56.3
4833-QTJNO,33,Medium,0.3311,67,Month-to-month,Fiber optic,83.85
4692-NNQRU,33,Medium,0.331,21,One year,Fiber optic,79.2
5309-TAIKL,33,Medium,0.3308,7,Month-to-month,DSL,62.8
6968-URWQU,33,Medium,0.3308,43,One year,DSL,56.35
4660-IRIBM,33,Medium,0.3303,18,Month-to-month,Fiber optic,87.9
1134-YWTYF,33,Medium,0.33,27,Month-to-month,DSL,53.8
8865-TNMNX,33,Medium,0.3292,10,One year,DSL,49.55
5195-KPUNQ,33,Medium,0.329,53,One year,Fiber optic,96.75
0002-ORFBO,33,Medium,0.3289,9,One year,DSL,65.6
4785-NKHCX,33,Medium,0.3288,5,Month-to-month,No,20.05
4973-RLZVI,33,Medium,0.3287,30,One year,DSL,74.65
4118-CEVPF,33,Medium,0.3284,35,One year,Fiber optic,110.8
8565-HBFNN,33,Medium,0.3284,69,One year,Fiber optic,107.2
7993-NQLJE,33,Medium,0.3283,15,Month-to-month,Fiber optic,75.1
7159-NOKYQ,33,Medium,0.3273,67,Two year,Fiber optic,93.15
7868-BGSZA,33,Medium,0.3269,43,One year,DSL,80.2
8631-WUXGY,33,Medium,0.3265,46,Month-to-month,Fiber optic,99.8
4801-JZAZL,33,Medium,0.3262,11,Month-to-month,DSL,29.6
5619-PTMIK,33,Medium,0.3262,46,Month-to-month,DSL,53.1
6475-VHUIZ,33,Medium,0.3261,23,Month-to-month,DSL,54.25
3011-WQKSZ,33,Medium,0.3259,19,Month-to-month,No,20.0
6551-GNYDG,33,Medium,0.3258,14,Month-to-month,Fiber optic,80.9
3097-PYWXL,33,Medium,0.3256,4,Month-to-month,No,19.95
1229-RCALF,32,Medium,0.3249,64,One year,Fiber optic,115.0
3744-ZBHON,32,Medium,0.3248,3,Month-to-month,No,20.2
1264-FUHCX,32,Medium,0.3248,49,One year,DSL,56.3
3160-TYXLT,32,Medium,0.3247,53,Month-to-month,DSL,46.3
9480-BQJEI,32,Medium,0.3246,62,One year,Fiber optic,92.3
0701-TJSEF,32,Medium,0.3245,9,Month-to-month,DSL,68.25
3537-RYBHH,32,Medium,0.3244,47,Month-to-month,DSL,67.45
4431-EDMIQ,32,Medium,0.3242,7,Month-to-month,DSL,75.7
5590-ZSKRV,32,Medium,0.3242,8,Month-to-month,DSL,54.65
9770-LXDBK,32,Medium,0.324,3,Month-to-month,No,20.4
1697-NVVGY,32,Medium,0.3237,19,Month-to-month,DSL,66.4
3001-UNBTL,32,Medium,0.3233,29,Month-to-month,Fiber optic,103.95
7143-BQIBA,32,Medium,0.3233,10,Month-to-month,DSL,62.25
6994-ORCWG,32,Medium,0.3233,14,One year,DSL,54.25
8070-AAWZP,32,Medium,0.3232,24,Month-to-month,DSL,34.25
9853-JFZDU,32,Medium,0.3231,35,Month-to-month,DSL,56.85
3374-TTZTK,32,Medium,0.3225,52,Two year,Fiber optic,106.3
3417-TSCIC,32,Medium,0.322,29,One year,DSL,24.85
8582-KRHPJ,32,Medium,0.322,50,Month-to-month,DSL,35.0
4374-YMUSQ,32,Medium,0.3216,34,One year,Fiber optic,116.25
6202-DYYFX,32,Medium,0.3207,22,One year,Fiber optic,76.0
1125-SNVCK,32,Medium,0.3204,49,Month-to-month,DSL,43.8
4350-ZTLPI,32,Medium,0.3204,53,One year,Fiber optic,108.95
8932-CZHRQ,32,Medium,0.3204,68,One year,DSL,76.75
8819-ZBYNA,32,Medium,0.3201,58,Two year,Fiber optic,109.1
8229-MYEJZ,32,Medium,0.32,10,Month-to-month,DSL,51.2
2805-EDJPQ,32,Medium,0.32,56,One year,Fiber optic,99.75
7787-BNTZM,32,Medium,0.3195,6,Month-to-month,No,20.15
4369-NYSCF,32,Medium,0.3194,56,One year,DSL,75.75
9609-BENEA,32,Medium,0.319,35,One year,DSL,69.0
4324-BZCKL,32,Medium,0.3189,10,Month-to-month,DSL,55.55
9163-GHAYE,32,Medium,0.3188,15,Month-to-month,DSL,48.85
4283-IVYCI,32,Medium,0.3181,9,Month-to-month,DSL,64.95
9501-UKKNL,32,Medium,0.3179,59,Month-to-month,DSL,51.7
7869-ZYDST,32,Medium,0.3179,31,Month-to-month,DSL,59.05
1452-KIOVK,32,Medium,0.3177,22,Month-to-month,Fiber optic,89.1
6227-FBDXH,32,Medium,0.3174,69,One year,Fiber optic,99.5
1089-HDMKP,32,Medium,0.317,11,Month-to-month,DSL,54.55
3173-NVMPX,32,Medium,0.3169,9,Month-to-month,DSL,55.3
7176-WRTNX,32,Medium,0.3162,70,Two year,Fiber optic,114.95
3521-MNKLV,32,Medium,0.3161,24,Month-to-month,DSL,49.7
7409-JURKQ,32,Medium,0.3156,53,One year,Fiber optic,111.8
0946-FKYTX,32,Medium,0.3156,52,One year,DSL,30.1
7241-AJHFS,32,Medium,0.3154,32,Month-to-month,Fiber optic,87.65
0872-JCPIB,32,Medium,0.3153,17,Month-to-month,DSL,65.75
8707-RMEZH,32,Medium,0.3152,69,One year,Fiber optic,87.3
0557-ASKVU,32,Medium,0.315,18,One year,DSL,54.4
9060-HJJRW,32,Medium,0.315,51,One year,DSL,56.4
8644-XYTSV,31,Medium,0.3148,42,Month-to-month,DSL,40.15
1142-IHLOO,31,Medium,0.314,51,One year,Fiber optic,87.55
6576-FBXOJ,31,Medium,0.3139,17,One year,DSL,54.6
4310-KEDTB,31,Medium,0.3139,26,Month-to-month,DSL,29.8
9426-SXNHE,31,Medium,0.3137,2,Month-to-month,No,18.75
6789-HJBWG,31,Medium,0.3132,12,Month-to-month,DSL,49.4
0114-RSRRW,31,Medium,0.3128,10,Month-to-month,No,19.95
9881-VCZEP,31,Medium,0.3127,25,Month-to-month,DSL,54.1
2519-ERQOJ,31,Medium,0.3126,33,Month-to-month,DSL,54.6
7191-ADRGF,31,Medium,0.3124,44,Two year,DSL,54.3
9036-CSKBW,31,Medium,0.3123,51,One year,Fiber optic,107.45
2277-BKJKN,31,Medium,0.3123,71,Two year,Fiber optic,99.2
6483-OATDN,31,Medium,0.3121,8,Month-to-month,DSL,51.3
6497-TILVL,31,Medium,0.312,7,Month-to-month,DSL,50.7
6447-GORXK,31,Medium,0.3118,31,Month-to-month,DSL,25.0
7883-ROJOC,31,Medium,0.3111,19,Month-to-month,DSL,44.9
9906-NHHVC,31,Medium,0.3111,65,Two year,DSL,53.5
9959-WOFKT,31,Medium,0.3107,71,Two year,Fiber optic,106.7
4455-BFSPD,31,Medium,0.3106,61,One year,Fiber optic,101.15
0523-VNGTF,31,Medium,0.3102,52,Month-to-month,DSL,50.5
9013-AQORL,31,Medium,0.3096,48,Month-to-month,DSL,45.55
2908-ZTPNF,31,Medium,0.3095,36,Month-to-month,DSL,34.85
2087-QAREY,31,Medium,0.3095,22,Month-to-month,DSL,54.7
8967-SZQAS,31,Medium,0.3094,14,Month-to-month,DSL,50.45
7691-XVTZH,31,Medium,0.3092,68,Two year,Fiber optic,89.95
0289-IVARM,31,Medium,0.3089,35,Month-to-month,DSL,60.55
7820-ZYGNY,31,Medium,0.3078,63,One year,Fiber optic,90.45
3096-YXENJ,31,Medium,0.3077,65,Two year,Fiber optic,107.65
6469-QJKZW,31,Medium,0.3073,4,Month-to-month,No,20.15
8547-NSBBO,31,Medium,0.3067,35,Month-to-month,Fiber optic,96.75
4827-USJHP,31,Medium,0.3065,20,Month-to-month,DSL,51.8
0345-XMMUG,31,Medium,0.3065,46,Two year,Fiber optic,108.9
8089-UZWLX,31,Medium,0.3064,71,Two year,Fiber optic,104.05
7519-JTWQH,31,Medium,0.3061,69,Two year,Fiber optic,110.5
1336-EZFZY,31,Medium,0.3059,4,Month-to-month,No,20.05
2458-EOMRE,31,Medium,0.3059,11,Month-to-month,DSL,64.05
5423-BHIXO,31,Medium,0.3058,32,Month-to-month,DSL,54.2
9798-DRYDS,31,Medium,0.3056,17,One year,DSL,61.95
2640-LYMOV,31,Medium,0.3051,2,Month-to-month,No,19.65
3786-WOVKF,31,Medium,0.3051,72,One year,Fiber optic,106.85
4908-XAXAY,30,Medium,0.305,49,One year,Fiber optic,89.85
9253-VIFJQ,30,Medium,0.3049,65,One year,DSL,67.05
7663-CUXZB,30,Medium,0.3048,59,Two year,Fiber optic,113.75
3442-ZHHCC,30,Medium,0.3047,68,One year,DSL,76.9
9837-FWLCH,30,Medium,0.3046,12,Month-to-month,No,19.2
1088-CNNKB,30,Medium,0.3039,63,One year,DSL,80.0
9115-YQHGA,30,Medium,0.3036,40,Month-to-month,DSL,51.1
8663-UPDGF,30,Medium,0.3036,26,Month-to-month,DSL,69.5
3758-CKOQL,30,Medium,0.3035,59,One year,Fiber optic,107.0
7526-IVLYU,30,Medium,0.3035,3,Month-to-month,No,19.65
7074-STDCN,30,Medium,0.3035,39,Month-to-month,DSL,40.6
1596-OQSPS,30,Medium,0.3034,11,Month-to-month,DSL,51.1
6941-KXRRV,30,Medium,0.3028,48,One year,DSL,58.95
2474-LCNUE,30,Medium,0.3027,23,Month-to-month,DSL,73.65
1409-PHXTF,30,Medium,0.3025,54,Two year,Fiber optic,110.45
6838-YAUVY,30,Medium,0.3019,54,Two year,Fiber optic,95.1
2419-FSORS,30,Medium,0.3018,72,Two year,Fiber optic,108.4
7872-RDDLZ,30,Medium,0.3017,67,Month-to-month,DSL,54.9
0939-EREMR,30,Medium,0.3008,13,Month-to-month,DSL,53.45
9970-QBCDA,30,Medium,0.3008,6,Month-to-month,No,19.7
3413-CSSTH,30,Medium,0.3005,41,Month-to-month,DSL,55.7
4397-FRLTA,30,Medium,0.3003,4,Month-to-month,No,20.15
6865-JZNKO,30,Medium,0.3001,30,Month-to-month,DSL,55.3
3736-BLEPA,30,Low,0.2999,28,One year,Fiber optic,91.25
2320-SLKMB,30,Low,0.2997,26,Month-to-month,DSL,44.45
1936-CZAKF,30,Low,0.2997,49,Two year,DSL,49.65
9488-FYQAU,30,Low,0.2996,63,Two year,Fiber optic,109.25
6728-DKUCO,30,Low,0.2995,72,One year,Fiber optic,104.15
8970-ANWXO,30,Low,0.2992,23,One year,DSL,73.75
9364-YKUVW,30,Low,0.2986,15,Month-to-month,No,19.8
3977-QCRSL,30,Low,0.2984,5,Month-to-month,No,20.15
6035-RIIOM,30,Low,0.2982,54,Two year,Fiber optic,97.2
6773-LQTVT,30,Low,0.2981,29,Month-to-month,DSL,35.65
9143-CANJF,30,Low,0.2979,24,Month-to-month,DSL,55.15
8474-UMLNT,30,Low,0.2978,13,Month-to-month,DSL,67.8
2055-SIFSS,30,Low,0.2978,55,Month-to-month,DSL,51.65
4522-XRWWI,30,Low,0.2978,42,One year,DSL,80.45
2294-SALNE,30,Low,0.2972,23,One year,Fiber optic,86.8
2074-GUHPQ,30,Low,0.2972,17,Month-to-month,Fiber optic,92.7
9314-QDMDW,30,Low,0.2971,11,One year,DSL,61.25
6394-HHHZM,30,Low,0.297,3,Month-to-month,No,20.7
1852-XEMDW,30,Low,0.2966,22,Month-to-month,DSL,65.05
0723-VSOBE,30,Low,0.2962,45,One year,DSL,34.2
9039-ZVJDC,30,Low,0.2958,3,Month-to-month,No,19.1
6439-LAJXL,30,Low,0.2957,9,Month-to-month,DSL,68.95
0795-GMVQO,30,Low,0.2957,67,One year,Fiber optic,109.9
6257-DTAYD,30,Low,0.2956,71,Two year,Fiber optic,104.15
6794-HKIAJ,30,Low,0.2956,62,Month-to-month,Fiber optic,90.7
1395-OFUWC,30,Low,0.2955,43,Month-to-month,DSL,29.3
4929-ROART,29,Low,0.2949,18,Month-to-month,DSL,56.25
7753-USQYQ,29,Low,0.2948,55,One year,DSL,64.2
5168-MQQCA,29,Low,0.2946,72,One year,Fiber optic,108.5
0723-FDLAY,29,Low,0.2945,44,One year,DSL,85.25
4611-ANLQC,29,Low,0.2944,60,One year,DSL,50.05
5160-UXJED,29,Low,0.2942,17,One year,DSL,44.6
5240-CAOYT,29,Low,0.2941,57,Month-to-month,Fiber optic,87.55
9137-NOQKA,29,Low,0.2937,2,Month-to-month,No,19.2
6959-GQEGV,29,Low,0.2936,45,Month-to-month,DSL,75.95
0603-OLQDC,29,Low,0.2936,12,Month-to-month,DSL,69.85
6050-FFXES,29,Low,0.2935,69,Two year,Fiber optic,105.35
9754-CLVZW,29,Low,0.2933,26,Month-to-month,DSL,38.85
0282-NVSJS,29,Low,0.2932,12,Month-to-month,DSL,29.3
7233-IOQNP,29,Low,0.293,43,Month-to-month,DSL,34.0
9357-UJRUN,29,Low,0.2929,24,One year,DSL,58.35
6621-YOBKI,29,Low,0.2927,5,Month-to-month,No,20.35
9054-FOWNV,29,Low,0.2924,22,Month-to-month,Fiber optic,88.75
7964-ZRKKG,29,Low,0.291,67,One year,Fiber optic,88.4
5386-THSLQ,29,Low,0.2906,66,One year,DSL,45.55
9342-VNIMQ,29,Low,0.2903,33,Month-to-month,DSL,54.65
9774-NRNAU,29,Low,0.2903,27,Month-to-month,DSL,84.8
0811-GSDTP,29,Low,0.29,13,Month-to-month,DSL,30.15
0564-MUUQK,29,Low,0.29,20,Month-to-month,Fiber optic,95.5
8148-BPLZQ,29,Low,0.2899,34,Month-to-month,DSL,49.8
2843-CQMEG,29,Low,0.2896,24,Month-to-month,DSL,49.7
5678-VFNEQ,29,Low,0.2895,71,One year,Fiber optic,104.1
1925-GMVBW,29,Low,0.2895,5,Month-to-month,No,20.55
2065-MMKGR,29,Low,0.2895,29,One year,DSL,71.0
4079-VTGLK,29,Low,0.2889,30,Two year,DSL,74.85
0384-RVBPI,29,Low,0.2888,20,Month-to-month,DSL,64.4
2890-WFBHU,29,Low,0.2885,59,One year,DSL,79.85
5574-NXZIU,29,Low,0.2884,63,Two year,Fiber optic,109.2
3675-EQOZA,29,Low,0.2881,5,Month-to-month,No,20.65
4459-BBGHE,29,Low,0.2881,30,Month-to-month,DSL,44.5
7629-WFGLW,29,Low,0.288,56,One year,Fiber optic,95.65
6507-DTJZV,29,Low,0.288,13,Month-to-month,DSL,66.4
8224-IVVPA,29,Low,0.2878,27,Month-to-month,DSL,56.7
2931-VUVJN,29,Low,0.2876,59,One year,Fiber optic,94.05
6907-CQGPN,29,Low,0.2875,29,Month-to-month,DSL,34.3
2252-ISRNH,29,Low,0.287,9,One year,Fiber optic,90.35
3642-GKTCT,29,Low,0.287,61,One year,Fiber optic,115.1
5697-GOMBF,29,Low,0.2869,28,Month-to-month,DSL,35.9
4119-ZYPZY,29,Low,0.2868,71,Two year,Fiber optic,106.8
4759-PXTAN,29,Low,0.2864,59,One year,DSL,80.1
6258-NGCNG,29,Low,0.2864,7,Month-to-month,No,23.5
3363-EWLGO,29,Low,0.2863,5,Month-to-month,No,19.95
2308-STERM,29,Low,0.2863,2,Month-to-month,No,19.4
9367-OIUXP,29,Low,0.286,4,Month-to-month,No,20.7
4622-YNKIJ,29,Low,0.2859,33,Two year,Fiber optic,88.95
2393-DIVAI,29,Low,0.2858,3,Month-to-month,No,20.0
6671-NGWON,29,Low,0.2856,7,Month-to-month,No,20.35
0516-UXRMT,29,Low,0.2856,62,One year,Fiber optic,92.05
2851-MMUTZ,29,Low,0.2855,27,Month-to-month,DSL,56.15
3787-TRIAL,29,Low,0.2854,21,Month-to-month,DSL,26.05
2439-QKJUL,29,Low,0.2853,5,Month-to-month,No,20.25
7811-JIVPF,29,Low,0.2853,23,Month-to-month,DSL,49.7
6890-PFRQX,29,Low,0.2851,18,Month-to-month,DSL,69.5
3214-IYUUQ,29,Low,0.2851,61,One year,Fiber optic,93.7
5524-KHNJP,29,Low,0.2851,33,One year,DSL,74.75
1099-BTKWT,28,Low,0.2847,68,One year,DSL,54.4
7016-NVRIC,28,Low,0.2847,29,One year,Fiber optic,90.1
8741-LQOBK,28,Low,0.2846,46,Month-to-month,DSL,35.05
5850-BDWCY,28,Low,0.2846,6,Month-to-month,No,20.2
0068-FIGTF,28,Low,0.2845,27,One year,DSL,78.2
7663-ZTEGJ,28,Low,0.2843,29,One year,Fiber optic,100.55
0201-MIBOL,28,Low,0.2841,66,Two year,Fiber optic,102.4
5236-XMZJY,28,Low,0.284,42,Month-to-month,DSL,59.65
1060-ENTOF,28,Low,0.2839,67,One year,Fiber optic,105.4
0308-IVGOK,28,Low,0.2838,11,One year,DSL,40.4
9818-XQCUV,28,Low,0.2838,2,Month-to-month,No,20.35
8999-XXGNS,28,Low,0.2837,72,One year,Fiber optic,105.75
2229-VWQJH,28,Low,0.2835,24,Month-to-month,DSL,49.3
0440-UEDAI,28,Low,0.2835,53,One year,Fiber optic,94.45
4365-MSDYN,28,Low,0.283,8,Month-to-month,No,19.55
3181-VTHOE,28,Low,0.283,70,One year,DSL,51.05
0750-EKNGL,28,Low,0.2828,7,Month-to-month,No,20.75
9069-LGEUL,28,Low,0.2824,23,Month-to-month,DSL,59.95
4710-NKCAW,28,Low,0.282,5,Month-to-month,DSL,64.4
8894-JVDCV,28,Low,0.2814,62,One year,Fiber optic,115.05
9000-PLFUZ,28,Low,0.281,60,Two year,DSL,49.45
6036-TTFYU,28,Low,0.281,16,Month-to-month,No,19.6
2027-CWDNU,28,Low,0.2807,18,Month-to-month,Fiber optic,85.6
1796-JANOW,28,Low,0.2806,2,Month-to-month,No,19.95
6738-ISCBM,28,Low,0.2804,44,One year,DSL,54.0
9618-LFJRU,28,Low,0.2801,4,Month-to-month,No,20.45
7799-DSEWS,28,Low,0.2796,18,Month-to-month,DSL,68.35
7997-EASSD,28,Low,0.2794,63,One year,Fiber optic,81.2
3487-EARAT,28,Low,0.2793,70,One year,DSL,74.1
3948-FVVRP,28,Low,0.2791,9,Month-to-month,DSL,54.8
3391-JSQEW,28,Low,0.2787,40,Month-to-month,DSL,50.15
8200-KLNYW,28,Low,0.2787,21,One year,DSL,80.9
6766-HFKLA,28,Low,0.2786,56,Two year,Fiber optic,103.2
6972-SNKKW,28,Low,0.2782,6,Month-to-month,No,20.0
5562-YJQGT,28,Low,0.2781,2,Month-to-month,No,20.35
8006-PYCSW,28,Low,0.278,2,Month-to-month,No,20.1
2436-QBZFP,28,Low,0.278,22,Month-to-month,DSL,39.2
6131-FOYAS,28,Low,0.278,35,Month-to-month,DSL,59.6
9786-IJYDL,28,Low,0.2778,35,Two year,Fiber optic,113.2
0690-SRQID,28,Low,0.2777,4,Month-to-month,No,19.65
4189-NAKJS,28,Low,0.2777,26,One year,DSL,51.55
9391-DXGGG,28,Low,0.2776,44,One year,Fiber optic,89.15
6575-SUVOI,28,Low,0.2774,25,Month-to-month,DSL,69.5
1265-HVPZB,28,Low,0.2773,59,One year,DSL,66.4
4396-KLSEH,28,Low,0.2771,4,Month-to-month,No,19.85
4115-UMJFQ,28,Low,0.2771,69,One year,DSL,35.75
6402-SSEJG,28,Low,0.2768,25,One year,DSL,61.05
7964-YESJC,28,Low,0.2767,24,Month-to-month,DSL,66.3
9351-HXDMR,28,Low,0.2767,72,Two year,Fiber optic,110.9
6366-XIVKZ,28,Low,0.2765,13,Month-to-month,DSL,63.15
4795-WRNVT,28,Low,0.2762,40,Month-to-month,DSL,65.1
1480-IVEVR,28,Low,0.276,35,One year,Fiber optic,81.6
2639-UGMAZ,28,Low,0.2752,71,One year,DSL,56.45
0623-EJQEG,27,Low,0.2749,65,One year,Fiber optic,93.55
6728-CZFEI,27,Low,0.2747,15,One year,DSL,56.15
8992-OBVDG,27,Low,0.2746,21,Month-to-month,DSL,61.65
2801-NISEI,27,Low,0.2746,24,Month-to-month,DSL,54.95
0188-GWFLE,27,Low,0.2743,2,Month-to-month,No,20.05
1679-JRFBR,27,Low,0.2739,70,One year,Fiber optic,108.15
9277-JOOMO,27,Low,0.2738,3,Month-to-month,No,24.6
7740-BTPUX,27,Low,0.2737,55,Two year,Fiber optic,113.6
6147-CBCRA,27,Low,0.2736,33,Month-to-month,No,20.05
2155-AMQRX,27,Low,0.2735,28,Month-to-month,DSL,54.9
1208-NBVFH,27,Low,0.2732,20,Month-to-month,DSL,49.6
2342-CKIAO,27,Low,0.2732,2,Month-to-month,No,20.3
2683-JXWQQ,27,Low,0.273,61,Month-to-month,DSL,33.6
8984-EYLLL,27,Low,0.273,64,Two year,Fiber optic,105.25
4199-QHJNM,27,Low,0.273,67,Two year,Fiber optic,102.9
6900-RBKER,27,Low,0.2729,52,Two year,Fiber optic,89.45
2371-KFUOG,27,Low,0.2728,58,One year,Fiber optic,99.15
1814-DKOLC,27,Low,0.2727,5,Month-to-month,No,25.45
3806-YAZOV,27,Low,0.2727,3,Month-to-month,No,18.8
0816-TSPHQ,27,Low,0.2726,2,Month-to-month,No,20.75
5081-NWSUP,27,Low,0.2724,10,One year,DSL,64.9
0708-SJDIS,27,Low,0.2723,34,Month-to-month,DSL,65.0
6473-ULUHT,27,Low,0.272,16,Month-to-month,DSL,84.9
3450-WXOAT,27,Low,0.2719,46,Month-to-month,DSL,45.2
9779-DPNEJ,27,Low,0.2718,22,Month-to-month,Fiber optic,80.15
8756-RDDLT,27,Low,0.2718,68,Month-to-month,DSL,44.95
3530-CRZSB,27,Low,0.2716,7,Month-to-month,No,20.65
0384-LPITE,27,Low,0.2715,40,One year,DSL,62.05
2338-BQEZT,27,Low,0.2714,55,Month-to-month,DSL,50.55
9862-KJTYK,27,Low,0.271,19,Month-to-month,DSL,25.35
7750-EYXWZ,27,Low,0.2707,12,One year,DSL,60.65
7470-DYNOE,27,Low,0.2706,53,One year,DSL,61.1
3038-PQIUY,27,Low,0.2704,38,Month-to-month,DSL,66.15
3224-DFQNQ,27,Low,0.2702,66,One year,Fiber optic,89.0
5795-KTGUD,27,Low,0.2702,68,Two year,Fiber optic,110.8
1371-WEPDS,27,Low,0.27,40,One year,DSL,55.8
3694-GLTJM,27,Low,0.2699,5,Month-to-month,No,19.65
6469-MRVET,27,Low,0.2699,1,One year,No,20.2
9513-DXHDA,27,Low,0.2697,27,One year,DSL,81.7
6942-LBFDP,27,Low,0.2697,2,Month-to-month,No,20.55
7672-VFMXZ,27,Low,0.2696,57,Month-to-month,DSL,55.7
5149-CUZUJ,27,Low,0.2694,28,One year,Fiber optic,92.9
9512-PHSMG,27,Low,0.2691,10,Month-to-month,No,20.55
0440-QEXBZ,27,Low,0.2689,44,Month-to-month,DSL,50.15
4049-ZPALD,27,Low,0.2687,64,Two year,Fiber optic,99.0
4770-QAZXN,27,Low,0.2685,13,Month-to-month,No,19.45
2533-TIBIX,27,Low,0.2684,15,Month-to-month,DSL,30.2
6873-UDNLD,27,Low,0.2684,40,Month-to-month,DSL,67.45
3969-JQABI,27,Low,0.2679,58,Month-to-month,DSL,65.25
0670-ANMUU,27,Low,0.2677,71,One year,Fiber optic,97.65
6297-NOOPG,27,Low,0.2677,70,Two year,Fiber optic,110.5
6734-FQAJX,27,Low,0.2675,67,Two year,Fiber optic,105.05
1543-LLLFT,27,Low,0.2673,61,One year,Fiber optic,98.3
0997-YTLNY,27,Low,0.2672,19,Month-to-month,DSL,48.8
4501-VCPFK,27,Low,0.2671,26,Month-to-month,DSL,35.75
9848-JQJTX,27,Low,0.2671,72,Two year,Fiber optic,100.9
1376-HHBDV,27,Low,0.2668,30,Month-to-month,DSL,48.8
5067-DGXLL,27,Low,0.2666,2,Month-to-month,No,20.25
2616-UUTFK,27,Low,0.2663,33,Month-to-month,DSL,72.75
4686-GEFRM,27,Low,0.2662,70,Two year,Fiber optic,98.7
5760-WRAHC,27,Low,0.266,22,Month-to-month,DSL,69.75
3126-WQMGH,27,Low,0.266,49,Month-to-month,DSL,52.15
3282-ZISZV,27,Low,0.2659,32,One year,DSL,83.7
7266-GSSJX,27,Low,0.2657,11,Month-to-month,No,20.45
6075-QMNRR,27,Low,0.2655,52,Month-to-month,DSL,49.75
8133-ANHHJ,27,Low,0.2654,49,One year,Fiber optic,103.0
5913-INRQV,26,Low,0.265,34,One year,Fiber optic,90.15
8550-XSXUQ,26,Low,0.2649,48,One year,DSL,70.55
9578-FOMUK,26,Low,0.2646,15,Month-to-month,No,24.8
2928-HLDBA,26,Low,0.2646,6,Month-to-month,No,20.7
0254-KCJGT,26,Low,0.2645,52,One year,DSL,81.4
9076-AXYIK,26,Low,0.2643,64,Two year,Fiber optic,102.1
2391-IPLOP,26,Low,0.2642,50,One year,DSL,69.65
4043-MKDTV,26,Low,0.2641,71,Two year,Fiber optic,105.25
3167-SNQPL,26,Low,0.2641,38,Month-to-month,Fiber optic,101.15
4726-DLWQN,26,Low,0.264,50,Month-to-month,DSL,70.35
5144-PQCDZ,26,Low,0.2639,4,Month-to-month,No,19.95
4508-OEBEY,26,Low,0.2638,31,One year,DSL,75.5
7746-AWNQW,26,Low,0.2636,28,Month-to-month,DSL,35.75
3472-OAOOR,26,Low,0.2633,19,Month-to-month,DSL,34.95
7916-VCCPB,26,Low,0.2626,16,Month-to-month,Fiber optic,73.25
8713-IGZSO,26,Low,0.2622,2,Month-to-month,No,24.85
8746-OQQRW,26,Low,0.2616,4,Month-to-month,No,25.25
1498-DQNRX,26,Low,0.2615,29,Month-to-month,No,19.85
1557-EMYVT,26,Low,0.2615,43,Two year,Fiber optic,115.05
1472-TNCWL,26,Low,0.2614,36,Month-to-month,Fiber optic,94.7
1097-FSPVW,26,Low,0.261,42,Month-to-month,DSL,54.55
5985-BEHZK,26,Low,0.261,72,One year,Fiber optic,105.0
5996-NRVXR,26,Low,0.261,40,One year,Fiber optic,98.15
4389-UEFCZ,26,Low,0.2608,72,Two year,Fiber optic,105.5
5954-BDFSG,26,Low,0.2601,72,Two year,Fiber optic,107.5
5651-CRHKQ,26,Low,0.2598,41,One year,Fiber optic,86.2
3701-SFMUH,26,Low,0.2598,7,Month-to-month,DSL,69.7
0112-QAWRZ,26,Low,0.2597,16,Month-to-month,Fiber optic,90.8
3716-LRGXK,26,Low,0.2595,60,Two year,Fiber optic,101.15
1334-PDUKM,26,Low,0.2594,68,One year,Fiber optic,86.45
7673-LPRNY,26,Low,0.2593,23,One year,DSL,78.55
0799-DDIHE,26,Low,0.2593,15,Month-to-month,DSL,46.3
6195-MELTI,26,Low,0.2593,57,One year,DSL,54.65
8044-BGWPI,26,Low,0.2593,12,Month-to-month,No,21.15
0128-MKWSG,26,Low,0.2593,26,Month-to-month,DSL,45.8
2371-JUNGC,26,Low,0.2591,11,Month-to-month,No,20.25
5663-QBGIS,26,Low,0.259,72,Two year,Fiber optic,98.35
6490-FGZAT,26,Low,0.2587,6,Month-to-month,No,20.65
9644-KVCNC,26,Low,0.2586,66,One year,Fiber optic,92.15
5712-VBOXD,26,Low,0.2586,4,Month-to-month,No,20.15
2233-FAGXV,26,Low,0.2585,5,Month-to-month,No,24.3
0619-OLYUR,26,Low,0.2583,72,Two year,Fiber optic,111.9
5639-NTUPK,26,Low,0.2582,13,Month-to-month,DSL,52.1
3043-SUDUA,26,Low,0.2582,32,Month-to-month,No,19.9
9933-QRGTX,26,Low,0.2573,60,Two year,Fiber optic,97.2
0310-VQXAM,26,Low,0.2568,9,Month-to-month,No,19.85
6308-CQRBU,26,Low,0.2567,71,Two year,Fiber optic,109.25
0842-IWYCP,26,Low,0.2567,46,Month-to-month,DSL,44.95
4012-ZTHBR,26,Low,0.2566,21,Month-to-month,DSL,44.95
3703-TTEPD,26,Low,0.2565,21,Month-to-month,DSL,65.35
3197-NNYNB,26,Low,0.2563,65,Two year,Fiber optic,105.1
4986-MXSFP,26,Low,0.256,2,Month-to-month,No,20.0
8017-UVSZU,26,Low,0.256,40,Month-to-month,DSL,56.6
0871-OPBXW,26,Low,0.256,2,Month-to-month,No,20.05
4682-BLBUC,26,Low,0.2559,44,One year,DSL,70.95
0868-VJRDR,26,Low,0.2556,64,Two year,Fiber optic,104.05
1707-HABPF,26,Low,0.2553,46,One year,Fiber optic,91.3
3402-XRIUO,26,Low,0.2553,22,Month-to-month,DSL,63.55
7636-XUHWW,26,Low,0.2552,2,Month-to-month,No,19.9
3059-NGMXB,26,Low,0.255,14,Month-to-month,DSL,69.2
8082-GHXOP,26,Low,0.255,13,Month-to-month,DSL,44.0
1936-UAFEH,25,Low,0.2549,68,Two year,Fiber optic,110.25
3099-OONVS,25,Low,0.2549,25,Month-to-month,DSL,54.3
7611-YKYTC,25,Low,0.2549,22,Month-to-month,Fiber optic,75.0
3845-JHAMY,25,Low,0.2545,16,Month-to-month,DSL,35.5
8152-VETUR,25,Low,0.2543,72,Two year,Fiber optic,97.7
7838-LAZFO,25,Low,0.2543,45,One year,DSL,78.8
7690-KPNCU,25,Low,0.2542,64,One year,DSL,73.05
6035-BXTTY,25,Low,0.254,32,Month-to-month,DSL,54.65
1641-RQDAY,25,Low,0.254,32,Month-to-month,Fiber optic,100.4
3675-YDUPJ,25,Low,0.2538,10,Month-to-month,No,19.85
0373-AIVNJ,25,Low,0.2534,9,One year,DSL,39.55
4568-TTZRT,25,Low,0.2533,9,Month-to-month,No,20.4
8295-FHIVV,25,Low,0.2525,7,Month-to-month,No,19.4
3570-YUEKJ,25,Low,0.2523,42,Month-to-month,DSL,49.55
8944-AILEF,25,Low,0.2523,15,Month-to-month,No,19.45
4828-FAZPK,25,Low,0.2521,16,Month-to-month,Fiber optic,79.95
7078-NVFAM,25,Low,0.2519,32,Month-to-month,DSL,35.15
9546-KDTRB,25,Low,0.2517,19,Month-to-month,No,24.7
3605-JISKB,25,Low,0.2516,55,One year,DSL,60.0
3635-JBPSG,25,Low,0.2515,15,Two year,DSL,38.8
2040-OBMLJ,25,Low,0.2514,31,One year,Fiber optic,81.7
3195-TQDZX,25,Low,0.2512,3,Month-to-month,No,20.25
4676-MQUEA,25,Low,0.2511,50,One year,Fiber optic,101.9
7088-FBAWU,25,Low,0.2511,17,Month-to-month,DSL,74.55
2200-DSAAL,25,Low,0.251,68,Two year,DSL,80.65
2379-GYFLQ,25,Low,0.2508,46,One year,Fiber optic,94.9
3794-NFNCH,25,Low,0.2508,30,Month-to-month,DSL,50.0
8548-AWOFC,25,Low,0.2507,66,Month-to-month,DSL,63.85
3733-ZEECP,25,Low,0.2507,22,Month-to-month,DSL,51.1
6319-QSUSR,25,Low,0.2507,11,Month-to-month,No,19.7
2240-HSJQD,25,Low,0.2507,38,Month-to-month,Fiber optic,81.85
4495-LHSSK,25,Low,0.2506,18,Month-to-month,DSL,57.65
2323-ARSVR,25,Low,0.2505,67,Two year,Fiber optic,111.05
5382-TEMLV,25,Low,0.2504,45,Month-to-month,DSL,50.9
9932-WBWIK,25,Low,0.2501,11,Month-to-month,No,20.35
9738-QLWTP,25,Low,0.2499,39,One year,Fiber optic,81.9
1216-JWVUX,25,Low,0.2494,25,Month-to-month,Fiber optic,75.5
8189-DUKMV,25,Low,0.2491,4,One year,No,20.5
4778-IZARL,25,Low,0.2489,63,Two year,Fiber optic,110.1
3896-RCYYE,25,Low,0.2488,67,Month-to-month,DSL,53.4
1921-KYSAY,25,Low,0.2486,41,One year,DSL,68.6
4316-XCSLJ,25,Low,0.2485,17,Month-to-month,DSL,50.3
1621-YNCJH,25,Low,0.2484,36,Two year,Fiber optic,106.05
3597-YASZG,25,Low,0.2484,70,Two year,Fiber optic,104.45
8150-QUDFX,25,Low,0.2482,2,Month-to-month,No,19.85
5724-BIDBU,25,Low,0.2482,49,One year,DSL,55.35
9089-UOWJG,25,Low,0.248,12,Month-to-month,DSL,58.35
3936-QQFLL,25,Low,0.2478,2,Month-to-month,No,19.75
4023-RTIQM,25,Low,0.2477,31,One year,DSL,50.4
4923-ADWXJ,25,Low,0.2475,25,Month-to-month,DSL,65.8
9114-AAFQH,25,Low,0.2475,48,One year,DSL,65.65
5539-HIVAK,25,Low,0.2474,28,Month-to-month,No,25.7
9570-KYEUA,25,Low,0.2473,64,Two year,Fiber optic,99.25
0810-BDHAW,25,Low,0.2472,24,One year,DSL,78.4
9955-QOPOY,25,Low,0.2471,69,One year,DSL,60.8
9938-ZREHM,25,Low,0.247,37,One year,DSL,72.1
1386-ZIKUV,25,Low,0.2469,7,Month-to-month,No,18.95
7892-QVYKW,25,Low,0.2468,23,Month-to-month,Fiber optic,85.6
5478-JJVZK,25,Low,0.2467,33,Month-to-month,DSL,60.9
8224-UAXBZ,25,Low,0.2466,58,One year,DSL,45.35
0027-KWYKW,25,Low,0.2464,23,Month-to-month,Fiber optic,83.75
8221-EQDGL,25,Low,0.2463,35,Month-to-month,DSL,61.0
1237-WIYYZ,25,Low,0.2462,18,Month-to-month,No,19.55
5624-RYAMH,25,Low,0.2458,9,Month-to-month,No,19.5
1666-JZPZT,25,Low,0.2458,27,Month-to-month,DSL,49.0
8198-RKSZG,25,Low,0.2457,14,Month-to-month,DSL,80.45
5562-BETPV,25,Low,0.2455,1,One year,No,19.65
9040-KZVWO,25,Low,0.2452,26,One year,Fiber optic,75.5
0983-TATYJ,25,Low,0.2452,33,One year,DSL,51.45
8788-DOXSU,25,Low,0.2451,59,One year,DSL,61.35
7228-PAQPD,24,Low,0.245,14,One year,DSL,59.1
2402-TAIRZ,24,Low,0.2448,37,One year,Fiber optic,80.05
2811-POVEX,24,Low,0.2446,23,Month-to-month,Fiber optic,88.45
8467-WYNSR,24,Low,0.2445,22,Month-to-month,DSL,55.1
9926-PJHDQ,24,Low,0.2442,72,Two year,DSL,76.8
9027-YFHQJ,24,Low,0.2441,7,Month-to-month,No,25.05
9200-NLNPD,24,Low,0.2438,56,One year,DSL,54.05
0667-NSRGI,24,Low,0.2438,48,One year,DSL,69.55
5640-CAXOA,24,Low,0.2437,30,One year,DSL,40.35
5186-PEIZU,24,Low,0.2436,35,Month-to-month,No,19.25
3981-QSVQI,24,Low,0.2434,8,Month-to-month,No,19.7
6278-FEPBZ,24,Low,0.243,9,Month-to-month,No,20.25
1518-OMDIK,24,Low,0.2429,33,Month-to-month,DSL,44.55
8404-VLQFB,24,Low,0.2427,15,Month-to-month,No,25.25
0774-IFUVM,24,Low,0.2424,11,Month-to-month,DSL,65.15
7856-GANIL,24,Low,0.2423,45,One year,Fiber optic,98.7
6261-LHRTG,24,Low,0.2423,26,Month-to-month,DSL,54.75
2133-TSRRM,24,Low,0.2423,34,Month-to-month,Fiber optic,105.35
5268-DSMNQ,24,Low,0.2419,62,One year,Fiber optic,97.95
4558-CGYCZ,24,Low,0.2418,4,Month-to-month,No,19.75
0463-WZZKO,24,Low,0.2417,3,Month-to-month,No,20.75
0303-WMMRN,24,Low,0.2414,5,Month-to-month,No,19.25
9496-IVVRP,24,Low,0.2414,11,Month-to-month,DSL,51.0
4860-YZGZM,24,Low,0.2413,10,Month-to-month,No,20.0
6791-YBNAK,24,Low,0.2412,18,Month-to-month,DSL,25.55
1866-NXPSP,24,Low,0.2408,36,One year,DSL,75.55
9817-APLHW,24,Low,0.2405,12,Month-to-month,No,25.0
9788-YTFGE,24,Low,0.2403,7,Month-to-month,No,19.95
8869-LIHMK,24,Low,0.2402,64,Two year,Fiber optic,115.1
8311-UEUAB,24,Low,0.2393,67,Two year,DSL,75.5
3007-FDPEA,24,Low,0.2389,2,Month-to-month,No,20.7
8800-ZKRFW,24,Low,0.2387,30,Month-to-month,Fiber optic,107.5
8049-WJCLQ,24,Low,0.2386,10,Month-to-month,DSL,60.2
1282-IHQAC,24,Low,0.2382,70,One year,DSL,44.05
9405-GPBBG,24,Low,0.2381,64,Two year,Fiber optic,110.5
0607-MVMGC,24,Low,0.2378,45,One year,DSL,78.75
0396-HUJBP,24,Low,0.2377,2,Month-to-month,No,19.3
9139-TWBAS,24,Low,0.2371,26,One year,DSL,47.85
2978-XXSOG,24,Low,0.237,22,Month-to-month,DSL,59.05
3255-GRXMG,24,Low,0.2368,18,Month-to-month,DSL,45.65
3221-CJMSG,24,Low,0.2367,24,Month-to-month,DSL,51.1
0076-LVEPS,24,Low,0.2367,29,Month-to-month,DSL,45.0
0440-MOGPM,24,Low,0.2366,41,One year,DSL,80.55
3345-JHUEO,24,Low,0.2365,4,Month-to-month,No,20.2
5919-VCZYM,24,Low,0.2363,2,Month-to-month,No,20.05
6368-NWMCE,24,Low,0.2362,38,Month-to-month,DSL,68.15
5176-LDKUH,24,Low,0.2358,48,One year,Fiber optic,75.15
2320-YKQBO,24,Low,0.2352,7,Month-to-month,No,19.3
0392-BZIUW,24,Low,0.2352,72,Two year,Fiber optic,105.0
6377-KSLXC,24,Low,0.235,5,Month-to-month,No,19.95
9432-RUVSL,24,Low,0.235,48,Two year,Fiber optic,102.5
5716-LIBJC,23,Low,0.2347,13,One year,Fiber optic,104.15
8752-GHJFU,23,Low,0.2344,71,One year,Fiber optic,92.0
6502-KUGLL,23,Low,0.2342,14,Month-to-month,DSL,59.45
1410-RSCMR,23,Low,0.2341,7,Month-to-month,DSL,71.35
2108-GLPQB,23,Low,0.234,25,Month-to-month,DSL,55.55
5756-OZRIO,23,Low,0.2337,61,One year,DSL,64.05
0303-UNCIP,23,Low,0.2336,41,One year,DSL,65.0
3865-QBWSJ,23,Low,0.2336,38,Month-to-month,Fiber optic,80.45
1357-MVDOZ,23,Low,0.2333,11,Month-to-month,DSL,59.65
8201-AAXCB,23,Low,0.2333,25,Month-to-month,DSL,60.35
5855-EIBDE,23,Low,0.233,49,Two year,Fiber optic,106.65
7610-TVOPG,23,Low,0.2329,15,Month-to-month,No,26.35
9137-UIYPG,23,Low,0.2329,35,Month-to-month,Fiber optic,106.9
9586-JGQKH,23,Low,0.2329,64,Two year,Fiber optic,105.4
7175-NTIXE,23,Low,0.2329,25,Month-to-month,DSL,76.15
3594-IVHJZ,23,Low,0.2327,2,Month-to-month,No,20.45
6266-QHOJZ,23,Low,0.2327,65,One year,Fiber optic,89.85
3318-ISQFQ,23,Low,0.2323,20,Month-to-month,No,19.5
4626-OZDTJ,23,Low,0.2323,51,One year,DSL,78.65
7123-WQUHX,23,Low,0.2323,38,One year,Fiber optic,95.0
8350-NYMVI,23,Low,0.2322,39,Month-to-month,DSL,41.1
3863-QSTYI,23,Low,0.2322,59,Month-to-month,DSL,64.65
7909-FIOIY,23,Low,0.2321,19,Month-to-month,DSL,24.85
6112-KTHFQ,23,Low,0.2318,13,Month-to-month,No,19.3
5924-IFQTT,23,Low,0.2316,13,Month-to-month,DSL,72.8
7998-ZLXWN,23,Low,0.2315,15,Month-to-month,No,20.45
7108-DGVUU,23,Low,0.2315,21,One year,DSL,71.7
1730-VFMWO,23,Low,0.2314,34,Month-to-month,DSL,50.2
8930-XOTDP,23,Low,0.2313,18,Month-to-month,DSL,55.95
2946-KIQSP,23,Low,0.2312,35,Month-to-month,DSL,33.45
4654-DLAMQ,23,Low,0.2312,64,One year,Fiber optic,97.0
7336-RLLRH,23,Low,0.2311,27,One year,DSL,80.85
7605-SNLQG,23,Low,0.2309,45,Month-to-month,DSL,50.25
9972-NKTFD,23,Low,0.2304,28,Month-to-month,DSL,54.65
9921-EZKBY,23,Low,0.2304,33,Month-to-month,Fiber optic,95.3
2792-VPPET,23,Low,0.2301,3,Month-to-month,No,20.5
7036-ZZKBD,23,Low,0.23,31,Month-to-month,DSL,66.4
4742-DRORA,23,Low,0.23,60,One year,Fiber optic,95.4
4544-RXFMG,23,Low,0.2296,8,One year,DSL,43.45
7669-LCRSD,23,Low,0.2295,12,Month-to-month,DSL,56.3
4670-TABXH,23,Low,0.2292,72,Two year,Fiber optic,109.75
7102-JJVTX,23,Low,0.2292,9,One year,DSL,48.6
9367-TCUYN,23,Low,0.2287,12,Month-to-month,No,20.1
8313-AFGBW,23,Low,0.2287,47,Two year,DSL,73.6
6352-GIGGQ,23,Low,0.2286,67,One year,DSL,88.8
7105-MXJLL,23,Low,0.2283,26,One year,DSL,60.7
4547-FZJWE,23,Low,0.2281,55,One year,DSL,59.45
9330-VOFSZ,23,Low,0.2281,60,Two year,Fiber optic,110.8
9839-ETQOE,23,Low,0.2279,43,Month-to-month,DSL,40.45
0655-YDGFJ,23,Low,0.2276,29,Month-to-month,DSL,48.95
2208-NQBCT,23,Low,0.2275,26,Month-to-month,Fiber optic,81.95
8552-OBVRU,23,Low,0.2274,48,Month-to-month,Fiber optic,104.5
8573-CGOCC,23,Low,0.2273,16,Month-to-month,No,19.75
0080-EMYVY,23,Low,0.2271,14,One year,DSL,51.45
2967-MXRAV,23,Low,0.2267,1,One year,No,18.8
3824-RHKVR,23,Low,0.2266,17,Month-to-month,No,19.7
7080-TNUWP,23,Low,0.2265,70,One year,Fiber optic,95.0
4501-UYKBC,23,Low,0.2264,46,One year,DSL,69.1
8065-QBYTO,23,Low,0.2261,71,One year,Fiber optic,99.65
7459-IMVYU,23,Low,0.2255,38,Month-to-month,DSL,69.95
1397-XKKWR,23,Low,0.2254,7,One year,DSL,35.3
2159-TURXX,22,Low,0.225,5,Month-to-month,No,20.05
9308-ANMVE,22,Low,0.2246,47,Month-to-month,DSL,55.3
3733-UOCWF,22,Low,0.2246,61,One year,Fiber optic,85.55
4906-ZHGPK,22,Low,0.2245,54,One year,DSL,70.7
5018-HEKFO,22,Low,0.2245,10,Month-to-month,No,24.5
0975-UYDTX,22,Low,0.2244,26,One year,DSL,90.1
7654-YWJUF,22,Low,0.2243,43,One year,Fiber optic,84.25
5025-GOOKI,22,Low,0.2242,20,Month-to-month,No,18.9
0953-LGOVU,22,Low,0.224,12,Month-to-month,DSL,35.5
4079-ULGFR,22,Low,0.224,16,Month-to-month,No,20.0
9626-VFRGG,22,Low,0.224,41,Month-to-month,Fiber optic,88.5
8847-GEOOQ,22,Low,0.2239,60,Month-to-month,DSL,60.2
6993-YGFJV,22,Low,0.2235,69,Two year,Fiber optic,112.55
8138-EALND,22,Low,0.2234,15,Month-to-month,No,19.75
3470-BTGQO,22,Low,0.2229,21,Month-to-month,DSL,45.65
0347-UBKUZ,22,Low,0.2229,15,Month-to-month,No,19.9
6603-QWSPR,22,Low,0.2227,46,Two year,Fiber optic,104.4
4456-RHSNB,22,Low,0.2221,19,Month-to-month,DSL,49.6
8318-LCNBW,22,Low,0.222,35,One year,DSL,53.15
8226-BXGES,22,Low,0.222,64,One year,Fiber optic,89.45
7746-QYVCO,22,Low,0.222,16,One year,DSL,55.85
8727-XDPUD,22,Low,0.2219,37,Two year,DSL,35.8
2055-BFOCC,22,Low,0.2218,63,One year,DSL,84.0
6196-HBOBZ,22,Low,0.2216,65,Two year,Fiber optic,99.35
5468-BPMMO,22,Low,0.2216,46,Month-to-month,No,19.6
9309-BZGNT,22,Low,0.2214,69,One year,DSL,29.8
1136-XGEQU,22,Low,0.2211,50,One year,DSL,84.15
7874-ECPQJ,22,Low,0.221,4,Month-to-month,No,20.05
2085-JVGAD,22,Low,0.2209,37,Month-to-month,No,20.35
9691-HKOVS,22,Low,0.2207,55,One year,DSL,90.15
3259-KNMRR,22,Low,0.2207,57,Two year,DSL,79.75
8184-WMOFI,22,Low,0.2206,62,One year,DSL,71.4
3621-CHYVB,22,Low,0.2205,57,Month-to-month,DSL,49.9
8929-KSWIH,22,Low,0.2204,25,Two year,Fiber optic,99.3
0696-UKTOX,22,Low,0.22,23,Month-to-month,DSL,54.15
2740-JFBOK,22,Low,0.22,10,Month-to-month,No,24.0
4429-WYGFR,22,Low,0.22,26,Month-to-month,DSL,49.15
8405-IGQFX,22,Low,0.2199,63,One year,Fiber optic,90.05
0380-ZCSBI,22,Low,0.2199,10,Month-to-month,No,20.0
1552-TKMXS,22,Low,0.2197,42,Month-to-month,No,20.35
7531-GQHME,22,Low,0.2196,12,Month-to-month,No,20.05
2923-ARZLG,22,Low,0.2196,0,One year,No,19.7
4667-QONEA,22,Low,0.2194,60,One year,DSL,74.85
8782-NUUOL,22,Low,0.2194,60,One year,DSL,79.0
8996-ZROXE,22,Low,0.2191,57,One year,DSL,53.5
6156-UZDLF,22,Low,0.2187,26,One year,Fiber optic,87.15
6992-TKNYO,22,Low,0.2186,38,One year,DSL,69.0
9146-JRIOX,22,Low,0.2185,14,Month-to-month,No,25.55
5756-JYOJT,22,Low,0.2183,11,One year,DSL,64.9
4002-BQWPQ,22,Low,0.2183,25,Month-to-month,DSL,81.75
0565-JUPYD,22,Low,0.2182,63,One year,Fiber optic,104.5
8646-JCOMS,22,Low,0.2181,66,One year,Fiber optic,90.55
4926-UMJZD,22,Low,0.2179,31,Month-to-month,DSL,49.2
2361-FJWNO,22,Low,0.2174,40,One year,DSL,36.0
9031-ZVQPT,22,Low,0.2171,72,Two year,Fiber optic,108.2
6088-BXMRG,22,Low,0.2166,32,Month-to-month,Fiber optic,98.85
6568-POCUI,22,Low,0.2165,45,Two year,Fiber optic,95.2
8409-WQJUX,22,Low,0.2163,25,One year,DSL,54.2
6250-CGGUN,22,Low,0.2158,54,One year,Fiber optic,84.4
3920-HIHMQ,22,Low,0.2156,26,Month-to-month,DSL,49.5
4616-EWBNJ,22,Low,0.2154,16,One year,No,20.1
9762-YAQAA,22,Low,0.2152,39,One year,Fiber optic,81.4
0635-WKOLD,22,Low,0.2151,40,One year,DSL,70.75
7279-NMVJC,22,Low,0.2151,17,One year,No,19.9
5709-LVOEQ,21,Low,0.2148,0,Two year,DSL,80.85
2428-ZMCTB,21,Low,0.2147,10,Month-to-month,No,19.75
7013-PSXHK,21,Low,0.2146,40,One year,DSL,80.75
5915-DGNVC,21,Low,0.2143,49,One year,DSL,71.8
9931-KGHOA,21,Low,0.2141,46,Month-to-month,DSL,55.0
1563-IWQEX,21,Low,0.214,12,Month-to-month,No,19.7
9592-ERDKV,21,Low,0.214,37,One year,DSL,79.25
3404-JNXAX,21,Low,0.214,51,Month-to-month,Fiber optic,80.75
1732-FEKLD,21,Low,0.2139,54,One year,Fiber optic,94.75
9070-BCKQP,21,Low,0.2137,72,Two year,Fiber optic,110.15
8731-WBBMB,21,Low,0.2135,26,Month-to-month,DSL,81.9
9209-NWPGU,21,Low,0.2133,44,One year,DSL,65.4
0536-BGFMZ,21,Low,0.2131,28,Month-to-month,No,20.5
3545-CNWRG,21,Low,0.2131,49,Month-to-month,Fiber optic,98.35
6979-TNDEU,21,Low,0.2131,8,Month-to-month,No,19.2
1090-ESELR,21,Low,0.2131,72,Two year,Fiber optic,105.5
2746-DIJLO,21,Low,0.2128,41,One year,DSL,56.3
9504-DSHWM,21,Low,0.2128,20,Month-to-month,DSL,59.2
5161-XEUVX,21,Low,0.2126,37,Two year,Fiber optic,94.3
9619-GSATL,21,Low,0.2125,43,One year,DSL,55.45
1898-JSNDC,21,Low,0.2125,39,One year,DSL,58.6
6040-CGACY,21,Low,0.2123,15,Month-to-month,No,19.6
4139-JPIAM,21,Low,0.2123,51,Month-to-month,DSL,44.45
8942-DBMHZ,21,Low,0.2123,12,Month-to-month,No,20.45
9351-LZYGF,21,Low,0.2123,42,Month-to-month,DSL,66.4
0083-PIVIK,21,Low,0.2122,64,One year,DSL,81.25
1465-WCZVT,21,Low,0.2122,3,Month-to-month,No,19.65
4936-YPJNK,21,Low,0.2121,10,Month-to-month,No,19.9
5084-OOVCJ,21,Low,0.2117,17,Month-to-month,DSL,55.35
3181-MIZBN,21,Low,0.2114,16,Month-to-month,No,19.75
2732-ISEZX,21,Low,0.2114,5,Month-to-month,No,20.5
5671-RQRLP,21,Low,0.2113,70,Two year,Fiber optic,75.65
9971-ZWPBF,21,Low,0.2113,34,Month-to-month,Fiber optic,108.9
1353-GHZOS,21,Low,0.2113,22,One year,DSL,59.75
8085-MSNLK,21,Low,0.2113,62,Two year,Fiber optic,113.95
2023-VQFDL,21,Low,0.2111,18,Month-to-month,No,19.0
3915-ODIYG,21,Low,0.211,60,One year,DSL,71.75
9866-OCCKE,21,Low,0.2108,72,Two year,Fiber optic,109.75
9929-PLVPA,21,Low,0.2108,4,Month-to-month,No,20.4
4182-BGSIQ,21,Low,0.2106,10,Month-to-month,No,19.8
0496-AHOOK,21,Low,0.2103,24,One year,DSL,74.4
3174-RKMOW,21,Low,0.2103,35,Month-to-month,Fiber optic,109.95
1763-KUAAW,21,Low,0.2101,18,One year,No,20.35
4903-CNOZC,21,Low,0.2098,29,One year,DSL,70.9
4039-PIMHX,21,Low,0.2098,49,Two year,DSL,49.8
2988-QRAJY,21,Low,0.2098,69,Two year,Fiber optic,110.05
8050-WYBND,21,Low,0.2097,22,One year,DSL,49.45
5448-VWNAM,21,Low,0.2097,19,Month-to-month,DSL,75.9
1385-TQOZW,21,Low,0.2094,9,Month-to-month,No,20.45
9995-HOTOH,21,Low,0.2092,63,Two year,DSL,59.0
6296-DDOOR,21,Low,0.2089,19,One year,DSL,58.2
0074-HDKDG,21,Low,0.2089,25,One year,DSL,61.6
6476-YHMGA,21,Low,0.2089,15,Month-to-month,DSL,76.5
8317-BVKSO,21,Low,0.2089,14,Month-to-month,No,20.05
9101-NTIXF,21,Low,0.2088,2,Month-to-month,No,19.4
3061-BCKYI,21,Low,0.2088,14,Month-to-month,No,19.9
0930-EHUZA,21,Low,0.2088,36,One year,DSL,76.35
1845-CSBRZ,21,Low,0.2086,22,Month-to-month,Fiber optic,85.35
6933-FHBZC,21,Low,0.2085,26,One year,DSL,56.05
7219-TLZHO,21,Low,0.2085,4,Month-to-month,No,20.85
1360-RCYRT,21,Low,0.2081,23,Month-to-month,DSL,30.35
7868-TMWMZ,21,Low,0.208,60,Two year,Fiber optic,110.0
6231-WFGFH,21,Low,0.2078,4,Month-to-month,No,20.5
4274-DRSQT,21,Low,0.2077,66,One year,Fiber optic,88.9
9092-GDZKO,21,Low,0.2077,22,Month-to-month,No,24.85
3524-WQDSG,21,Low,0.2074,43,Month-to-month,Fiber optic,99.3
0840-DCNZE,21,Low,0.2074,47,One year,DSL,86.95
5397-TUPSH,21,Low,0.2073,65,One year,Fiber optic,70.95
0716-BQNDX,21,Low,0.2069,57,Two year,Fiber optic,93.75
7094-MSZAO,21,Low,0.2064,10,Month-to-month,No,20.05
6778-JFCMK,21,Low,0.2064,24,One year,DSL,50.6
7674-YTAFD,21,Low,0.2062,33,One year,Fiber optic,79.95
4884-TVUQF,21,Low,0.2062,57,Two year,Fiber optic,101.3
4751-ERMAN,21,Low,0.206,72,Two year,DSL,75.4
5327-XOKKY,21,Low,0.206,72,Two year,DSL,73.45
5032-USPKF,21,Low,0.206,38,One year,DSL,84.1
8384-FZBJK,21,Low,0.2059,57,Month-to-month,Fiber optic,100.6
4304-TSPVK,21,Low,0.2059,68,Two year,Fiber optic,114.9
6838-HVLXG,21,Low,0.2057,12,Month-to-month,No,20.3
5110-CHOPY,21,Low,0.2057,60,Two year,DSL,53.6
0096-FCPUF,21,Low,0.2056,30,Month-to-month,DSL,64.5
9391-TTOYH,21,Low,0.2055,23,Month-to-month,No,19.5
9199-PWQVC,21,Low,0.2053,63,One year,DSL,79.7
5522-NYKPB,21,Low,0.2052,25,Month-to-month,Fiber optic,85.9
5701-GUXDC,21,Low,0.2051,26,One year,DSL,35.4
1137-DGOWI,20,Low,0.205,30,One year,DSL,70.25
5396-IZEPB,20,Low,0.2049,9,Month-to-month,No,19.7
4797-MIWUM,20,Low,0.2049,7,Month-to-month,No,20.25
8041-TMEID,20,Low,0.2045,63,Two year,Fiber optic,108.5
8410-BGQXN,20,Low,0.2042,4,Month-to-month,No,19.4
4821-SJHJV,20,Low,0.2041,32,Month-to-month,Fiber optic,89.6
3999-WRNGR,20,Low,0.2038,60,Month-to-month,DSL,49.75
8457-XIGKN,20,Low,0.2035,20,Month-to-month,No,19.6
9134-WYRVP,20,Low,0.2033,51,One year,Fiber optic,86.35
7785-RDVIG,20,Low,0.2033,3,Month-to-month,No,19.3
5872-OEQNH,20,Low,0.2029,60,One year,DSL,44.45
8963-MQVYN,20,Low,0.2028,22,Month-to-month,No,20.55
6211-WWLTF,20,Low,0.2024,63,Two year,Fiber optic,99.7
4137-JOPHL,20,Low,0.2024,50,Two year,Fiber optic,89.7
8261-GWDBQ,20,Low,0.2024,60,Two year,Fiber optic,116.05
0366-NQSHS,20,Low,0.2023,2,Month-to-month,No,19.35
2363-BJLSL,20,Low,0.2022,62,Month-to-month,DSL,80.4
4011-ARPHK,20,Low,0.2022,27,Month-to-month,DSL,50.35
0787-LHDYT,20,Low,0.202,16,Month-to-month,No,20.6
3714-XPXBW,20,Low,0.2019,37,Month-to-month,DSL,78.9
0835-JKADZ,20,Low,0.2019,71,Two year,Fiber optic,111.25
5955-EPOAZ,20,Low,0.2018,6,Month-to-month,No,20.95
1162-ECVII,20,Low,0.2016,72,Two year,Fiber optic,109.75
6341-JVQGF,20,Low,0.2016,31,One year,DSL,81.15
5151-HQRDG,20,Low,0.2011,37,Month-to-month,DSL,55.05
1991-VOPLL,20,Low,0.2011,9,Month-to-month,No,19.05
2911-IJORQ,20,Low,0.201,37,One year,DSL,90.6
4223-BKEOR,20,Low,0.201,21,One year,DSL,64.85
7976-CICYS,20,Low,0.2009,4,Month-to-month,No,20.7
8220-OCUFY,20,Low,0.2009,21,One year,DSL,60.25
9555-SAHUZ,20,Low,0.2007,38,Month-to-month,DSL,54.5
7989-VCQOH,20,Low,0.2004,18,Month-to-month,DSL,83.25
8591-NXRCV,20,Low,0.2003,41,Month-to-month,DSL,74.65
7110-BDTWG,20,Low,0.2,71,Two year,DSL,47.05
8378-LKJAF,20,Low,0.1998,38,Month-to-month,Fiber optic,101.15
9909-IDLEK,20,Low,0.1998,20,Month-to-month,Fiber optic,96.8
1755-RMCXH,20,Low,0.1997,2,Month-to-month,No,20.3
7777-UNYHB,20,Low,0.1995,12,Month-to-month,No,20.1
2239-CFOUJ,20,Low,0.1994,1,One year,No,20.4
8498-XXGWA,20,Low,0.1993,65,Month-to-month,DSL,55.15
2636-SJDOU,20,Low,0.1987,64,One year,Fiber optic,84.3
7576-ASEJU,20,Low,0.1987,41,One year,DSL,74.7
8348-JLBUG,20,Low,0.1986,64,One year,Fiber optic,80.3
2364-UFROM,20,Low,0.1981,30,One year,DSL,70.4
8659-HDIYE,20,Low,0.1981,64,Month-to-month,DSL,74.65
5863-OOKCL,20,Low,0.1979,10,Month-to-month,No,18.85
0815-MFZGM,20,Low,0.1979,42,Two year,Fiber optic,99.0
3908-MKIMJ,20,Low,0.1978,68,Two year,DSL,41.95
6869-FGJJC,20,Low,0.1978,68,One year,Fiber optic,79.6
6408-OTUBZ,20,Low,0.1974,66,One year,Fiber optic,104.55
7426-WEIJX,20,Low,0.1972,60,Month-to-month,Fiber optic,80.95
0516-QREYC,20,Low,0.1972,24,Month-to-month,No,20.3
0134-XWXCE,20,Low,0.1971,44,One year,DSL,74.85
5414-OFQCB,20,Low,0.197,57,Two year,Fiber optic,90.45
1744-JHKYS,20,Low,0.1966,34,Month-to-month,No,24.7
1794-SWWKL,20,Low,0.1965,15,Month-to-month,DSL,59.65
0285-INHLN,20,Low,0.1965,27,Month-to-month,DSL,54.75
9763-GRSKD,20,Low,0.1964,13,Month-to-month,DSL,49.95
0980-PVMRC,20,Low,0.1962,40,Month-to-month,DSL,50.85
0089-IIQKO,20,Low,0.1961,39,Month-to-month,Fiber optic,99.95
0208-BPQEJ,20,Low,0.196,12,Month-to-month,No,19.4
6253-WRFHY,20,Low,0.196,13,One year,DSL,64.75
0254-FNMCI,20,Low,0.1957,72,Two year,Fiber optic,109.9
3750-RNQKR,20,Low,0.1957,12,Month-to-month,No,19.45
1535-VTJOQ,20,Low,0.1956,24,Two year,No,25.15
5307-UVGNB,20,Low,0.1956,53,Month-to-month,DSL,48.7
4430-YHXGG,20,Low,0.1955,4,Month-to-month,No,25.45
3705-RHRFR,20,Low,0.1952,69,Two year,Fiber optic,99.15
3623-FQBOX,20,Low,0.1951,21,Month-to-month,No,19.95
6131-JLWZM,19,Low,0.1947,13,Month-to-month,No,20.3
7587-AOVVU,19,Low,0.1946,27,Month-to-month,Fiber optic,100.75
3154-CFSZG,19,Low,0.1944,47,Month-to-month,Fiber optic,90.05
0824-VWDPO,19,Low,0.1943,45,One year,Fiber optic,96.75
2558-BUOZZ,19,Low,0.1942,47,One year,Fiber optic,94.8
9720-JJJOR,19,Low,0.1939,41,One year,DSL,60.3
4939-KYYPY,19,Low,0.1938,27,Month-to-month,DSL,59.45
1154-HYWWO,19,Low,0.1938,38,One year,DSL,70.6
3658-QQJYD,19,Low,0.1936,62,One year,DSL,74.3
6303-KFWSL,19,Low,0.1932,29,One year,DSL,55.25
5777-KJIRB,19,Low,0.1931,40,One year,DSL,50.25
4881-GQJTW,19,Low,0.1931,14,Month-to-month,No,19.6
6732-FZUGP,19,Low,0.193,47,One year,Fiber optic,94.9
5049-MUBWG,19,Low,0.193,26,One year,DSL,75.0
9251-WNSOD,19,Low,0.1929,67,One year,DSL,75.1
5898-IGSLP,19,Low,0.1929,31,Month-to-month,Fiber optic,89.3
4003-OCTMP,19,Low,0.1928,31,One year,DSL,64.0
3209-ZPKFI,19,Low,0.1926,47,Month-to-month,DSL,54.25
8406-LNMHF,19,Low,0.1924,59,One year,Fiber optic,82.95
5092-STPKP,19,Low,0.1919,24,Month-to-month,DSL,56.35
4922-CVPDX,19,Low,0.1918,26,Two year,DSL,73.5
8400-WZICQ,19,Low,0.1917,55,Month-to-month,DSL,55.7
0621-JFHOL,19,Low,0.1916,10,Two year,DSL,29.6
6121-TNHBO,19,Low,0.1915,63,One year,DSL,83.0
5343-SGUBI,19,Low,0.1915,52,One year,Fiber optic,80.2
5393-HJZSM,19,Low,0.1915,32,Month-to-month,DSL,76.3
4418-LZMSV,19,Low,0.1914,13,Month-to-month,DSL,61.8
3572-UOLYZ,19,Low,0.1913,46,Month-to-month,Fiber optic,84.8
5934-TSSAU,19,Low,0.1912,23,Month-to-month,Fiber optic,75.3
0356-OBMAC,19,Low,0.1911,56,Two year,Fiber optic,99.9
6661-EIPZC,19,Low,0.1909,48,Month-to-month,DSL,29.5
2578-JQPHZ,19,Low,0.1907,44,Two year,Fiber optic,100.1
6648-INWPS,19,Low,0.1905,16,Month-to-month,No,20.15
7919-ZODZZ,19,Low,0.1901,10,One year,DSL,65.9
8910-ICHIU,19,Low,0.19,46,One year,Fiber optic,95.65
6967-QIQRV,19,Low,0.1899,15,One year,Fiber optic,101.9
1614-JBEBI,19,Low,0.1898,8,Month-to-month,No,20.7
6242-FEGFD,19,Low,0.1897,66,Two year,Fiber optic,96.6
5998-DZLYR,19,Low,0.1897,61,Two year,Fiber optic,94.35
4422-QVIJA,19,Low,0.1895,35,Month-to-month,DSL,50.15
1140-UKVZG,19,Low,0.1894,17,Month-to-month,No,24.8
1226-JZNKR,19,Low,0.1894,8,One year,No,19.8
6416-JNVRK,19,Low,0.1891,46,One year,DSL,55.65
4830-FAXFM,19,Low,0.189,19,Month-to-month,No,24.1
2511-MORQY,19,Low,0.1889,50,One year,DSL,54.9
1937-OTUKY,19,Low,0.1888,72,Two year,Fiber optic,98.2
2316-ESMLS,19,Low,0.1888,12,One year,DSL,33.15
0853-TWRVK,19,Low,0.1887,72,Two year,Fiber optic,105.6
2450-ZKEED,19,Low,0.1887,11,One year,DSL,53.8
4837-QUSFT,19,Low,0.1883,65,One year,Fiber optic,100.15
6663-JOCQO,19,Low,0.1882,31,One year,DSL,75.25
8071-SBTRN,19,Low,0.1882,70,Two year,Fiber optic,111.15
3397-AVTKU,19,Low,0.1881,43,Two year,DSL,60.0
4159-NAAIX,19,Low,0.188,63,Two year,Fiber optic,97.45
1474-JUWSM,19,Low,0.1874,58,One year,DSL,68.4
1045-LTCYT,19,Low,0.1872,8,Month-to-month,No,21.05
7361-YPXFS,19,Low,0.1871,28,Month-to-month,DSL,64.45
0187-WZNAB,19,Low,0.187,27,Month-to-month,Fiber optic,74.4
7234-KMNRQ,19,Low,0.1869,4,Month-to-month,No,19.0
3137-NYQQI,19,Low,0.1868,17,One year,DSL,64.8
2580-ASVVY,19,Low,0.1866,37,Two year,DSL,45.4
7184-LRUUR,19,Low,0.1862,22,One year,DSL,65.25
7595-EHCDL,19,Low,0.1859,32,Month-to-month,DSL,50.6
7542-CYDDM,19,Low,0.1857,18,Month-to-month,No,20.05
6784-XYJAE,19,Low,0.1857,36,One year,DSL,55.8
8003-EWNDZ,19,Low,0.1856,10,Month-to-month,No,21.2
1525-LNLOJ,19,Low,0.1855,66,Two year,DSL,63.3
7954-MLBUN,18,Low,0.1849,31,Two year,Fiber optic,99.45
7299-GNVPL,18,Low,0.1846,23,Month-to-month,Fiber optic,84.4
3682-YEUWS,18,Low,0.1846,10,Month-to-month,No,24.4
9388-ZEYVT,18,Low,0.1845,43,One year,DSL,44.15
7100-FQPRV,18,Low,0.1845,43,One year,DSL,71.9
2192-CKRLV,18,Low,0.1843,72,Two year,DSL,49.2
1061-PNTHC,18,Low,0.1841,56,Month-to-month,Fiber optic,109.6
2202-OUTMO,18,Low,0.1838,34,Month-to-month,DSL,60.85
5120-ZBLAI,18,Low,0.1838,50,One year,DSL,75.7
6339-TBELP,18,Low,0.1837,71,Two year,Fiber optic,86.4
7826-VVKWT,18,Low,0.1833,24,Two year,Fiber optic,96.55
5327-CNLUQ,18,Low,0.1832,48,Two year,Fiber optic,96.9
0377-JBKKT,18,Low,0.1832,22,Month-to-month,DSL,57.95
8314-DPQHL,18,Low,0.183,9,One year,DSL,50.8
4366-CTOUZ,18,Low,0.183,50,Two year,Fiber optic,100.2
9052-DHNKM,18,Low,0.1828,26,One year,DSL,61.55
4091-TVOCN,18,Low,0.1827,48,One year,DSL,78.75
5555-RNPGT,18,Low,0.1826,10,Month-to-month,No,24.8
7994-XIRTR,18,Low,0.1825,54,One year,DSL,65.25
1708-PBBOA,18,Low,0.1824,42,One year,DSL,54.75
3205-MXZRA,18,Low,0.182,26,One year,DSL,59.45
4472-LVYGI,18,Low,0.182,0,Two year,DSL,52.55
6286-ZHAOK,18,Low,0.1819,20,Month-to-month,No,25.55
6718-BDGHG,18,Low,0.1818,43,One year,DSL,64.85
1122-YJBCS,18,Low,0.1818,69,One year,DSL,53.65
6092-QZVPP,18,Low,0.1816,36,Month-to-month,DSL,79.2
8439-LTUGF,18,Low,0.1813,10,Month-to-month,No,20.0
4747-LCAQL,18,Low,0.1812,25,Month-to-month,DSL,79.0
8100-HZZLJ,18,Low,0.1811,43,Month-to-month,DSL,63.95
6685-GBWJZ,18,Low,0.181,63,One year,DSL,70.8
1539-LNKHM,18,Low,0.181,12,Month-to-month,No,20.4
6440-DKQGE,18,Low,0.1809,30,One year,DSL,64.5
1984-GPTEH,18,Low,0.1808,29,Month-to-month,No,25.15
8246-SHFGA,18,Low,0.1802,17,Month-to-month,No,21.1
8780-RSYYU,18,Low,0.1802,25,Month-to-month,No,19.2
5304-EFJLP,18,Low,0.1801,72,Two year,Fiber optic,111.65
3280-MRDOF,18,Low,0.18,30,Two year,DSL,69.1
4730-AWNAU,18,Low,0.1799,36,One year,DSL,60.7
3551-GAEGL,18,Low,0.1799,34,One year,DSL,30.4
2361-UPSND,18,Low,0.1797,46,One year,DSL,70.6
4104-PVRPS,18,Low,0.1797,24,Month-to-month,DSL,53.6
3506-OVLKD,18,Low,0.1796,35,One year,No,26.2
0725-CXOTM,18,Low,0.1795,36,One year,DSL,89.65
1576-PFZIW,18,Low,0.1795,70,Two year,Fiber optic,105.35
7706-DZNKK,18,Low,0.1795,11,Month-to-month,No,20.45
9046-DQMTP,18,Low,0.1794,35,Month-to-month,No,20.75
5090-EMGTC,18,Low,0.1793,59,Two year,Fiber optic,100.05
4957-TIALW,18,Low,0.1792,15,One year,DSL,65.6
9822-BIIGN,18,Low,0.1792,53,Month-to-month,DSL,71.85
7923-IYJWY,18,Low,0.1791,67,Two year,Fiber optic,116.1
0549-CYCQN,18,Low,0.1791,51,One year,Fiber optic,79.6
1064-FBXNK,18,Low,0.179,1,One year,No,19.85
7839-NUIAA,18,Low,0.179,61,Month-to-month,DSL,59.8
4353-HYOJD,18,Low,0.1789,27,Month-to-month,DSL,49.85
2887-JPYLU,18,Low,0.1786,41,Month-to-month,DSL,45.2
1839-UMACK,18,Low,0.1786,42,One year,No,25.05
3229-USWAR,18,Low,0.1783,34,One year,DSL,79.95
7833-PKIHD,18,Low,0.1783,51,One year,DSL,76.4
5222-JCXZT,18,Low,0.1781,4,Month-to-month,No,19.0
8851-RAGOV,18,Low,0.1781,25,Month-to-month,DSL,71.05
4801-KFYKL,18,Low,0.1781,8,Month-to-month,No,19.45
8496-DMZUK,18,Low,0.178,30,One year,Fiber optic,90.4
2272-WUSPA,18,Low,0.178,72,Two year,Fiber optic,110.75
1810-MVMAI,18,Low,0.1778,30,Month-to-month,DSL,67.6
5693-PIPCS,18,Low,0.1777,41,Two year,Fiber optic,99.65
2925-MXLSX,18,Low,0.1776,30,One year,DSL,68.95
2985-JUUBZ,18,Low,0.1775,40,Month-to-month,DSL,74.55
1099-GODLO,18,Low,0.1775,1,Two year,No,20.35
0111-KLBQG,18,Low,0.1774,32,Month-to-month,Fiber optic,93.95
9867-NNXLC,18,Low,0.1774,22,Month-to-month,No,20.05
8231-BSWXX,18,Low,0.1772,71,One year,Fiber optic,79.05
4020-KIUDI,18,Low,0.1772,6,Month-to-month,No,19.85
3370-GQEAL,18,Low,0.1772,30,Month-to-month,Fiber optic,85.45
9350-ZXYJC,18,Low,0.177,4,Two year,No,25.3
4472-VESGY,18,Low,0.1769,52,Month-to-month,Fiber optic,98.15
1131-ALZWV,18,Low,0.1768,24,One year,No,24.6
3340-QBBFM,18,Low,0.1767,36,One year,DSL,54.1
0233-FTHAV,18,Low,0.1766,60,One year,Fiber optic,79.2
3640-JQGJG,18,Low,0.1765,13,Month-to-month,DSL,44.8
0727-BNRLG,18,Low,0.1762,69,Two year,Fiber optic,97.65
5789-LDFXO,18,Low,0.1762,24,One year,No,24.6
1171-TYKUR,18,Low,0.1761,47,Month-to-month,No,25.4
3847-BAERP,18,Low,0.176,10,Month-to-month,No,20.9
8123-QBNAZ,18,Low,0.1759,36,Month-to-month,Fiber optic,104.5
3780-DDGSE,18,Low,0.1758,35,Month-to-month,DSL,76.05
1271-UODNO,18,Low,0.1757,39,Two year,DSL,53.85
9800-ONTFE,18,Low,0.1757,22,Month-to-month,Fiber optic,75.8
3259-QMXUN,18,Low,0.1756,58,Two year,DSL,86.1
0993-OSGPT,18,Low,0.1756,68,One year,DSL,60.65
0098-BOWSO,18,Low,0.1756,27,Month-to-month,No,19.4
7492-TAFJD,18,Low,0.1755,7,Two year,DSL,38.55
2120-SMPEX,18,Low,0.1755,25,Month-to-month,No,20.15
1735-XMJVH,18,Low,0.1752,8,Month-to-month,No,19.35
3251-YMVWZ,17,Low,0.1747,53,One year,No,24.05
2824-MYYBN,17,Low,0.1747,37,Month-to-month,Fiber optic,95.25
3039-MJSLN,17,Low,0.1745,3,Month-to-month,No,20.2
1183-CANVH,17,Low,0.1743,23,One year,DSL,60.0
9974-JFBHQ,17,Low,0.1742,64,Month-to-month,Fiber optic,99.15
3097-IDVPU,17,Low,0.174,19,Month-to-month,DSL,50.1
7925-PNRGI,17,Low,0.1739,45,Month-to-month,DSL,81.3
4328-VUFWD,17,Low,0.1739,39,One year,DSL,59.3
9577-WJVCQ,17,Low,0.1736,68,Month-to-month,DSL,54.45
7140-ADSMJ,17,Low,0.1735,8,Month-to-month,No,20.45
4947-DSMXK,17,Low,0.1734,34,Month-to-month,Fiber optic,97.7
1785-BPHTP,17,Low,0.1734,28,Month-to-month,Fiber optic,85.45
6814-ZPWFQ,17,Low,0.1731,51,One year,No,25.0
1291-CUOCY,17,Low,0.1731,72,Two year,Fiber optic,110.6
3249-VHRIP,17,Low,0.173,62,Two year,DSL,43.6
5815-HGGHV,17,Low,0.1729,20,One year,DSL,64.15
8469-SNFFH,17,Low,0.1726,70,One year,DSL,79.4
0396-UKGAI,17,Low,0.1722,23,Month-to-month,DSL,55.3
0104-PPXDV,17,Low,0.1715,58,One year,DSL,50.3
4504-YOULA,17,Low,0.1715,35,Month-to-month,DSL,59.45
6080-TCMYC,17,Low,0.1714,40,Month-to-month,Fiber optic,81.2
1057-FOGLZ,17,Low,0.1713,18,Month-to-month,No,19.65
6726-NNFWD,17,Low,0.1713,71,Two year,Fiber optic,89.45
9610-WCESF,17,Low,0.1712,67,Two year,DSL,43.9
0310-SUCIN,17,Low,0.1708,71,One year,DSL,84.8
1702-CCFNJ,17,Low,0.1707,52,Month-to-month,DSL,61.35
8034-RYTVV,17,Low,0.1707,55,One year,Fiber optic,84.25
5297-MDOIR,17,Low,0.1706,63,One year,Fiber optic,81.15
0584-BJQGZ,17,Low,0.1705,25,Month-to-month,DSL,78.35
0820-FNRNX,17,Low,0.1703,17,Month-to-month,DSL,66.7
3466-BYAVD,17,Low,0.1703,15,Month-to-month,DSL,69.5
0813-TAXXS,17,Low,0.1699,55,Two year,DSL,77.8
4486-EFAEB,17,Low,0.1698,13,Month-to-month,No,20.4
2926-JEJJC,17,Low,0.1696,8,One year,No,20.2
1159-WFSGR,17,Low,0.1696,16,Month-to-month,No,20.4
5651-YLPRD,17,Low,0.1695,32,Month-to-month,Fiber optic,86.1
8668-KNZTI,17,Low,0.1694,52,One year,DSL,53.75
7929-SKFGK,17,Low,0.1692,70,Two year,Fiber optic,114.3
4806-DXQCE,17,Low,0.1692,70,Two year,Fiber optic,113.65
7566-DSRLQ,17,Low,0.1691,72,Two year,Fiber optic,110.15
8652-YHIYU,17,Low,0.1691,16,One year,Fiber optic,79.5
0533-UCAAU,17,Low,0.169,57,One year,DSL,71.1
3407-QGWLG,17,Low,0.169,3,Month-to-month,No,20.05
4098-NAUKP,17,Low,0.1689,68,Month-to-month,Fiber optic,84.65
4623-ZKHLY,17,Low,0.1684,22,Month-to-month,No,20.45
5982-FPVQN,17,Low,0.1684,37,Month-to-month,Fiber optic,95.15
9770-KXGQU,17,Low,0.1683,53,One year,Fiber optic,98.6
7968-QUXNS,17,Low,0.1681,6,Month-to-month,No,18.95
6295-OSINB,17,Low,0.1681,72,Two year,Fiber optic,109.65
8738-JOKAR,17,Low,0.1681,42,One year,DSL,67.7
2717-HVIZY,17,Low,0.168,8,Month-to-month,No,20.05
6614-FHDBO,17,Low,0.1678,72,Two year,Fiber optic,109.2
2038-YSEZE,17,Low,0.1676,29,Month-to-month,DSL,67.45
2453-SAFNS,17,Low,0.1674,54,One year,DSL,72.1
9967-ATRFS,17,Low,0.1673,19,Month-to-month,No,19.9
8016-ZMGMO,17,Low,0.1673,66,One year,DSL,70.85
1338-CECEE,17,Low,0.1672,41,One year,DSL,68.5
6048-UWKAL,17,Low,0.1671,69,Two year,Fiber optic,105.4
4712-UYOOI,17,Low,0.1671,20,Month-to-month,No,20.0
8559-WNQZS,17,Low,0.167,1,Two year,No,20.45
2969-WGHQO,17,Low,0.1667,7,One year,DSL,69.45
8680-CGLTP,17,Low,0.1667,29,One year,DSL,58.75
0594-UFTUL,17,Low,0.1666,13,Month-to-month,No,19.85
4063-EIKNQ,17,Low,0.1665,11,Month-to-month,No,20.95
7619-PLRLP,17,Low,0.1664,53,One year,DSL,74.1
1222-LRYKO,17,Low,0.1664,6,Month-to-month,No,26.35
6827-IEAUQ,17,Low,0.1663,27,One year,DSL,66.15
3055-VTCGS,17,Low,0.1663,63,One year,DSL,58.55
4075-WKNIU,17,Low,0.1662,0,Two year,DSL,73.35
6164-HXUGH,17,Low,0.1661,6,Month-to-month,No,19.85
1930-WNXSB,17,Low,0.1661,58,Month-to-month,Fiber optic,92.85
8672-OAUPW,17,Low,0.1661,51,One year,DSL,47.85
3727-OWVYD,17,Low,0.166,35,One year,DSL,61.2
4981-FLTMF,17,Low,0.166,57,Month-to-month,DSL,65.2
8647-SDTWQ,17,Low,0.166,57,Month-to-month,Fiber optic,74.3
3374-PZLXD,17,Low,0.1659,34,Month-to-month,No,19.7
1544-JJMYL,17,Low,0.1652,27,One year,DSL,69.35
7156-MXBJE,17,Low,0.1651,43,One year,DSL,85.1
4999-IEZLT,16,Low,0.165,66,One year,DSL,29.45
3244-CQPHU,16,Low,0.1648,72,Two year,Fiber optic,110.1
9495-SKLKD,16,Low,0.1644,45,Month-to-month,Fiber optic,95.95
3696-XRIEN,16,Low,0.1643,50,One year,DSL,82.5
8822-KNBHV,16,Low,0.1643,48,One year,DSL,83.45
6194-HBGQN,16,Low,0.1641,51,One year,DSL,81.15
9845-PEEKO,16,Low,0.164,59,Two year,Fiber optic,79.2
1680-VDCWW,16,Low,0.1638,12,One year,No,19.8
0458-HEUZG,16,Low,0.1636,13,Two year,DSL,35.4
1784-BXEFA,16,Low,0.1633,10,Month-to-month,No,20.55
0484-JPBRU,16,Low,0.1631,41,Month-to-month,No,25.25
9758-MFWGD,16,Low,0.1631,48,One year,DSL,29.9
5245-VDBUR,16,Low,0.163,52,One year,DSL,35.45
2546-KZAAT,16,Low,0.1628,52,One year,DSL,75.4
3115-JPJDD,16,Low,0.1628,59,One year,Fiber optic,81.25
8777-MBMTS,16,Low,0.1627,65,Two year,Fiber optic,105.85
8042-RNLKO,16,Low,0.1627,66,One year,No,25.45
3077-RSNTJ,16,Low,0.1625,6,Month-to-month,No,19.7
8080-POTJR,16,Low,0.1624,30,One year,DSL,79.3
3115-CZMZD,16,Low,0.1623,0,Two year,No,20.25
1455-HFBXA,16,Low,0.162,52,Two year,Fiber optic,91.6
6509-TSGWN,16,Low,0.162,37,Month-to-month,No,26.45
7989-AWGEH,16,Low,0.1619,49,Month-to-month,DSL,39.2
2520-SGTTA,16,Low,0.1618,0,Two year,No,20.0
6506-EYCNH,16,Low,0.1616,28,Month-to-month,No,19.55
0178-SZBHO,16,Low,0.1615,47,Month-to-month,Fiber optic,87.2
4879-GZLFH,16,Low,0.1615,42,Month-to-month,Fiber optic,92.15
9554-DFKIC,16,Low,0.1614,30,Month-to-month,DSL,54.45
0257-KXZGU,16,Low,0.1614,32,Month-to-month,DSL,62.45
9142-XMYJH,16,Low,0.1613,29,Month-to-month,No,19.35
0536-ACXIP,16,Low,0.1611,72,Two year,Fiber optic,109.55
5337-IIWKZ,16,Low,0.1609,34,Month-to-month,DSL,44.85
0743-HNPFG,16,Low,0.1609,51,One year,DSL,69.75
1163-ONYEY,16,Low,0.1607,41,Month-to-month,DSL,74.55
9904-EHEVJ,16,Low,0.1606,32,Month-to-month,Fiber optic,91.35
8204-TIFGJ,16,Low,0.1604,23,Month-to-month,No,20.3
5989-AXPUC,16,Low,0.16,68,Two year,Fiber optic,118.6
4694-PHWFW,16,Low,0.1599,8,Month-to-month,No,19.95
7576-JMYWV,16,Low,0.1595,46,Month-to-month,Fiber optic,110.2
4163-KIUHY,16,Low,0.1592,35,Month-to-month,No,25.6
9746-UGFAC,16,Low,0.1591,22,One year,No,20.85
1545-JFUML,16,Low,0.1591,71,Two year,Fiber optic,99.0
6478-HRRCZ,16,Low,0.1591,32,One year,DSL,70.5
2522-WLNSF,16,Low,0.159,34,One year,DSL,64.2
8984-HPEMB,16,Low,0.159,71,Two year,Fiber optic,118.65
7375-WMVMT,16,Low,0.159,71,Two year,Fiber optic,95.5
6082-GLJIX,16,Low,0.1589,18,Month-to-month,No,19.25
2675-IJRGJ,16,Low,0.1589,53,Two year,No,19.65
1488-SYSFC,16,Low,0.1587,31,Month-to-month,No,20.65
6752-APNJL,16,Low,0.1585,42,Month-to-month,DSL,54.5
9860-LISIZ,16,Low,0.1584,34,Month-to-month,No,20.35
4835-YSJMR,16,Low,0.1582,39,Two year,DSL,49.8
7581-EBBOU,16,Low,0.1581,60,One year,DSL,70.15
7901-IIDQV,16,Low,0.158,24,One year,DSL,54.6
4598-ZADCK,16,Low,0.158,53,One year,DSL,53.6
0756-MPZRL,16,Low,0.1579,46,One year,DSL,33.7
2434-EEVDB,16,Low,0.1577,64,Two year,Fiber optic,94.6
8815-LMFLX,16,Low,0.1576,25,Month-to-month,No,25.4
0620-XEFWH,16,Low,0.1576,4,Month-to-month,No,18.85
9470-YFUYI,16,Low,0.1576,71,One year,DSL,71.0
7247-XOZPB,16,Low,0.1572,53,One year,DSL,77.4
7061-OVMIM,16,Low,0.1571,30,One year,No,19.55
2368-GAKKQ,16,Low,0.1569,70,Two year,Fiber optic,113.65
5442-BXVND,16,Low,0.1569,33,Month-to-month,No,24.25
5504-WSIUR,16,Low,0.1567,70,One year,Fiber optic,90.25
5229-DTFYB,16,Low,0.1566,41,Two year,Fiber optic,98.8
4198-VFOEA,16,Low,0.1565,12,One year,DSL,33.6
2129-ALKBS,16,Low,0.1565,40,Month-to-month,No,26.2
1257-SXUXQ,16,Low,0.1564,5,Month-to-month,No,19.45
4134-BSXLX,16,Low,0.1564,28,Month-to-month,DSL,60.9
3739-YBWAB,16,Low,0.1564,36,One year,DSL,35.35
7520-HQWJU,16,Low,0.1563,66,Month-to-month,DSL,67.45
9074-KGVOX,16,Low,0.1562,50,Month-to-month,DSL,39.45
8033-ATFAS,16,Low,0.1561,39,Month-to-month,DSL,59.85
8169-SAEJD,16,Low,0.156,69,Two year,DSL,56.55
2150-WLKUW,16,Low,0.1557,40,One year,DSL,63.9
9589-ABEPT,16,Low,0.1551,69,Two year,Fiber optic,92.45
8109-YUOHE,16,Low,0.155,17,One year,DSL,56.1
9386-LDCZR,15,Low,0.1548,43,One year,Fiber optic,90.65
1074-AMIOH,15,Low,0.1542,53,Month-to-month,Fiber optic,108.25
3468-DRVQJ,15,Low,0.1538,10,One year,DSL,70.3
5944-UGLLK,15,Low,0.1538,53,One year,DSL,54.9
1696-HXOWK,15,Low,0.1537,71,One year,Fiber optic,95.65
2775-SEFEE,15,Low,0.1533,0,Two year,DSL,61.9
7483-IQWIB,15,Low,0.1533,37,Month-to-month,Fiber optic,92.95
7107-UBYKY,15,Low,0.1531,35,Month-to-month,No,25.75
2834-JKOOW,15,Low,0.1531,15,One year,DSL,45.9
9359-JANWS,15,Low,0.1529,65,Two year,DSL,58.9
5155-AZQPB,15,Low,0.1527,28,Month-to-month,DSL,49.9
0742-LAFQK,15,Low,0.1524,72,Two year,Fiber optic,99.15
8879-ZKJOF,15,Low,0.1524,41,One year,DSL,79.85
7956-XQWGU,15,Low,0.152,27,Month-to-month,No,19.4
9220-ZNKJI,15,Low,0.1519,55,Two year,Fiber optic,88.8
9558-IHEZX,15,Low,0.1518,71,Two year,Fiber optic,106.75
0661-WCQNQ,15,Low,0.1518,22,One year,DSL,56.25
8007-YYPWD,15,Low,0.1517,15,Two year,No,25.05
3156-QLHBO,15,Low,0.1516,2,Month-to-month,No,19.25
6754-LZUKA,15,Low,0.1516,61,Two year,DSL,80.9
7801-CEDNV,15,Low,0.1514,27,One year,DSL,48.7
2054-PJOCK,15,Low,0.1514,60,One year,DSL,80.55
0048-PIHNL,15,Low,0.1513,49,One year,No,20.45
3518-FSTWG,15,Low,0.1512,72,Two year,Fiber optic,109.55
5829-NVSQN,15,Low,0.1511,23,One year,DSL,68.75
9894-QMIMJ,15,Low,0.1508,23,One year,DSL,55.8
7047-YXDMZ,15,Low,0.1507,21,Month-to-month,No,20.0
9730-DRTMJ,15,Low,0.1507,32,One year,DSL,72.8
1956-YIFGE,15,Low,0.1507,22,One year,Fiber optic,100.05
8871-JLMHM,15,Low,0.1507,68,Two year,Fiber optic,90.2
1813-JLKWR,15,Low,0.1504,64,One year,No,19.8
2197-OMWGI,15,Low,0.1502,68,Two year,DSL,53.0
2243-FNMMI,15,Low,0.1502,20,Month-to-month,No,19.4
2171-UDMFD,15,Low,0.1498,32,Month-to-month,No,19.45
7055-JCGNI,15,Low,0.1496,70,Two year,Fiber optic,111.95
5256-SKJGO,15,Low,0.1496,64,Two year,DSL,54.6
5061-PBXFW,15,Low,0.1495,32,Month-to-month,DSL,61.4
3926-YZVVX,15,Low,0.1495,41,One year,DSL,50.05
5339-TJFEK,15,Low,0.1494,62,Month-to-month,Fiber optic,105.5
2680-XKKNJ,15,Low,0.1494,8,One year,DSL,58.2
7134-HBPBS,15,Low,0.1494,72,Two year,Fiber optic,108.1
2469-DTSGX,15,Low,0.1492,72,Two year,Fiber optic,111.65
1431-CYWMH,15,Low,0.1492,22,Month-to-month,No,19.05
5804-HYIEZ,15,Low,0.1491,70,Month-to-month,Fiber optic,106.05
0913-XWSCN,15,Low,0.1488,55,Month-to-month,Fiber optic,85.5
0547-HURJB,15,Low,0.1488,12,Month-to-month,No,21.05
1104-FEJAM,15,Low,0.1487,28,Month-to-month,DSL,64.4
9207-ZPANB,15,Low,0.1486,37,One year,DSL,67.45
7572-KPVKK,15,Low,0.1485,62,Two year,Fiber optic,104.05
2077-DDHJK,15,Low,0.1481,68,Two year,DSL,70.9
2954-PIBKO,15,Low,0.1478,69,Two year,DSL,64.15
9924-JPRMC,15,Low,0.1478,72,Two year,Fiber optic,118.2
1492-QGCLU,15,Low,0.1477,53,Month-to-month,DSL,85.7
5278-PNYOX,15,Low,0.1475,49,Two year,Fiber optic,100.65
8883-GRDWQ,15,Low,0.1475,20,One year,DSL,54.0
0479-HMSWA,15,Low,0.1474,26,Two year,Fiber optic,105.45
5985-TBABQ,15,Low,0.1473,32,One year,DSL,74.75
0835-DUUIQ,15,Low,0.1473,24,One year,No,21.05
2483-XSSMZ,15,Low,0.147,39,One year,DSL,47.85
0320-DWVTU,15,Low,0.1468,53,Two year,Fiber optic,99.5
0489-WMEMG,15,Low,0.1467,23,One year,DSL,49.45
6171-ZTVYB,15,Low,0.1466,43,Month-to-month,DSL,66.25
9917-KWRBE,15,Low,0.1465,41,One year,DSL,78.35
2302-OUZXB,15,Low,0.1465,72,Two year,DSL,82.15
5387-ASZNZ,15,Low,0.1464,66,One year,DSL,63.85
7816-VGHTO,15,Low,0.1463,6,Two year,DSL,40.55
4054-CUMIA,15,Low,0.1461,18,Month-to-month,No,20.25
0701-RFGFI,15,Low,0.1459,49,Month-to-month,Fiber optic,95.4
4615-PIVVU,15,Low,0.1458,42,Two year,DSL,66.5
7682-AZNDK,15,Low,0.1457,34,Month-to-month,Fiber optic,89.85
0106-UGRDO,15,Low,0.1453,69,Two year,Fiber optic,116.0
7644-OMVMY,15,Low,0.1452,0,Two year,No,19.85
2466-NEJOJ,15,Low,0.1451,8,Month-to-month,No,19.65
8975-SKGRX,14,Low,0.145,71,Two year,Fiber optic,116.1
2809-ILCYT,14,Low,0.145,25,One year,No,26.8
4890-VMUAV,14,Low,0.1449,63,One year,DSL,71.5
5546-BYZSM,14,Low,0.1449,41,Month-to-month,No,20.45
6893-ODYYE,14,Low,0.1447,50,One year,Fiber optic,90.1
4776-XSKYQ,14,Low,0.1446,12,One year,DSL,30.25
6500-JVEGC,14,Low,0.1446,68,One year,Fiber optic,101.35
5447-VYTKW,14,Low,0.1446,27,Month-to-month,DSL,53.45
2521-NPUZR,14,Low,0.1445,70,Two year,Fiber optic,101.0
3146-JTQHR,14,Low,0.1445,10,One year,No,19.6
8309-PPCED,14,Low,0.144,72,Two year,Fiber optic,110.45
7356-AYNJP,14,Low,0.1439,4,One year,No,23.9
4001-TSBTV,14,Low,0.1439,58,Month-to-month,Fiber optic,91.55
3724-UCSHY,14,Low,0.1438,6,Month-to-month,No,19.55
8898-KASCD,14,Low,0.1435,39,One year,DSL,35.55
4213-HKBJO,14,Low,0.1434,33,Two year,No,25.7
6999-CHVCF,14,Low,0.1434,68,Two year,Fiber optic,102.1
4829-ZLJTK,14,Low,0.1431,72,Two year,Fiber optic,112.4
8595-SIZNC,14,Low,0.143,22,One year,No,25.6
5774-XZTQC,14,Low,0.1428,7,Month-to-month,No,20.45
7707-PYBBH,14,Low,0.1421,40,Month-to-month,DSL,61.9
3898-BSJYF,14,Low,0.1416,10,One year,DSL,73.55
0292-WEGCH,14,Low,0.1414,54,Month-to-month,DSL,86.2
9152-AMKAK,14,Low,0.1414,6,Two year,DSL,80.25
4291-HYEBC,14,Low,0.1413,28,One year,DSL,39.1
1877-HKBQX,14,Low,0.1413,11,One year,DSL,54.6
6435-VWCCY,14,Low,0.1412,65,Two year,Fiber optic,92.7
7407-SUJIZ,14,Low,0.1411,25,Month-to-month,No,20.6
3012-VFFMN,14,Low,0.1408,7,Month-to-month,No,20.65
7521-YXVZY,14,Low,0.1404,3,Month-to-month,No,19.95
9359-UGBTK,14,Low,0.1403,67,One year,DSL,72.35
2958-NHPPS,14,Low,0.1402,23,Month-to-month,No,20.85
2242-MFOTG,14,Low,0.14,33,One year,Fiber optic,80.1
5753-QQWPW,14,Low,0.1398,28,One year,DSL,59.9
2351-RRBUE,14,Low,0.1398,7,One year,No,20.65
0248-PGHBZ,14,Low,0.1398,67,Two year,Fiber optic,92.45
2410-CIYFZ,14,Low,0.1398,2,Month-to-month,No,20.4
0872-CASZJ,14,Low,0.1397,59,One year,DSL,69.1
7776-QGYJC,14,Low,0.1397,39,Month-to-month,Fiber optic,81.5
0487-VVUVK,14,Low,0.1395,25,Month-to-month,No,19.15
6674-KVJHG,14,Low,0.1395,11,One year,No,25.2
9225-BZLNZ,14,Low,0.1394,72,Two year,DSL,85.25
1658-XUHBX,14,Low,0.1393,59,Month-to-month,Fiber optic,88.75
9330-DHBFL,14,Low,0.1391,23,One year,DSL,66.25
6371-NZYEG,14,Low,0.1391,16,Two year,DSL,64.25
1247-QBVSH,14,Low,0.1389,43,Month-to-month,DSL,50.2
0357-NVCRI,14,Low,0.1389,25,Month-to-month,No,20.05
9544-PYPSJ,14,Low,0.1389,62,Month-to-month,Fiber optic,96.1
9313-QOLTZ,14,Low,0.1388,26,Month-to-month,No,20.9
8809-XKHMD,14,Low,0.1387,72,Two year,Fiber optic,100.55
7876-AEHIG,14,Low,0.1383,51,One year,DSL,60.15
6891-JPYFF,14,Low,0.1381,48,Month-to-month,Fiber optic,105.25
4072-IPYLT,14,Low,0.138,36,Month-to-month,DSL,51.05
8319-QBEHW,14,Low,0.1379,26,One year,DSL,39.95
7803-XOCCZ,14,Low,0.1377,52,Month-to-month,Fiber optic,84.05
9814-AOUDH,14,Low,0.1375,53,Two year,No,19.5
9408-HRXRK,14,Low,0.1374,45,Month-to-month,Fiber optic,105.15
5846-QFDFI,14,Low,0.1374,33,Month-to-month,Fiber optic,88.6
4277-UDIEF,14,Low,0.1374,24,Month-to-month,DSL,81.0
1371-DWPAZ,14,Low,0.1372,0,Two year,DSL,56.05
9880-TDQAC,14,Low,0.1368,72,Two year,DSL,60.0
9102-OXKFY,14,Low,0.1367,59,Two year,DSL,54.15
6322-HRPFA,14,Low,0.1367,49,Month-to-month,DSL,59.6
5018-LXQQG,14,Low,0.1365,30,Month-to-month,DSL,66.3
5820-PTRYM,14,Low,0.1363,56,One year,DSL,68.45
2739-CCZMB,14,Low,0.1363,5,Month-to-month,No,20.35
8859-AXJZP,14,Low,0.1362,39,Two year,No,23.8
3354-OADJP,14,Low,0.1357,8,One year,DSL,54.25
3823-KYNQY,14,Low,0.1356,12,One year,No,24.95
5294-DMSFH,14,Low,0.1353,29,Month-to-month,Fiber optic,87.8
7168-HDQHG,14,Low,0.1352,36,Month-to-month,No,19.2
1452-XRSJV,14,Low,0.135,39,Month-to-month,DSL,51.05
7779-ORAEL,14,Low,0.135,45,Two year,DSL,75.15
9782-LGXMC,13,Low,0.1348,49,Month-to-month,DSL,61.75
7764-BDPEE,13,Low,0.1347,3,Month-to-month,No,20.85
7995-ZHHNZ,13,Low,0.1347,42,One year,DSL,56.1
2190-PHBHR,13,Low,0.1342,72,Two year,Fiber optic,94.45
9518-IMLHK,13,Low,0.1341,31,Month-to-month,DSL,72.45
2672-TGEFF,13,Low,0.1339,37,Month-to-month,Fiber optic,88.8
1866-ZSLJM,13,Low,0.1339,21,Month-to-month,No,20.5
2649-HWLYB,13,Low,0.1337,65,Two year,DSL,76.15
7311-MQJCH,13,Low,0.1334,5,One year,No,19.55
1866-DIOQZ,13,Low,0.133,71,One year,DSL,66.8
2959-EEXWB,13,Low,0.1327,45,Month-to-month,DSL,50.9
8610-ZIKJJ,13,Low,0.1324,2,One year,No,20.3
8819-WFGGJ,13,Low,0.132,68,Two year,DSL,54.1
9362-MWODR,13,Low,0.132,40,Month-to-month,DSL,64.1
1174-FGIFN,13,Low,0.1312,28,One year,Fiber optic,90.45
4500-HKANN,13,Low,0.1311,23,Two year,DSL,59.7
8383-SGHJU,13,Low,0.1311,33,One year,DSL,59.4
6727-IOTLZ,13,Low,0.131,14,Two year,DSL,81.95
8338-QIUNR,13,Low,0.131,72,Two year,DSL,66.5
5203-XEHAX,13,Low,0.1309,34,One year,DSL,64.35
4826-DXMUP,13,Low,0.1309,35,One year,DSL,72.1
0895-UADGO,13,Low,0.1308,8,Two year,DSL,44.55
3933-DQPWX,13,Low,0.1306,50,Two year,DSL,39.7
4654-GGUII,13,Low,0.1305,18,One year,DSL,40.2
6353-BRMMA,13,Low,0.1303,54,Month-to-month,Fiber optic,104.1
6586-MYGKD,13,Low,0.1297,70,Two year,DSL,76.95
3486-KHMLI,13,Low,0.1295,21,Month-to-month,No,24.7
2878-RMWXY,13,Low,0.1295,72,Two year,Fiber optic,102.65
0230-UBYPQ,13,Low,0.1292,63,One year,DSL,36.1
4909-JOUPP,13,Low,0.1288,72,Two year,Fiber optic,109.7
6252-DFGTK,13,Low,0.1288,37,One year,DSL,68.1
7663-YJHSN,13,Low,0.1287,72,Two year,Fiber optic,103.95
9313-CDOGY,13,Low,0.1287,38,Month-to-month,No,19.6
7269-JISCY,13,Low,0.1285,55,One year,DSL,45.05
8401-EMUWF,13,Low,0.1277,42,Month-to-month,DSL,69.4
3752-CQSJI,13,Low,0.1276,13,Month-to-month,No,20.45
1661-CZBAU,13,Low,0.1274,48,One year,DSL,70.95
3347-YJZZE,13,Low,0.1274,29,Month-to-month,DSL,80.1
0454-OKRCT,13,Low,0.1274,33,Two year,Fiber optic,80.6
5961-VUSRV,13,Low,0.1272,12,One year,No,19.35
8464-EETCQ,13,Low,0.1272,57,Two year,No,18.8
6872-HXFNF,13,Low,0.1272,64,One year,DSL,58.35
2250-IVBWA,13,Low,0.1272,64,Month-to-month,Fiber optic,81.05
1684-FLBGS,13,Low,0.1272,23,Month-to-month,DSL,69.5
5499-ECUTN,13,Low,0.127,47,One year,DSL,66.05
4767-HZZHQ,13,Low,0.1268,30,Month-to-month,Fiber optic,82.05
2931-SVLTV,13,Low,0.1266,40,Month-to-month,Fiber optic,110.1
5791-KAJFD,13,Low,0.1265,56,One year,DSL,68.75
5716-EZXZN,13,Low,0.1262,65,Two year,Fiber optic,99.05
3530-VWVGU,13,Low,0.1261,22,Month-to-month,No,19.9
2294-DMMUS,13,Low,0.1261,62,Month-to-month,DSL,70.45
4111-BNXIF,13,Low,0.1261,67,Two year,DSL,59.55
5329-KRDTM,13,Low,0.126,72,Two year,DSL,77.35
1641-BYBTK,13,Low,0.1259,6,Month-to-month,No,20.2
8097-VBQTZ,13,Low,0.1258,54,Month-to-month,DSL,69.9
2096-XOTMO,13,Low,0.1258,16,Month-to-month,No,19.35
1345-GKDZZ,13,Low,0.1257,6,Month-to-month,No,19.55
7010-ZMVBF,13,Low,0.1257,18,Month-to-month,No,20.45
9467-ROOLM,13,Low,0.1257,25,Month-to-month,No,19.05
3646-ITDGM,13,Low,0.1254,56,Two year,No,19.7
5512-IDZEI,13,Low,0.1253,46,One year,No,24.9
4385-ZKVNW,13,Low,0.1252,44,Month-to-month,DSL,54.9
1697-BCSHV,12,Low,0.125,58,Month-to-month,DSL,66.8
9803-FTJCG,12,Low,0.125,71,One year,DSL,66.85
5384-ZTTWP,12,Low,0.1249,15,Month-to-month,No,19.8
7817-OMJNA,12,Low,0.1246,14,One year,No,20.4
8398-TBIYD,12,Low,0.1246,72,Two year,Fiber optic,84.7
1552-CZCLL,12,Low,0.1246,55,Month-to-month,No,20.0
0014-BMAQU,12,Low,0.1243,63,Two year,Fiber optic,84.65
2359-KLTEK,12,Low,0.1243,41,Month-to-month,Fiber optic,94.9
0943-ZQPXH,12,Low,0.1241,44,Month-to-month,Fiber optic,92.95
2996-XAUVF,12,Low,0.124,70,Two year,DSL,40.05
8734-FNWVH,12,Low,0.1239,31,Month-to-month,DSL,59.7
4450-MDZFX,12,Low,0.1238,60,Month-to-month,Fiber optic,74.35
6620-HVDUJ,12,Low,0.1237,24,Month-to-month,DSL,60.45
5260-UMPWX,12,Low,0.1236,26,Month-to-month,No,20.25
6551-ZCOTS,12,Low,0.1236,33,One year,No,24.9
6504-VBLFL,12,Low,0.1232,55,Two year,DSL,58.6
9750-BOOHV,12,Low,0.1231,32,One year,DSL,30.15
0013-SMEOE,12,Low,0.1228,71,Two year,Fiber optic,109.7
0979-MOZQI,12,Low,0.1226,62,Two year,DSL,39.0
4942-VZZOM,12,Low,0.1223,64,One year,DSL,66.15
3655-SNQYZ,12,Low,0.1222,69,Two year,Fiber optic,113.25
5844-QVTAT,12,Low,0.1222,33,One year,DSL,58.45
1915-OAKWD,12,Low,0.1222,16,One year,No,19.3
1266-NZYUI,12,Low,0.1222,72,Two year,DSL,66.85
7136-IHZJA,12,Low,0.1219,40,Month-to-month,DSL,71.35
9796-MVYXX,12,Low,0.1219,14,Two year,DSL,39.7
1206-EHBDD,12,Low,0.1219,56,Two year,Fiber optic,80.3
4732-RRJZC,12,Low,0.1217,7,Month-to-month,No,20.25
7623-HKYRK,12,Low,0.1216,6,Month-to-month,No,19.7
5977-CKHON,12,Low,0.1216,43,Month-to-month,Fiber optic,92.55
7524-VRLPL,12,Low,0.1216,69,Two year,DSL,74.1
9861-PDSZP,12,Low,0.1215,72,Two year,Fiber optic,108.05
6131-IUNXN,12,Low,0.1213,19,Month-to-month,No,20.2
2999-AANRQ,12,Low,0.1212,21,Two year,DSL,71.05
4657-FWVFY,12,Low,0.1209,40,Month-to-month,Fiber optic,96.35
5917-HBSDW,12,Low,0.1206,37,Month-to-month,No,19.35
2144-ESWKO,12,Low,0.1206,43,One year,DSL,35.2
1302-TPUBN,12,Low,0.1201,66,Two year,No,19.35
7445-WMRBW,12,Low,0.1198,48,One year,DSL,73.85
8024-XNAFQ,12,Low,0.1196,72,Two year,Fiber optic,107.4
0707-HOVVN,12,Low,0.1195,70,Two year,DSL,75.5
2164-SOQXL,12,Low,0.1194,20,Month-to-month,No,20.05
4250-WAROZ,12,Low,0.1191,60,Month-to-month,Fiber optic,93.25
7105-BENQF,12,Low,0.119,15,One year,DSL,64.85
3740-RLMVT,12,Low,0.119,67,One year,DSL,60.95
5726-CVNYA,12,Low,0.1187,8,Two year,No,19.85
4024-CSNBY,12,Low,0.1186,72,Two year,Fiber optic,94.25
2324-AALNO,12,Low,0.1183,48,One year,No,24.55
7148-XZPHA,12,Low,0.1181,55,Month-to-month,Fiber optic,79.4
8884-MRNSU,12,Low,0.1181,17,One year,No,19.9
8853-TZDGH,12,Low,0.1179,72,Two year,Fiber optic,111.6
0327-WFZSY,12,Low,0.1178,39,One year,Fiber optic,100.0
5642-MHDQT,12,Low,0.1178,53,One year,No,19.85
8387-UGUSU,12,Low,0.1178,15,Month-to-month,No,20.05
6682-VCIXC,12,Low,0.1178,43,One year,DSL,51.25
7217-JYHOQ,12,Low,0.1177,24,Month-to-month,DSL,70.3
6980-CDGFC,12,Low,0.1176,67,One year,No,20.85
3162-ZJZFU,12,Low,0.1174,53,Month-to-month,Fiber optic,92.55
3161-ONRWK,12,Low,0.1174,60,One year,DSL,65.85
1850-AKQEP,12,Low,0.1174,8,Month-to-month,No,20.35
5641-DMBFJ,12,Low,0.1174,58,Two year,DSL,84.3
8587-XYZSF,12,Low,0.1173,67,Two year,DSL,50.55
2408-PSJVE,12,Low,0.1172,44,Month-to-month,DSL,61.9
5056-FIMPT,12,Low,0.1171,43,One year,Fiber optic,106.0
4719-UMSIY,12,Low,0.1167,6,Month-to-month,No,19.65
6103-QCKFX,12,Low,0.1167,44,Month-to-month,DSL,56.25
6510-UPNKS,12,Low,0.1167,23,One year,No,24.8
1371-OJCEK,12,Low,0.1165,48,One year,No,24.35
0142-GVYSN,12,Low,0.1164,26,Month-to-month,No,20.3
6586-PSJOX,12,Low,0.1163,15,One year,DSL,55.2
7945-HLKEA,12,Low,0.1163,60,One year,DSL,64.75
1952-DVVSW,12,Low,0.1163,10,One year,No,20.1
3413-DHLPB,12,Low,0.1162,60,Month-to-month,Fiber optic,103.75
4018-KJYUY,12,Low,0.116,22,Month-to-month,No,20.15
8421-WZOOW,12,Low,0.116,57,Month-to-month,Fiber optic,95.3
0164-APGRB,12,Low,0.1159,72,Two year,Fiber optic,114.9
3387-PLKUI,12,Low,0.1159,13,Month-to-month,No,18.8
6559-RAKOZ,12,Low,0.1158,49,One year,Fiber optic,97.95
0810-DHDBD,12,Low,0.1156,52,One year,DSL,74.0
5315-CKEQK,12,Low,0.1156,28,One year,DSL,51.0
0744-GKNGE,12,Low,0.1154,64,Month-to-month,Fiber optic,86.8
0595-ITUDF,12,Low,0.1154,64,Month-to-month,Fiber optic,91.8
1023-BQXZE,12,Low,0.1154,57,Two year,DSL,74.35
1036-GUDCL,12,Low,0.1153,60,Month-to-month,DSL,79.05
4950-HKQTE,12,Low,0.115,22,Two year,No,26.25
2812-ENYMO,11,Low,0.1148,26,One year,DSL,54.55
6543-JXSOO,11,Low,0.1148,23,One year,DSL,57.75
7799-LGRDP,11,Low,0.1147,43,Two year,No,25.7
6023-GSSXW,11,Low,0.1147,69,Two year,DSL,61.45
4513-CXYIX,11,Low,0.1144,71,Two year,Fiber optic,80.7
7554-NEWDD,11,Low,0.1143,10,Two year,No,25.7
3633-CDBUW,11,Low,0.1142,17,One year,DSL,80.85
3190-FZATL,11,Low,0.1141,14,Month-to-month,No,19.95
2616-FLVQC,11,Low,0.1139,64,Two year,No,19.55
7284-ZZLOH,11,Low,0.1138,45,Two year,DSL,53.3
3062-ICYZQ,11,Low,0.1137,51,Month-to-month,Fiber optic,93.8
6516-NKQBO,11,Low,0.1136,38,Two year,DSL,81.0
9027-TMATR,11,Low,0.1135,43,Two year,DSL,78.8
9553-DLCLU,11,Low,0.1135,13,Two year,DSL,88.95
4403-BWPAY,11,Low,0.1133,14,One year,No,24.8
0906-QVPMS,11,Low,0.1132,72,Two year,Fiber optic,115.15
4654-ULTTN,11,Low,0.1131,70,Two year,DSL,74.8
8879-XUAHX,11,Low,0.113,71,Two year,Fiber optic,116.25
8670-ERCJH,11,Low,0.1128,72,Two year,Fiber optic,113.4
7025-WCBNE,11,Low,0.1123,47,Two year,DSL,59.6
1121-QSIVB,11,Low,0.1121,44,One year,DSL,77.55
0732-OCQOC,11,Low,0.1119,52,Two year,No,25.05
7173-TETGO,11,Low,0.1117,72,Two year,Fiber optic,78.5
3134-DSHVC,11,Low,0.1117,63,Two year,Fiber optic,98.0
0064-YIJGF,11,Low,0.1116,27,Month-to-month,Fiber optic,75.75
7691-KGKGP,11,Low,0.1116,53,Month-to-month,DSL,65.0
8200-LGKSR,11,Low,0.1115,71,Two year,DSL,83.2
3585-YNADK,11,Low,0.1115,57,One year,DSL,74.6
8777-PVYGU,11,Low,0.1114,52,One year,DSL,64.3
6094-ZIVKX,11,Low,0.1114,68,One year,DSL,54.45
5012-YSPJJ,11,Low,0.1113,31,Month-to-month,DSL,54.35
8205-VSLRB,11,Low,0.1109,70,Two year,DSL,77.3
7137-NAXML,11,Low,0.1109,23,One year,No,20.15
4808-YNLEU,11,Low,0.1108,35,One year,DSL,62.15
8241-JUIQO,11,Low,0.1108,61,One year,No,19.45
9560-BBZXK,11,Low,0.1106,36,Two year,DSL,31.05
9470-XCCEM,11,Low,0.1104,35,Month-to-month,Fiber optic,89.65
0961-ZWLVI,11,Low,0.1102,49,One year,Fiber optic,109.2
1752-OZXFY,11,Low,0.1102,60,One year,DSL,59.8
5857-XRECV,11,Low,0.1102,2,One year,No,20.5
7005-CYUIL,11,Low,0.11,71,Two year,Fiber optic,99.4
2662-NNTDK,11,Low,0.1099,65,One year,No,24.8
7449-HVPIV,11,Low,0.1099,55,Month-to-month,Fiber optic,90.4
4377-VDHYI,11,Low,0.1099,32,One year,Fiber optic,90.8
9127-QRZMH,11,Low,0.1098,44,One year,DSL,59.85
4097-YODCF,11,Low,0.1097,34,One year,Fiber optic,103.8
3161-GETRM,11,Low,0.1097,34,Month-to-month,Fiber optic,90.05
2348-KCJLT,11,Low,0.1096,44,One year,DSL,61.5
5172-RKOCB,11,Low,0.1096,72,Two year,Fiber optic,108.95
4367-NUYAO,11,Low,0.1095,0,Two year,No,25.75
3213-VVOLG,11,Low,0.1095,0,Two year,No,25.35
9297-FVVDH,11,Low,0.1092,57,Two year,DSL,84.5
1222-KJNZD,11,Low,0.1092,40,Month-to-month,No,20.4
2796-UUZZO,11,Low,0.109,63,Month-to-month,Fiber optic,80.3
5777-ZPQNC,11,Low,0.1089,12,One year,No,20.15
8681-ICONS,11,Low,0.1088,29,Month-to-month,No,20.65
9294-TDIPC,11,Low,0.1088,5,Month-to-month,No,20.2
7641-TQFHN,11,Low,0.1088,39,Two year,Fiber optic,100.55
5730-DBDSI,11,Low,0.1086,66,Two year,No,19.7
3957-SQXML,11,Low,0.1084,34,Two year,No,24.95
4525-VZCZG,11,Low,0.1083,54,One year,Fiber optic,105.85
5918-VUKWP,11,Low,0.1081,32,One year,No,20.55
9928-BZVLZ,11,Low,0.108,12,Two year,DSL,49.85
6120-RJKLU,11,Low,0.108,62,Two year,DSL,79.95
3128-YOVTD,11,Low,0.1078,51,Month-to-month,Fiber optic,79.15
8630-QSGXK,11,Low,0.1078,51,Two year,DSL,75.2
8331-ZXFOE,11,Low,0.1075,58,One year,DSL,71.1
1051-EQPZR,11,Low,0.1073,44,Month-to-month,No,19.6
3982-DQLUS,11,Low,0.1072,65,Month-to-month,Fiber optic,85.75
5131-PONJI,11,Low,0.107,49,Month-to-month,Fiber optic,90.4
7163-OCEQI,11,Low,0.1069,22,One year,DSL,78.65
4526-EXKKN,11,Low,0.1068,40,Two year,No,24.6
8958-JPTRR,11,Low,0.1068,56,One year,No,24.3
4937-QPZPO,11,Low,0.1066,61,One year,Fiber optic,99.9
7771-ZONAT,11,Low,0.1066,22,Two year,DSL,56.75
8735-NBLWT,11,Low,0.1063,9,Month-to-month,No,20.4
6719-FGEDO,11,Low,0.1063,72,Two year,Fiber optic,97.0
3298-QEICA,11,Low,0.1062,23,Two year,DSL,34.6
9411-TPQQV,11,Low,0.1062,40,One year,DSL,54.55
4851-BQDNX,11,Low,0.1061,40,One year,Fiber optic,85.05
8329-GWVPJ,11,Low,0.106,50,Month-to-month,Fiber optic,69.75
1325-USMEC,11,Low,0.1058,70,Two year,Fiber optic,99.35
0519-DRGTI,11,Low,0.1057,20,Month-to-month,No,20.35
6837-HAEVO,11,Low,0.1057,69,Two year,Fiber optic,105.0
6681-ZSEXG,11,Low,0.1055,56,Two year,DSL,59.5
1004-NOZNR,11,Low,0.1053,56,One year,Fiber optic,94.8
5781-BKHOP,11,Low,0.1053,72,Two year,Fiber optic,100.65
5372-FBKBN,11,Low,0.1052,21,Month-to-month,No,20.75
2245-ADZFJ,11,Low,0.1051,31,Two year,DSL,80.55
1042-HFUCW,10,Low,0.1049,25,One year,DSL,54.75
4854-SSLTN,10,Low,0.1049,2,Two year,DSL,59.5
9018-PCIOK,10,Low,0.1049,55,Two year,DSL,64.75
3200-MNQTF,10,Low,0.1049,67,Two year,DSL,70.9
6463-MVYRY,10,Low,0.1047,57,Two year,DSL,69.85
0305-SQECB,10,Low,0.1045,11,One year,DSL,36.05
4549-ZDQYY,10,Low,0.1043,52,One year,DSL,57.95
9871-ELEYA,10,Low,0.1043,34,Two year,DSL,67.65
1337-BOZWO,10,Low,0.1043,18,One year,DSL,46.4
9150-HEPMB,10,Low,0.104,56,One year,DSL,52.7
0412-UCCNP,10,Low,0.1038,55,Two year,DSL,59.2
4115-BNPJY,10,Low,0.1038,29,Two year,DSL,75.55
6974-DAFLI,10,Low,0.1038,55,One year,No,19.7
2710-WYVXG,10,Low,0.1036,3,Two year,DSL,71.1
4393-OBCRR,10,Low,0.1031,3,One year,No,20.25
5274-XHAKY,10,Low,0.1031,41,Month-to-month,Fiber optic,94.3
8050-DVOJX,10,Low,0.1029,49,Two year,DSL,81.35
5762-TJXGK,10,Low,0.1026,52,Two year,DSL,58.75
6465-GSRCL,10,Low,0.1025,67,One year,Fiber optic,106.6
6016-LVTJQ,10,Low,0.1021,34,Month-to-month,No,20.65
7706-YLMQA,10,Low,0.1015,70,One year,No,19.7
1841-YSJGV,10,Low,0.1015,72,Two year,Fiber optic,109.95
9350-VLHMB,10,Low,0.1015,67,Month-to-month,Fiber optic,89.55
5914-XRFQB,10,Low,0.1014,72,Two year,Fiber optic,115.8
1972-XMUWV,10,Low,0.1011,65,Two year,DSL,59.8
3174-AKMAS,10,Low,0.1011,46,Two year,DSL,64.2
2277-AXSDC,10,Low,0.1009,32,One year,No,19.75
5740-YHGTW,10,Low,0.1006,70,Month-to-month,Fiber optic,97.55
7471-WNSUF,10,Low,0.1006,60,One year,No,24.15
8792-AOROI,10,Low,0.1005,8,Two year,DSL,65.5
3212-KXOCR,10,Low,0.1004,52,Two year,No,21.0
2039-JONDJ,10,Low,0.1001,27,One year,DSL,55.45
0689-DSXGL,10,Low,0.1,52,Month-to-month,Fiber optic,85.8
4713-ZBURT,10,Low,0.1,45,Two year,Fiber optic,99.7
5318-YKDPV,10,Low,0.0999,43,Two year,DSL,79.15
3378-AJRAO,10,Low,0.0999,44,One year,No,24.85
1352-VHKAJ,10,Low,0.0999,27,Month-to-month,DSL,71.6
2706-QZIHY,10,Low,0.0997,15,Two year,No,25.2
4560-WQAQW,10,Low,0.0996,59,One year,DSL,68.7
8069-RHUXK,10,Low,0.0995,67,Two year,DSL,35.7
8746-BFOAJ,10,Low,0.0995,21,One year,No,20.5
6388-TABGU,10,Low,0.0995,62,One year,DSL,56.15
3541-ZNUHK,10,Low,0.0994,55,Month-to-month,Fiber optic,85.1
3192-LNKRK,10,Low,0.0994,34,Month-to-month,Fiber optic,84.05
1414-YADCW,10,Low,0.0994,70,Two year,Fiber optic,84.6
2907-ILJBN,10,Low,0.0994,11,One year,No,20.6
2676-SSLTO,10,Low,0.0993,49,Two year,DSL,66.15
5451-MHQOF,10,Low,0.099,56,One year,No,24.45
2969-VAPYH,10,Low,0.099,67,One year,DSL,60.5
7244-QWYHG,10,Low,0.0988,50,One year,DSL,44.45
6234-RAAPL,10,Low,0.0987,72,Two year,Fiber optic,99.9
6174-NRBTZ,10,Low,0.0984,46,One year,DSL,30.75
9445-ZUEQE,10,Low,0.0983,27,Month-to-month,Fiber optic,85.2
2589-AYCRP,10,Low,0.0983,50,One year,No,19.75
4445-KWOKW,10,Low,0.0981,42,One year,DSL,60.15
0956-SYCWG,10,Low,0.0981,13,One year,No,19.65
6668-CNMFP,10,Low,0.0981,19,One year,Fiber optic,89.35
9674-EHPPG,10,Low,0.0981,46,Two year,DSL,40.4
3976-HXHCE,10,Low,0.098,72,Two year,No,19.3
4697-LUPSU,10,Low,0.098,2,One year,No,20.2
5313-FPXWG,10,Low,0.098,51,One year,No,24.6
2057-BOYKM,10,Low,0.0979,72,Two year,Fiber optic,96.6
8619-IJNDK,10,Low,0.0978,71,Two year,DSL,64.05
0559-CKHUS,10,Low,0.0978,29,Two year,No,19.55
7356-IWLFW,10,Low,0.0977,46,Month-to-month,Fiber optic,80.0
7622-FWGEW,10,Low,0.0977,56,Two year,DSL,85.65
8029-XYPWT,10,Low,0.0977,71,Two year,Fiber optic,115.05
2499-AJYUA,10,Low,0.0975,72,Two year,Fiber optic,110.8
5575-GNVDE,10,Low,0.0974,34,One year,DSL,56.95
0019-EFAEP,10,Low,0.0971,72,Two year,Fiber optic,101.3
2233-TXSIU,10,Low,0.097,17,One year,DSL,44.45
5832-EXGTT,10,Low,0.097,29,Month-to-month,DSL,60.2
4203-QGNZA,10,Low,0.0969,28,Month-to-month,No,20.25
9498-FIMXL,10,Low,0.0969,8,One year,No,19.2
5827-MWCZK,10,Low,0.0968,56,Month-to-month,Fiber optic,96.95
6476-EPYZR,10,Low,0.0967,12,Month-to-month,No,20.5
0455-ENTCR,10,Low,0.0965,66,Two year,DSL,85.25
9477-LGWQI,10,Low,0.0964,70,Two year,DSL,80.15
5514-YQENT,10,Low,0.0964,41,Two year,Fiber optic,111.15
3508-CFVZL,10,Low,0.0962,71,Two year,Fiber optic,111.3
9068-VPWQQ,10,Low,0.096,61,Two year,DSL,75.35
2430-RRYUW,10,Low,0.096,66,One year,DSL,54.8
2612-PHGOX,10,Low,0.0958,64,Two year,DSL,76.1
7471-MQPOS,10,Low,0.0957,71,One year,DSL,72.9
9675-ICXCT,10,Low,0.0957,72,Two year,DSL,80.8
5846-NEQVZ,10,Low,0.0957,71,Two year,DSL,70.85
6937-GCDGQ,10,Low,0.0957,19,One year,DSL,48.95
0513-RBGPE,10,Low,0.0957,37,Two year,DSL,62.8
6505-OZNPG,10,Low,0.0955,6,Two year,DSL,63.4
2332-TODQS,10,Low,0.0953,48,One year,No,25.05
6114-TCFID,10,Low,0.0953,29,One year,DSL,39.5
1038-RQOST,10,Low,0.0952,19,Month-to-month,No,20.6
5324-KTGCG,10,Low,0.0952,71,One year,No,20.85
7570-WELNY,10,Low,0.0952,68,Two year,Fiber optic,84.7
6421-SZVEM,10,Low,0.0952,28,One year,Fiber optic,82.85
9621-OUPYD,10,Low,0.0951,25,One year,No,20.2
6518-KZXCB,9,Low,0.0949,22,Two year,No,25.25
0536-ESJEP,9,Low,0.0949,54,Two year,DSL,74.55
5792-JALQC,9,Low,0.0946,52,Two year,DSL,59.85
9184-GALIL,9,Low,0.0946,38,Month-to-month,No,20.45
3258-SYSWS,9,Low,0.0944,72,Two year,Fiber optic,113.8
9066-QRSDU,9,Low,0.0944,69,One year,No,26.3
9500-WBGRP,9,Low,0.0943,69,Two year,No,19.1
2581-VKIRT,9,Low,0.0941,59,One year,DSL,65.5
4032-RMHCI,9,Low,0.0941,41,One year,DSL,35.4
3795-GWTRD,9,Low,0.0941,63,Two year,DSL,75.55
6967-PEJLL,9,Low,0.0941,37,One year,DSL,40.2
4825-XJGDM,9,Low,0.094,61,One year,DSL,43.7
9046-JBFWA,9,Low,0.094,27,Month-to-month,No,19.15
9575-IWCAZ,9,Low,0.0939,6,One year,No,25.1
7722-CVFXN,9,Low,0.0939,54,One year,Fiber optic,105.2
2380-DAMQP,9,Low,0.0937,72,Two year,Fiber optic,115.15
9705-IOVQQ,9,Low,0.0937,61,One year,Fiber optic,99.0
9968-FFVVH,9,Low,0.0936,63,One year,DSL,68.8
9670-BPNXF,9,Low,0.0935,45,One year,DSL,62.55
9298-WGMRW,9,Low,0.0935,72,Two year,Fiber optic,115.5
3719-TDVQB,9,Low,0.0935,54,Two year,No,18.95
8823-RLPWL,9,Low,0.0934,72,Two year,Fiber optic,110.65
1929-ZCBHE,9,Low,0.0934,47,One year,DSL,40.3
7550-WIQVA,9,Low,0.0933,50,One year,Fiber optic,108.25
0336-PIKEI,9,Low,0.0931,72,Two year,DSL,74.4
7633-MVPUY,9,Low,0.0931,57,Two year,DSL,59.75
6870-ECSHE,9,Low,0.0931,2,One year,No,20.45
5702-KVQRD,9,Low,0.093,71,Two year,DSL,82.55
3521-HTQTV,9,Low,0.0929,34,Two year,No,26.1
7639-LIAYI,9,Low,0.0928,52,Two year,DSL,79.75
7601-DHFWZ,9,Low,0.0927,48,Two year,No,24.0
0788-DXBFY,9,Low,0.0926,58,One year,No,19.55
9931-DCEZH,9,Low,0.0921,28,One year,DSL,54.4
7322-OCWHC,9,Low,0.092,72,Two year,Fiber optic,93.05
5038-ETMLM,9,Low,0.0918,72,Two year,Fiber optic,113.65
8752-IMQOS,9,Low,0.0918,5,One year,No,20.1
4648-YPBTM,9,Low,0.0917,53,Two year,DSL,73.9
1904-WAJAA,9,Low,0.0917,24,Two year,DSL,64.35
6701-DHKWQ,9,Low,0.0917,61,Two year,DSL,51.35
2282-YGNOR,9,Low,0.0917,29,One year,DSL,58.0
4737-AQCPU,9,Low,0.0915,72,Two year,DSL,72.1
9473-CBZOP,9,Low,0.0913,28,One year,DSL,59.0
2091-GPPIQ,9,Low,0.0911,72,Two year,DSL,78.95
5062-CJJKH,9,Low,0.0911,25,One year,DSL,53.65
7089-RKVSZ,9,Low,0.0908,8,One year,No,24.4
7427-AUFPY,9,Low,0.0907,54,Two year,No,19.65
3957-HHLMR,9,Low,0.0906,70,One year,DSL,65.2
0052-YNYOT,9,Low,0.0905,67,One year,No,20.55
0907-HQNTS,9,Low,0.0902,70,Two year,Fiber optic,113.0
5446-DKWYW,9,Low,0.09,61,One year,DSL,65.2
6754-WKSHP,9,Low,0.09,30,One year,No,25.35
6924-TDGMT,9,Low,0.0899,11,One year,No,20.55
5227-JSCFE,9,Low,0.0899,71,Two year,DSL,46.35
4980-URKXC,9,Low,0.0898,36,One year,No,20.85
1241-FPMOF,9,Low,0.0897,52,Two year,No,19.65
6925-BAYGL,9,Low,0.0895,53,Two year,No,25.1
3552-CTCYF,9,Low,0.0894,63,Two year,Fiber optic,104.8
7564-GHCVB,9,Low,0.0894,72,Two year,Fiber optic,79.05
3887-PBQAO,9,Low,0.0893,45,One year,No,25.9
4318-RAJVY,9,Low,0.089,10,One year,No,19.8
9919-FZDED,9,Low,0.0889,72,Two year,DSL,84.1
8433-WPJTV,9,Low,0.0889,65,One year,Fiber optic,103.9
9495-REDIY,9,Low,0.0888,25,One year,DSL,40.65
0379-DJQHR,9,Low,0.0887,67,Two year,DSL,81.35
8208-EUMTE,9,Low,0.0886,16,Two year,DSL,54.85
1297-VQDRP,9,Low,0.0885,68,One year,Fiber optic,107.15
6248-TKCQV,9,Low,0.0884,70,Two year,DSL,80.6
4163-NCJAK,9,Low,0.0884,46,One year,No,24.45
4717-GHADL,9,Low,0.0883,50,Two year,DSL,79.6
3239-TPHPZ,9,Low,0.0883,12,Two year,No,20.05
3401-URHDA,9,Low,0.0882,51,One year,DSL,59.9
3489-VSFRD,9,Low,0.0879,56,One year,DSL,60.25
0516-OOHAR,9,Low,0.0879,28,One year,Fiber optic,100.35
6870-ZWMNX,9,Low,0.0877,70,Two year,DSL,76.1
7677-SJJJK,9,Low,0.0877,8,One year,No,19.9
7032-LMBHI,9,Low,0.0877,37,One year,DSL,64.65
6217-KDYWC,9,Low,0.0875,57,Two year,No,19.6
5837-LXSDN,9,Low,0.0875,21,One year,DSL,58.85
9229-RQABD,9,Low,0.0874,18,One year,No,23.75
1813-JYWTO,9,Low,0.0874,72,Two year,Fiber optic,80.45
3841-NFECX,9,Low,0.0871,71,Two year,Fiber optic,96.35
9987-LUTYD,9,Low,0.0871,13,One year,DSL,55.15
3963-RYFNS,9,Low,0.087,72,Two year,Fiber optic,116.45
9391-LMANN,9,Low,0.087,53,One year,Fiber optic,95.95
6288-CHQJB,9,Low,0.0868,54,Two year,DSL,69.95
8075-GXIUB,9,Low,0.0866,9,One year,No,19.85
3108-PCCGG,9,Low,0.0866,72,Two year,DSL,84.45
9419-IPPBE,9,Low,0.0865,51,One year,Fiber optic,90.15
1970-KKFWL,9,Low,0.0864,35,Two year,No,23.3
6437-UDQJM,9,Low,0.0864,72,Two year,DSL,84.1
5566-SOEZD,9,Low,0.0864,27,One year,Fiber optic,80.65
1729-VLAZJ,9,Low,0.0863,10,One year,DSL,40.25
4194-WHFCB,9,Low,0.0863,59,Month-to-month,Fiber optic,96.65
1231-YNDEK,9,Low,0.0862,58,Two year,No,19.15
0526-SXDJP,9,Low,0.0862,72,Two year,DSL,42.1
8144-DGHXP,9,Low,0.0861,54,Two year,DSL,80.6
1139-WUOAH,9,Low,0.0861,57,Two year,DSL,53.35
8454-AATJP,9,Low,0.0861,72,Two year,Fiber optic,115.05
6810-VCAEX,9,Low,0.086,47,One year,DSL,39.65
3429-IFLEM,9,Low,0.0859,71,Two year,DSL,77.35
0334-ZFJSR,9,Low,0.0856,55,One year,DSL,66.05
9067-YGSCA,9,Low,0.0855,70,One year,No,26.05
8849-PRIQJ,9,Low,0.0854,67,One year,Fiber optic,109.4
5808-TOTXO,9,Low,0.0854,3,One year,No,20.55
9885-MFVSU,9,Low,0.0854,35,Two year,DSL,46.35
7353-YOWFP,9,Low,0.0852,7,One year,No,20.25
7940-UQQUG,9,Low,0.0851,64,One year,Fiber optic,104.4
2040-LDIWQ,8,Low,0.0849,65,Two year,DSL,84.2
9680-NIAUV,8,Low,0.0849,72,Two year,Fiber optic,109.7
7233-PAHHL,8,Low,0.0846,66,Two year,DSL,84.0
2451-YMUXS,8,Low,0.0845,67,Two year,DSL,64.55
3556-BVQGL,8,Low,0.0844,20,One year,No,20.0
2239-CGBUZ,8,Low,0.0844,51,One year,DSL,60.5
9091-WTUUY,8,Low,0.0844,64,Two year,DSL,69.25
5060-TQUQN,8,Low,0.0844,30,Month-to-month,Fiber optic,83.55
9154-QDGTH,8,Low,0.0844,43,One year,Fiber optic,104.3
8106-GWQOK,8,Low,0.0843,38,Two year,DSL,60.0
1485-YDHMM,8,Low,0.0843,52,Month-to-month,Fiber optic,93.25
4121-AGSIN,8,Low,0.0842,58,One year,No,24.5
2188-SXWVT,8,Low,0.0841,34,One year,DSL,55.0
0780-XNZFN,8,Low,0.0838,57,Two year,No,20.65
3750-YHRYO,8,Low,0.0837,7,One year,No,20.65
5995-LFTLE,8,Low,0.0836,58,Two year,No,25.3
6166-YIPFO,8,Low,0.0835,72,Two year,DSL,64.7
7688-AWMDX,8,Low,0.0833,71,Two year,DSL,54.5
2541-YGPKE,8,Low,0.0831,42,One year,DSL,63.7
8466-PZBLH,8,Low,0.083,67,Two year,Fiber optic,104.6
1309-XGFSN,8,Low,0.083,52,One year,DSL,80.85
9150-KPBJQ,8,Low,0.0829,6,Two year,No,19.65
0916-KNFAJ,8,Low,0.0828,61,Two year,DSL,69.9
1043-UXOVO,8,Low,0.0828,71,Two year,Fiber optic,113.15
6691-CCIHA,8,Low,0.0828,62,Two year,DSL,84.95
4188-PCPIG,8,Low,0.0827,57,Two year,DSL,70.35
6080-LNESI,8,Low,0.0826,51,Two year,No,24.75
9489-DEDVP,8,Low,0.0825,70,Two year,DSL,69.2
6481-LXPWL,8,Low,0.0825,56,One year,DSL,36.1
4178-EGMON,8,Low,0.0824,70,Two year,Fiber optic,88.0
4018-PPNDW,8,Low,0.0823,61,Two year,No,24.1
6161-ERDGD,8,Low,0.0822,71,One year,DSL,85.45
3935-TBRZZ,8,Low,0.0821,44,One year,No,25.7
9140-CZQZZ,8,Low,0.0821,68,Two year,DSL,79.6
4521-WFJAI,8,Low,0.082,56,Two year,No,25.95
4737-HOBAX,8,Low,0.0819,63,Two year,DSL,79.8
6765-MBQNU,8,Low,0.0817,26,One year,No,26.0
6574-MCOEH,8,Low,0.0817,33,One year,DSL,79.15
3785-KTYSH,8,Low,0.0817,53,Two year,No,24.6
1179-INLAT,8,Low,0.0816,3,One year,No,19.45
6292-TOSSS,8,Low,0.0811,50,Two year,No,24.9
8216-AZUUZ,8,Low,0.081,42,Two year,Fiber optic,100.4
5781-RFZRP,8,Low,0.0809,71,Two year,DSL,73.5
0459-SPZHJ,8,Low,0.0809,63,Two year,DSL,83.5
9447-YPTBX,8,Low,0.0808,50,One year,No,19.85
4129-LYCOI,8,Low,0.0808,67,Two year,Fiber optic,104.0
4312-GVYNH,8,Low,0.0808,70,Two year,DSL,49.85
5684-FJVYR,8,Low,0.0807,72,Two year,Fiber optic,90.35
4803-LBYPN,8,Low,0.0807,34,Month-to-month,No,20.8
2877-VDUER,8,Low,0.0807,35,One year,DSL,40.9
6202-JVYEU,8,Low,0.0805,9,One year,No,19.9
5198-HQAEN,8,Low,0.0805,35,One year,Fiber optic,89.7
4700-UBQMV,8,Low,0.0805,21,One year,DSL,75.9
8292-FRFZQ,8,Low,0.0804,39,One year,DSL,41.15
9891-NQDBD,8,Low,0.0804,28,One year,No,25.55
3638-WEABW,8,Low,0.0803,58,Two year,DSL,59.9
8590-YFFQO,8,Low,0.0802,70,Two year,DSL,64.95
6047-SUHPR,8,Low,0.0802,39,One year,DSL,59.8
4990-ALDGW,8,Low,0.08,57,Two year,No,20.75
5656-MJEFC,8,Low,0.0799,42,Two year,DSL,48.15
5170-PTRKA,8,Low,0.0798,49,One year,DSL,35.8
2812-REYAT,8,Low,0.0794,49,One year,No,20.05
2234-EOFPT,8,Low,0.0794,72,Two year,DSL,79.35
0023-UYUPN,8,Low,0.0794,50,One year,No,25.2
8234-GSZYK,8,Low,0.0793,43,Two year,No,26.45
9788-HNGUT,8,Low,0.0793,72,Two year,Fiber optic,116.95
2753-JMMCV,8,Low,0.0792,65,Two year,DSL,74.2
9402-ROUMJ,8,Low,0.0791,67,One year,Fiber optic,100.25
3800-LYTRK,8,Low,0.079,14,One year,DSL,55.7
9715-WZCLW,8,Low,0.0789,71,Two year,Fiber optic,97.2
2530-FMFXO,8,Low,0.0789,56,Two year,Fiber optic,103.2
1699-UOTXU,8,Low,0.0786,60,Two year,DSL,61.4
8263-QMNTJ,8,Low,0.0785,72,Two year,Fiber optic,115.55
6617-WLBQC,8,Low,0.0784,23,One year,Fiber optic,81.85
5915-ANOEI,8,Low,0.0783,70,Two year,DSL,79.15
2235-EZAIK,8,Low,0.0783,72,Two year,DSL,79.2
9138-EFSMO,8,Low,0.0781,26,One year,Fiber optic,78.95
7446-SFAOA,8,Low,0.0781,37,One year,No,19.85
6176-YJWAS,8,Low,0.0781,72,Two year,Fiber optic,97.95
3547-LQRIK,8,Low,0.078,47,One year,No,26.9
8513-OLYGY,8,Low,0.078,72,Two year,Fiber optic,115.8
9236-NDUCW,8,Low,0.078,21,Two year,DSL,35.1
0771-CHWSK,8,Low,0.078,66,Two year,DSL,74.6
7073-QETQY,8,Low,0.0779,66,One year,No,20.35
0657-DOGUM,8,Low,0.0779,48,One year,DSL,60.6
3567-PQTSO,8,Low,0.0778,53,One year,Fiber optic,105.25
3648-GZPHF,8,Low,0.0775,32,One year,DSL,36.25
1389-WNUIB,8,Low,0.0775,20,One year,DSL,76.0
9507-HSMMZ,8,Low,0.0775,54,Two year,No,20.0
4849-PYRLQ,8,Low,0.0774,56,Two year,DSL,73.25
7029-IJEJK,8,Low,0.0774,54,One year,DSL,44.1
8947-YRTDV,8,Low,0.0774,32,One year,Fiber optic,94.8
7359-WWYJV,8,Low,0.0773,72,Two year,Fiber optic,114.45
5676-CFLYY,8,Low,0.0773,71,Two year,DSL,73.35
6904-JLBGY,8,Low,0.0773,72,Two year,Fiber optic,117.35
8332-OSJDW,8,Low,0.0773,12,One year,No,26.4
0048-LUMLS,8,Low,0.0772,37,One year,Fiber optic,91.2
7338-ERIVA,8,Low,0.0768,39,One year,DSL,45.05
1470-PSXNM,8,Low,0.0767,49,One year,Fiber optic,93.65
7446-KQISO,8,Low,0.0767,45,Two year,Fiber optic,109.75
8763-KIAFH,8,Low,0.0767,27,One year,No,20.55
9442-JTWDL,8,Low,0.0766,11,One year,No,20.05
9993-LHIEB,8,Low,0.0766,67,Two year,DSL,67.85
9073-ZZIAY,8,Low,0.0764,62,Two year,DSL,86.1
9844-FELAJ,8,Low,0.0762,70,One year,Fiber optic,107.9
9548-LIGTA,8,Low,0.0759,61,Two year,DSL,81.05
0420-TXVSG,8,Low,0.0758,66,Two year,DSL,66.1
4815-TUMEQ,8,Low,0.0758,10,One year,No,19.3
8812-ZRHFP,8,Low,0.0757,30,One year,Fiber optic,86.45
4664-NJCMS,8,Low,0.0755,33,Two year,DSL,59.55
2150-OEGBV,8,Low,0.0751,27,One year,No,20.1
7138-GIRSH,8,Low,0.075,50,Two year,DSL,69.5
7129-AZJDE,8,Low,0.075,34,One year,Fiber optic,78.95
0784-GTUUK,7,Low,0.0749,62,One year,No,23.75
6933-VLYFX,7,Low,0.0749,31,One year,DSL,59.95
8232-CTLKO,7,Low,0.0748,66,Two year,DSL,59.75
3410-YOQBQ,7,Low,0.0747,31,Two year,DSL,79.2
3474-BAFSJ,7,Low,0.0744,57,Two year,DSL,57.5
4872-VXRIL,7,Low,0.0743,56,One year,DSL,64.65
4419-UJMUS,7,Low,0.0743,69,Two year,Fiber optic,99.35
7670-ZBPOQ,7,Low,0.0743,58,One year,DSL,61.05
9084-OAYKL,7,Low,0.0742,58,Two year,No,20.8
1265-BCFEO,7,Low,0.0741,71,Two year,DSL,80.45
5127-BZENZ,7,Low,0.074,56,One year,DSL,65.2
9764-REAFF,7,Low,0.0738,59,Two year,No,18.4
0829-DDVLK,7,Low,0.0738,15,One year,No,20.1
6993-YCOBK,7,Low,0.0736,60,Two year,Fiber optic,110.6
8592-PLTMQ,7,Low,0.0736,64,One year,No,24.7
4671-VJLCL,7,Low,0.0736,63,Two year,DSL,79.85
3669-WHAFY,7,Low,0.0735,71,Two year,Fiber optic,115.15
4644-PIZRT,7,Low,0.0735,17,One year,DSL,70.35
1480-BKXGA,7,Low,0.0735,72,Two year,Fiber optic,116.05
7860-KSUGX,7,Low,0.0734,72,Two year,DSL,64.45
3253-HKOKL,7,Low,0.0733,52,One year,Fiber optic,100.3
0679-TDGAK,7,Low,0.0733,50,One year,DSL,75.5
3082-WQRVY,7,Low,0.0732,14,One year,No,19.65
8417-GSODA,7,Low,0.0731,28,One year,Fiber optic,92.2
7021-XSNYE,7,Low,0.073,7,Two year,DSL,49.65
4163-HFTUK,7,Low,0.073,51,One year,No,19.1
9677-AVKED,7,Low,0.073,53,One year,DSL,84.6
9174-IHETN,7,Low,0.0729,50,Two year,Fiber optic,70.35
4359-INNWN,7,Low,0.0729,17,One year,No,20.05
4702-HDRKD,7,Low,0.0728,67,One year,DSL,49.35
1545-ACTAS,7,Low,0.0726,48,One year,Fiber optic,99.7
5736-YEJAX,7,Low,0.0726,69,Two year,DSL,79.45
7452-FOLON,7,Low,0.0726,39,One year,No,25.45
6981-TDRFT,7,Low,0.0724,44,One year,DSL,54.3
8461-EFQYM,7,Low,0.0722,38,One year,No,24.25
1022-RKXDR,7,Low,0.0721,41,One year,No,24.85
6695-FRVEC,7,Low,0.0721,67,Two year,DSL,60.4
1135-HIORI,7,Low,0.072,64,One year,Fiber optic,111.45
3131-NWVFJ,7,Low,0.072,14,One year,No,19.55
7758-UJWYS,7,Low,0.072,34,Two year,DSL,40.55
8573-JGCZW,7,Low,0.0719,17,One year,No,19.65
2673-ZALNP,7,Low,0.0717,7,One year,No,19.9
1301-LOPVR,7,Low,0.0714,29,One year,DSL,55.35
1074-WVEVG,7,Low,0.0714,59,One year,No,20.35
1568-BEKZM,7,Low,0.0713,70,Two year,DSL,90.05
2904-GGUAZ,7,Low,0.0712,72,Two year,Fiber optic,84.05
5125-CNDSP,7,Low,0.0711,63,One year,DSL,40.6
6994-FGRHH,7,Low,0.071,70,One year,Fiber optic,106.15
2292-XQWSV,7,Low,0.071,40,One year,DSL,60.3
5174-ITUMV,7,Low,0.071,67,One year,Fiber optic,105.4
7197-VOJMM,7,Low,0.0709,67,Two year,DSL,69.2
5975-BAICR,7,Low,0.0707,36,One year,DSL,63.7
6177-PEVRA,7,Low,0.0704,48,Two year,DSL,55.5
4295-YURET,7,Low,0.0704,56,Two year,DSL,72.6
6556-DBKZF,7,Low,0.0704,71,Two year,Fiber optic,76.05
0017-DINOC,7,Low,0.0703,54,Two year,DSL,45.2
7325-ENZFI,7,Low,0.0702,39,One year,DSL,40.3
8328-SKJNO,7,Low,0.0702,23,One year,DSL,40.65
8242-PDSGJ,7,Low,0.0701,70,Two year,DSL,39.15
4376-KFVRS,7,Low,0.0701,72,Two year,Fiber optic,114.05
0191-EQUUH,7,Low,0.0701,25,Two year,DSL,35.05
1821-BUCWY,7,Low,0.07,30,Two year,DSL,55.65
9755-JHNMN,7,Low,0.07,49,Two year,DSL,67.4
0980-FEXWF,7,Low,0.07,26,One year,DSL,50.35
9830-ECLEN,7,Low,0.0699,58,One year,DSL,50.0
9451-WLYRI,7,Low,0.0698,53,One year,No,19.05
1178-PZGAB,7,Low,0.0697,19,One year,No,20.25
8565-WUXZU,7,Low,0.0697,72,Two year,Fiber optic,84.8
9695-IDRZR,7,Low,0.0697,34,Two year,Fiber optic,116.15
0121-SNYRK,7,Low,0.0696,50,One year,DSL,35.4
0942-KOWSM,7,Low,0.0695,30,Two year,DSL,80.8
4184-VODJZ,7,Low,0.0695,63,One year,Fiber optic,91.35
6152-ONASV,7,Low,0.0693,68,One year,DSL,58.25
0973-KYVNF,7,Low,0.0692,72,Two year,DSL,70.65
3422-WJOYD,7,Low,0.069,28,One year,DSL,54.35
8434-PNQZX,7,Low,0.0689,42,Two year,DSL,78.45
8884-FEEWR,7,Low,0.0689,35,One year,No,20.6
0743-HRVFF,7,Low,0.0689,51,One year,DSL,56.15
6122-EFVKN,7,Low,0.0687,24,Two year,DSL,35.75
4992-LTJNE,7,Low,0.0686,72,Two year,DSL,55.3
6953-PBDIN,7,Low,0.0686,70,Two year,DSL,72.95
2519-TWKFS,7,Low,0.0686,25,One year,DSL,55.1
5014-WUQMG,7,Low,0.0686,47,One year,Fiber optic,96.1
5472-CVMDX,7,Low,0.0685,68,Two year,DSL,38.9
2898-MRKPI,7,Low,0.0684,68,One year,Fiber optic,101.05
3500-NSDOA,7,Low,0.0683,68,Two year,DSL,70.8
7501-IWUNG,7,Low,0.0683,61,Two year,DSL,73.8
8909-BOLNL,7,Low,0.0682,3,One year,No,21.2
4116-IQRFR,7,Low,0.0682,4,One year,No,24.1
5498-IBWPI,7,Low,0.0681,66,One year,DSL,49.4
4538-WNTMJ,7,Low,0.0681,46,One year,No,24.95
5199-FPUSP,7,Low,0.068,33,One year,DSL,34.05
1760-CAZHT,7,Low,0.068,25,Month-to-month,No,20.8
7131-ZQZNK,7,Low,0.068,60,Two year,DSL,59.85
0621-CXBKL,7,Low,0.068,53,Two year,No,18.7
0848-SOMKO,7,Low,0.0679,70,Two year,DSL,48.4
0960-HUWBM,7,Low,0.0679,65,Two year,Fiber optic,104.1
3850-OKINF,7,Low,0.0678,71,One year,DSL,66.2
9766-HGEDE,7,Low,0.0678,17,One year,No,19.35
3363-DTIVD,7,Low,0.0676,71,Two year,Fiber optic,105.55
7167-PCEYD,7,Low,0.0676,67,Two year,No,19.8
3067-SVMTC,7,Low,0.0676,68,One year,DSL,55.9
2272-JKMSI,7,Low,0.0676,62,One year,Fiber optic,110.8
1094-BKOSX,7,Low,0.0674,45,One year,DSL,51.0
6061-GWWAV,7,Low,0.0674,41,One year,DSL,70.2
9361-YNQWJ,7,Low,0.0674,64,One year,No,24.4
7103-ZGVNT,7,Low,0.0674,69,One year,DSL,73.7
7636-PEPNS,7,Low,0.0673,58,One year,DSL,44.1
7544-ZVIKX,7,Low,0.0672,58,One year,Fiber optic,105.05
2137-DQMEV,7,Low,0.0672,68,One year,DSL,44.8
9286-BHDQG,7,Low,0.0672,72,Two year,DSL,45.25
3865-YIOTT,7,Low,0.0672,72,One year,Fiber optic,106.1
6461-PPAXN,7,Low,0.0672,35,One year,DSL,54.95
4837-PZTIC,7,Low,0.0672,47,Two year,DSL,41.9
6917-FIJHC,7,Low,0.0672,72,Two year,No,26.0
2252-NKNSI,7,Low,0.067,52,Two year,DSL,85.15
9795-SHUHB,7,Low,0.067,66,Two year,DSL,58.2
4676-WLUHT,7,Low,0.0667,54,Two year,DSL,46.2
0731-EBJQB,7,Low,0.0666,52,One year,No,20.4
8099-MZPUJ,7,Low,0.0665,48,Two year,Fiber optic,111.8
4299-OPXEJ,7,Low,0.0665,56,Two year,No,19.55
4568-KNYWR,7,Low,0.0664,52,Two year,DSL,63.25
8760-ZRHKE,7,Low,0.0664,71,One year,DSL,69.2
3638-VBZTA,7,Low,0.0664,68,Two year,DSL,86.5
7054-DMVAS,7,Low,0.0663,54,Two year,DSL,65.3
6522-OIQSX,7,Low,0.0662,69,Two year,DSL,54.95
2933-XEUJM,7,Low,0.066,46,Two year,DSL,79.2
1741-WTPON,7,Low,0.0658,56,Two year,Fiber optic,115.85
8098-TDCBU,7,Low,0.0657,42,Two year,No,25.25
9715-SBVSU,7,Low,0.0657,14,Two year,DSL,61.4
5593-SUAOO,7,Low,0.0656,24,One year,Fiber optic,83.15
1492-KGETH,7,Low,0.0655,70,One year,DSL,78.35
1163-VIPRI,7,Low,0.0654,65,Two year,Fiber optic,109.3
4135-FRWKJ,7,Low,0.0654,55,One year,DSL,76.25
8608-OZTLB,7,Low,0.0654,38,One year,DSL,74.05
3902-MIVLE,7,Low,0.0654,63,Two year,DSL,75.7
2664-XJZNO,7,Low,0.0653,72,Two year,Fiber optic,104.9
3324-OIRTO,7,Low,0.0653,71,One year,Fiber optic,104.65
5578-NKCXI,7,Low,0.0653,58,One year,Fiber optic,99.25
6650-BWFRT,7,Low,0.0652,72,Two year,Fiber optic,117.15
4827-LTQRJ,7,Low,0.0651,66,One year,Fiber optic,110.6
1779-PWPMG,7,Low,0.0651,72,Two year,Fiber optic,114.65
2000-DHJUY,6,Low,0.065,70,Two year,DSL,92.2
4565-EVZMJ,6,Low,0.0647,47,One year,DSL,58.9
9194-GFVOI,6,Low,0.0647,42,Two year,DSL,84.35
4584-LBNMK,6,Low,0.0646,45,One year,No,24.7
0661-KQHNK,6,Low,0.0646,6,One year,No,19.0
3308-JSGML,6,Low,0.0645,59,Two year,DSL,64.05
6407-GSJNL,6,Low,0.0645,51,Two year,No,24.95
9631-RXVJM,6,Low,0.0644,35,Two year,No,19.25
6840-RESVB,6,Low,0.0643,24,One year,DSL,84.8
3410-MHHUM,6,Low,0.0642,44,One year,Fiber optic,94.4
0580-PIQHM,6,Low,0.0642,41,One year,Fiber optic,101.6
5129-HHMZC,6,Low,0.0641,43,Two year,DSL,86.45
4868-AADLV,6,Low,0.064,66,One year,Fiber optic,116.25
6919-ELBGL,6,Low,0.064,72,Two year,Fiber optic,114.95
8990-YOZLV,6,Low,0.064,69,Two year,DSL,66.9
9522-ZSINC,6,Low,0.0639,13,One year,No,19.95
7596-ZYWBB,6,Low,0.0638,65,Two year,DSL,59.6
4526-RMTLL,6,Low,0.0638,8,Two year,DSL,76.15
2790-XUYMV,6,Low,0.0637,71,One year,Fiber optic,85.45
6103-LIANB,6,Low,0.0636,59,Two year,Fiber optic,99.5
5269-NRGDP,6,Low,0.0636,42,One year,DSL,73.15
2123-VSCOT,6,Low,0.0635,59,Two year,DSL,72.1
7508-KBIMB,6,Low,0.0633,24,One year,DSL,56.25
1536-YHDOE,6,Low,0.0633,17,One year,DSL,62.1
4859-ZSRDZ,6,Low,0.0632,58,Two year,DSL,55.5
2495-TTHBQ,6,Low,0.0632,4,One year,No,20.4
6625-IUTTT,6,Low,0.0632,67,Two year,DSL,65.55
5356-KZCKT,6,Low,0.0632,58,Two year,No,24.45
5176-OLSKT,6,Low,0.0631,66,Two year,DSL,66.9
4933-IKULF,6,Low,0.0631,17,One year,No,20.65
8221-HVAYI,6,Low,0.0631,35,Two year,DSL,69.15
8336-TAVKX,6,Low,0.063,72,Two year,DSL,78.45
2228-BZDEE,6,Low,0.0628,54,Two year,No,20.1
5232-NXPAY,6,Low,0.0628,47,Two year,DSL,74.45
8039-ACLPL,6,Low,0.0627,72,Two year,DSL,68.75
2388-LAESQ,6,Low,0.0627,72,Two year,Fiber optic,114.85
3566-CAAYU,6,Low,0.0626,64,Two year,DSL,49.85
4709-LKHYG,6,Low,0.0625,29,One year,No,20.0
0661-KBKPA,6,Low,0.0624,53,One year,DSL,78.75
0604-THJFP,6,Low,0.0622,59,Two year,DSL,75.95
9938-TKDGL,6,Low,0.0622,68,Two year,Fiber optic,99.55
0440-EKDCF,6,Low,0.0621,62,Two year,DSL,60.15
8165-CBKXO,6,Low,0.0619,66,Two year,DSL,56.75
3275-RHRNE,6,Low,0.0618,28,One year,DSL,60.0
3079-BCHLN,6,Low,0.0618,47,One year,No,19.9
6616-AALSR,6,Low,0.0618,65,Two year,Fiber optic,104.3
9867-XOBQA,6,Low,0.0617,21,Two year,DSL,53.15
2845-KDHVX,6,Low,0.0616,64,Two year,DSL,68.3
8591-TKMZH,6,Low,0.0615,59,Two year,Fiber optic,111.1
4531-AUZNK,6,Low,0.0615,51,One year,Fiber optic,95.15
1430-SFQSA,6,Low,0.0615,29,One year,DSL,35.6
3308-DGHKL,6,Low,0.0613,69,Two year,No,19.3
7552-KEYGT,6,Low,0.0612,27,Two year,No,19.55
2690-DVRVK,6,Low,0.0611,5,One year,No,20.55
5055-BRMNE,6,Low,0.0611,67,Two year,Fiber optic,106.7
6374-NTQLP,6,Low,0.061,72,Two year,Fiber optic,104.1
5656-JAMLX,6,Low,0.061,62,Two year,No,19.85
5075-JSDKI,6,Low,0.0609,59,Two year,No,24.45
4381-MHQDC,6,Low,0.0608,47,Two year,DSL,65.0
0442-TDYUO,6,Low,0.0607,48,Two year,No,20.05
9565-FLVCG,6,Low,0.0606,65,Two year,DSL,69.55
4636-OLWOE,6,Low,0.0605,54,One year,DSL,61.0
1047-RNXZV,6,Low,0.0604,43,Two year,No,19.55
9746-MDMBK,6,Low,0.0604,47,One year,Fiber optic,113.45
1032-MAELW,6,Low,0.0603,68,One year,DSL,78.45
2863-IMQDR,6,Low,0.0603,61,Two year,DSL,89.65
0422-OHQHQ,6,Low,0.0602,15,One year,No,20.55
9385-NXKDA,6,Low,0.0601,72,Two year,DSL,82.65
0343-QLUZP,6,Low,0.0601,60,Two year,DSL,39.6
3766-EJLFL,6,Low,0.0601,68,Two year,Fiber optic,109.05
9030-QGZNL,6,Low,0.0599,8,Two year,No,20.85
3796-ENZGF,6,Low,0.0598,63,Two year,DSL,67.25
4311-QTTAI,6,Low,0.0597,16,One year,No,19.35
9637-CDTKZ,6,Low,0.0596,72,Two year,Fiber optic,114.1
0401-WDBXM,6,Low,0.0596,72,Two year,Fiber optic,105.55
0487-CRLZF,6,Low,0.0595,49,Two year,DSL,74.45
5505-OVWQW,6,Low,0.0594,17,One year,No,20.15
2335-GSODA,6,Low,0.0594,23,Two year,DSL,40.1
9978-HYCIN,6,Low,0.0591,47,One year,Fiber optic,84.95
8961-QDZZJ,6,Low,0.0591,57,One year,Fiber optic,95.0
2931-XIQBR,6,Low,0.059,50,One year,Fiber optic,103.05
5336-UFNZP,6,Low,0.0589,65,One year,Fiber optic,107.45
7349-ALMUX,6,Low,0.0588,37,Two year,DSL,65.6
5306-BVTKJ,6,Low,0.0587,48,One year,DSL,55.8
3266-FTKHB,6,Low,0.0586,17,Two year,No,19.15
6087-YPWHO,6,Low,0.0586,72,Two year,DSL,68.15
1221-GHZEP,6,Low,0.0586,62,Two year,DSL,65.1
1686-STUHN,6,Low,0.0583,42,One year,No,19.8
1442-OKRJE,6,Low,0.0583,66,One year,Fiber optic,103.15
8570-KLJYJ,6,Low,0.0582,36,One year,DSL,54.45
3533-UVMOM,6,Low,0.0582,68,Two year,DSL,70.95
5183-KLYEM,6,Low,0.0581,72,Two year,Fiber optic,112.75
1131-SUEKT,6,Low,0.058,61,One year,Fiber optic,98.45
8606-OEGQZ,6,Low,0.0578,18,Two year,No,25.3
2296-DKZFP,6,Low,0.0578,65,Two year,DSL,71.0
8361-LBRDI,6,Low,0.0577,58,Two year,No,24.35
9661-JALZV,6,Low,0.0577,58,Two year,No,24.7
3284-SVCRO,6,Low,0.0576,45,Two year,No,25.5
0530-IJVDB,6,Low,0.0575,70,Two year,Fiber optic,114.6
9668-PUGNU,6,Low,0.0575,71,Two year,No,24.5
5130-YPIRV,6,Low,0.0575,62,Two year,DSL,72.0
5150-LJNSR,6,Low,0.0575,31,One year,Fiber optic,98.05
4816-OKWNX,6,Low,0.0574,50,One year,Fiber optic,103.4
8659-IOOPU,6,Low,0.0574,71,Two year,Fiber optic,100.45
5825-XJOCM,6,Low,0.0574,48,One year,DSL,64.4
8316-BBQAY,6,Low,0.0574,65,Two year,DSL,59.95
0056-EPFBG,6,Low,0.0574,20,Two year,DSL,39.4
5153-LXKDT,6,Low,0.0573,68,Two year,Fiber optic,110.2
2805-AUFQN,6,Low,0.0572,25,Two year,No,19.8
3096-WPXBT,6,Low,0.0572,61,One year,Fiber optic,100.7
2632-IVXVF,6,Low,0.057,68,Two year,Fiber optic,111.75
9746-YKGXB,6,Low,0.057,52,One year,DSL,44.25
6837-BJYDQ,6,Low,0.057,3,One year,No,19.6
3572-UUHRS,6,Low,0.0569,45,One year,No,18.85
4227-OJHAL,6,Low,0.0568,68,One year,DSL,73.0
2176-LVPNX,6,Low,0.0567,71,Two year,DSL,89.85
2696-ECXKC,6,Low,0.0567,55,One year,Fiber optic,100.9
6598-KELSS,6,Low,0.0567,50,One year,DSL,43.05
0967-BMLBD,6,Low,0.0566,11,One year,No,20.0
0218-QNVAS,6,Low,0.0565,71,One year,Fiber optic,100.55
6332-FBZRI,6,Low,0.0565,67,One year,DSL,69.35
7196-LIWRH,6,Low,0.0565,6,Two year,No,19.55
7781-EWARA,6,Low,0.0564,70,One year,DSL,60.35
3452-FLHYD,6,Low,0.0564,25,One year,No,20.95
0234-TEVTT,6,Low,0.0562,48,One year,DSL,45.0
6609-MXJHJ,6,Low,0.0562,30,Two year,No,25.1
9470-RTWDV,6,Low,0.0562,26,One year,DSL,82.0
4102-HLENU,6,Low,0.0562,67,Two year,DSL,65.65
0078-XZMHT,6,Low,0.0561,72,Two year,DSL,85.15
8028-PNXHQ,6,Low,0.0561,62,Two year,No,24.25
0266-CLZKZ,6,Low,0.056,67,Two year,Fiber optic,105.65
6064-ZATLR,6,Low,0.056,27,Two year,DSL,52.85
7182-OVLBJ,6,Low,0.0558,62,Two year,Fiber optic,101.15
5204-HMGYF,6,Low,0.0557,49,One year,DSL,87.2
2068-WWXQZ,6,Low,0.0557,46,Two year,No,20.05
2796-NNUFI,6,Low,0.0557,46,Two year,No,19.95
6349-JDHQP,6,Low,0.0556,53,Two year,No,19.85
0369-ZGOVK,6,Low,0.0556,28,One year,Fiber optic,70.4
8845-LWKGE,6,Low,0.0556,30,One year,DSL,64.5
1862-QRWPE,6,Low,0.0556,48,Two year,No,20.65
9912-OMZDS,6,Low,0.0555,59,One year,Fiber optic,106.15
9499-XPZXM,6,Low,0.0554,72,Two year,DSL,64.75
7605-BDWDC,6,Low,0.0554,31,Two year,DSL,49.85
2466-FCCPT,6,Low,0.0554,20,One year,No,19.7
8859-YSTWS,6,Low,0.0553,48,One year,No,19.95
5986-WWXDV,6,Low,0.0553,39,One year,No,19.35
8857-CUPFQ,6,Low,0.0552,63,Two year,No,19.25
2724-FJDYW,6,Low,0.0552,39,One year,DSL,54.85
7795-CFOCW,6,Low,0.055,45,One year,DSL,42.3
8701-DGLVH,5,Low,0.0549,51,Two year,No,20.45
5135-GRQJV,5,Low,0.0549,72,Two year,Fiber optic,114.5
7560-QJAVJ,5,Low,0.0548,70,Two year,DSL,79.6
6169-PGNCD,5,Low,0.0547,57,Two year,DSL,74.3
6778-EICRF,5,Low,0.0546,24,One year,DSL,74.8
6374-AFWOX,5,Low,0.0545,46,Two year,DSL,65.65
5146-YYFRZ,5,Low,0.0542,67,Two year,No,19.95
3557-HTYWR,5,Low,0.0542,47,Two year,DSL,74.05
8430-TWCBX,5,Low,0.0542,49,One year,No,20.7
0864-FVJNJ,5,Low,0.0541,64,One year,Fiber optic,113.35
4423-JWZJN,5,Low,0.0541,64,One year,Fiber optic,90.25
8510-TMWYB,5,Low,0.0541,54,Two year,DSL,59.8
1073-XXCZD,5,Low,0.054,55,Two year,No,25.7
7945-PRBVF,5,Low,0.0538,35,Two year,No,21.45
3022-BEXHZ,5,Low,0.0538,67,Two year,Fiber optic,111.2
8084-OIVBS,5,Low,0.0537,11,One year,No,20.0
2017-CCBLH,5,Low,0.0537,8,Two year,No,20.0
9500-IWPXQ,5,Low,0.0536,61,One year,DSL,79.4
8388-DMKAE,5,Low,0.0536,8,Two year,No,20.25
8745-PVESG,5,Low,0.0534,57,One year,DSL,41.1
7432-FFVAR,5,Low,0.0534,46,One year,Fiber optic,90.95
5044-XDPYX,5,Low,0.0533,51,Two year,No,25.5
6119-SPUDB,5,Low,0.0531,46,Two year,DSL,38.25
9742-XOKTS,5,Low,0.0531,67,One year,Fiber optic,89.55
5553-AOINX,5,Low,0.0531,66,One year,Fiber optic,104.9
7762-ONLJY,5,Low,0.0531,6,One year,No,19.7
7639-OPLNG,5,Low,0.053,70,Two year,DSL,79.25
9504-YAZWB,5,Low,0.0529,53,Two year,No,20.25
5602-BVFMK,5,Low,0.0529,12,One year,No,19.3
2192-OZITF,5,Low,0.0529,45,Two year,DSL,73.55
0221-NAUXK,5,Low,0.0525,10,One year,No,19.95
7321-ZNSLA,5,Low,0.0525,13,Two year,DSL,40.55
3764-MNMOI,5,Low,0.0524,46,Two year,No,19.2
9639-BUJXT,5,Low,0.0523,63,One year,No,20.5
6961-MJKBO,5,Low,0.0523,47,Two year,No,20.45
5811-IWXYM,5,Low,0.0521,52,One year,Fiber optic,101.25
6922-NCEDI,5,Low,0.0521,56,One year,No,21.2
9581-GVBXT,5,Low,0.0521,59,One year,DSL,34.8
3546-GHEAE,5,Low,0.0519,7,Two year,No,19.45
5334-AFQJB,5,Low,0.0518,72,Two year,No,25.1
6693-DJWTY,5,Low,0.0518,35,One year,DSL,55.6
9541-PWTWO,5,Low,0.0518,52,Two year,DSL,80.95
5406-KGRMX,5,Low,0.0517,71,Two year,No,24.55
3026-ATZYV,5,Low,0.0516,37,One year,DSL,75.1
6419-ZTTLE,5,Low,0.0516,23,One year,No,20.75
0608-JDVEC,5,Low,0.0515,50,Two year,No,19.8
7941-RCJOW,5,Low,0.0515,65,Two year,No,19.55
6963-EZQEE,5,Low,0.0514,70,Two year,DSL,88.55
9281-CEDRU,5,Low,0.0513,68,Two year,DSL,64.1
7665-NKLAV,5,Low,0.0513,36,Two year,DSL,40.65
6584-VQMYT,5,Low,0.0513,27,One year,DSL,56.2
7971-HLVXI,5,Low,0.0512,72,Two year,Fiber optic,84.5
3372-CDXFJ,5,Low,0.0512,13,One year,No,24.5
2143-LJULT,5,Low,0.0511,67,Two year,No,25.25
8345-MVDYC,5,Low,0.051,45,Two year,DSL,81.65
4815-YOSUK,5,Low,0.051,72,One year,Fiber optic,104.9
6901-GOGZG,5,Low,0.0509,60,Two year,DSL,84.95
9705-ZJBCG,5,Low,0.0508,13,One year,DSL,54.15
4335-BSMJS,5,Low,0.0508,62,Two year,No,25.8
7872-BAAZR,5,Low,0.0507,53,One year,No,19.55
3482-ABPKK,5,Low,0.0507,28,One year,DSL,54.3
6384-VMJHP,5,Low,0.0506,72,Two year,DSL,73.0
5862-BRIXZ,5,Low,0.0506,46,Two year,DSL,60.75
6434-TTGJP,5,Low,0.0504,10,Two year,DSL,53.7
8465-SBRXP,5,Low,0.0503,38,Two year,Fiber optic,94.9
7813-TKCVO,5,Low,0.0503,20,One year,No,20.35
8259-DZLIZ,5,Low,0.0502,64,One year,DSL,53.85
0181-RITDD,5,Low,0.0502,62,Two year,Fiber optic,108.15
4254-QPEDE,5,Low,0.0502,52,Two year,DSL,66.25
6418-PIQSP,5,Low,0.0502,62,Two year,DSL,81.0
8631-XVRZL,5,Low,0.0501,9,One year,No,20.15
5681-LLOEI,5,Low,0.0501,43,One year,Fiber optic,91.25
4940-KHCWD,5,Low,0.05,60,Two year,DSL,37.7
3219-JQRSL,5,Low,0.05,72,Two year,DSL,89.1
3649-JPUGY,5,Low,0.0499,72,Two year,DSL,88.6
2429-AYKKO,5,Low,0.0499,72,Two year,No,19.85
4573-JKNAE,5,Low,0.0499,12,Two year,No,19.35
0323-XWWTN,5,Low,0.0498,3,Two year,No,26.4
5614-DNZCE,5,Low,0.0498,58,Two year,DSL,64.9
0164-XAIRP,5,Low,0.0498,24,Two year,No,19.55
1194-BHJYC,5,Low,0.0496,61,Two year,DSL,62.15
2126-GSEGL,5,Low,0.0495,70,Two year,DSL,84.8
7469-LKBCI,5,Low,0.0495,16,Two year,No,18.95
4378-MYPGO,5,Low,0.0495,68,Two year,Fiber optic,105.25
5148-ORICT,5,Low,0.0494,64,Two year,DSL,74.35
6265-FRMTQ,5,Low,0.0494,31,Two year,No,20.4
5073-RZGBK,5,Low,0.0493,50,One year,DSL,80.05
4567-AKPIA,5,Low,0.0493,41,One year,Fiber optic,109.1
2882-WDTBA,5,Low,0.0493,69,Two year,DSL,75.75
4176-RELJR,5,Low,0.0492,67,Two year,No,25.1
5914-GXMDA,5,Low,0.0491,32,One year,No,19.3
9170-ARBTB,5,Low,0.0491,52,One year,No,19.6
6260-XLACS,5,Low,0.049,4,One year,No,19.7
8174-TBVCF,5,Low,0.0489,70,Two year,DSL,94.8
8707-HOEDG,5,Low,0.0488,70,Two year,Fiber optic,110.2
5173-ZXXXL,5,Low,0.0487,2,One year,No,19.95
2525-GVKQU,5,Low,0.0487,60,Two year,No,20.6
5619-XZZKR,5,Low,0.0486,4,One year,No,19.95
0621-TSSMU,5,Low,0.0485,56,One year,No,19.95
4723-BEGSG,5,Low,0.0485,72,Two year,DSL,86.65
6048-NJXHX,5,Low,0.0484,41,Two year,No,19.75
8626-PTQGE,5,Low,0.0484,69,Two year,DSL,60.05
1080-BWSYE,5,Low,0.0483,64,Two year,No,25.65
4750-UKWJK,5,Low,0.0483,37,One year,No,19.6
4782-OSFXZ,5,Low,0.0483,71,Two year,DSL,82.7
2682-KEVRP,5,Low,0.0483,22,One year,No,20.05
1215-EXRMO,5,Low,0.0482,50,Two year,No,20.55
9795-NREXC,5,Low,0.0482,64,Two year,DSL,85.0
4872-JCVCA,5,Low,0.0482,71,Two year,DSL,47.6
2773-MADBQ,5,Low,0.048,36,Two year,DSL,53.1
0254-WWRKD,5,Low,0.048,67,One year,DSL,50.55
9702-AIUJO,5,Low,0.048,50,One year,DSL,44.8
0114-IGABW,5,Low,0.0478,71,Two year,DSL,58.25
5965-GGPRW,5,Low,0.0478,72,Two year,Fiber optic,105.25
2580-ATZSQ,5,Low,0.0477,65,One year,DSL,61.35
0378-CJKPV,5,Low,0.0477,72,Two year,Fiber optic,112.1
2088-IEBAU,5,Low,0.0476,68,Two year,DSL,88.15
7975-JMZNT,5,Low,0.0475,66,Two year,DSL,91.7
4530-NDRKU,5,Low,0.0475,42,One year,No,19.05
7340-KEFQE,5,Low,0.0474,51,Two year,DSL,34.2
6848-YLDFR,5,Low,0.0473,58,One year,DSL,75.2
4458-KVRBJ,5,Low,0.0471,59,Two year,No,25.0
1439-LCGVL,5,Low,0.047,26,One year,No,19.2
5567-GZKQY,5,Low,0.047,58,Two year,No,20.3
2927-CVULT,5,Low,0.047,53,Two year,Fiber optic,104.05
1619-YWUBB,5,Low,0.047,68,Two year,No,24.95
2516-XSJKX,5,Low,0.0469,41,Two year,DSL,78.45
5699-BNCAS,5,Low,0.0469,71,Two year,No,24.65
8966-OIQHG,5,Low,0.0468,22,One year,No,20.75
2606-PKWJB,5,Low,0.0468,40,One year,DSL,40.25
7996-MHXLW,5,Low,0.0467,66,Two year,No,25.15
9397-TZSHA,5,Low,0.0467,69,Two year,No,24.6
5093-FEGLU,5,Low,0.0467,47,Two year,No,19.65
3057-VJJQE,5,Low,0.0466,35,Two year,DSL,55.25
5995-WWKKG,5,Low,0.0466,37,One year,No,19.8
8908-SLFCJ,5,Low,0.0465,21,Two year,No,20.85
6729-FZWSY,5,Low,0.0464,67,One year,No,19.45
3813-DHBBB,5,Low,0.0464,67,Two year,DSL,50.95
6244-BESBM,5,Low,0.0463,69,Two year,Fiber optic,95.2
5321-NTRKC,5,Low,0.0462,66,Two year,DSL,79.85
2146-EGVDT,5,Low,0.0462,59,Two year,No,19.3
5126-RCXYW,5,Low,0.0462,54,Two year,DSL,46.0
0909-SELIE,5,Low,0.0461,61,Two year,DSL,80.8
4057-FKCZK,5,Low,0.0461,58,Two year,Fiber optic,82.5
6242-SGYTS,5,Low,0.046,62,One year,Fiber optic,94.95
5039-LZRQT,5,Low,0.0456,13,One year,No,20.2
4703-MQYKT,5,Low,0.0456,21,Two year,No,19.6
2428-HYUNX,5,Low,0.0456,44,Two year,No,19.35
2550-AEVRU,5,Low,0.0456,57,One year,DSL,53.45
1096-ADRUX,5,Low,0.0456,66,One year,Fiber optic,74.25
3230-IUALN,5,Low,0.0454,45,Two year,DSL,81.0
4355-CVPVS,5,Low,0.0454,56,One year,Fiber optic,88.9
8480-PPONV,5,Low,0.0453,62,Two year,Fiber optic,115.55
3399-BMLVW,5,Low,0.0453,51,Two year,DSL,60.5
7973-DZRKH,5,Low,0.0452,66,Two year,Fiber optic,90.95
2056-EVGZL,5,Low,0.0452,68,One year,Fiber optic,105.75
2987-BJXIK,5,Low,0.0452,70,Two year,DSL,84.7
5906-DVAPM,5,Low,0.0451,55,One year,DSL,75.0
5803-NQJZO,5,Low,0.0451,72,Two year,DSL,67.8
5821-MMEIL,5,Low,0.0451,57,Two year,No,19.9
2330-PQGDQ,4,Low,0.045,51,One year,Fiber optic,84.2
7607-QKKTJ,4,Low,0.0449,45,One year,Fiber optic,95.0
2452-MRMZF,4,Low,0.0448,72,Two year,No,25.7
8039-EQPIM,4,Low,0.0447,69,Two year,DSL,60.25
7416-CKTEP,4,Low,0.0447,57,Two year,No,19.6
0945-TSONX,4,Low,0.0446,47,Two year,DSL,85.3
5312-IRCFR,4,Low,0.0445,64,One year,Fiber optic,92.85
3148-AOIQT,4,Low,0.0444,69,Two year,No,24.95
9640-ZSLDC,4,Low,0.0443,53,One year,DSL,60.6
0397-ZXWQF,4,Low,0.0441,67,Two year,No,20.5
1657-DYMBM,4,Low,0.0441,53,Two year,No,19.9
1265-ZFOSD,4,Low,0.044,64,Two year,DSL,81.3
1599-MMYRQ,4,Low,0.044,62,One year,Fiber optic,81.45
3865-ZFZIB,4,Low,0.044,19,Two year,No,19.65
4291-YZODP,4,Low,0.0439,7,One year,No,20.05
5310-NOOVA,4,Low,0.0439,46,Two year,No,19.95
1573-LGXBA,4,Low,0.0439,57,One year,Fiber optic,97.55
9777-IQHWP,4,Low,0.0439,64,Two year,Fiber optic,93.4
4807-IZYOZ,4,Low,0.0438,51,Two year,No,20.65
7527-QNRUS,4,Low,0.0438,17,Two year,No,25.15
7921-BEPCI,4,Low,0.0437,72,Two year,DSL,59.75
2030-BTZRO,4,Low,0.0437,6,Two year,No,20.4
7493-GVFIO,4,Low,0.0436,57,Two year,No,20.55
8146-QQKZH,4,Low,0.0436,71,Two year,DSL,81.85
9867-JCZSP,4,Low,0.0436,17,One year,No,20.75
1830-GGFNM,4,Low,0.0435,65,Two year,Fiber optic,94.55
1955-IBMMB,4,Low,0.0435,59,Two year,No,20.2
1093-YSWCA,4,Low,0.0434,11,Two year,No,19.55
3948-KXDUF,4,Low,0.0434,66,Two year,DSL,68.75
5816-JMLGY,4,Low,0.0434,70,Two year,DSL,80.4
4774-HHGGS,4,Low,0.0434,30,Two year,No,19.05
8821-KVZKQ,4,Low,0.0433,70,One year,DSL,58.4
3617-XLSGQ,4,Low,0.0433,66,Two year,Fiber optic,109.25
3166-PNEOF,4,Low,0.0432,61,Two year,DSL,86.45
4056-QHXHZ,4,Low,0.0432,72,Two year,Fiber optic,107.45
8374-UULRV,4,Low,0.0431,72,Two year,DSL,86.05
5887-IKKYO,4,Low,0.0431,58,Two year,Fiber optic,94.35
9769-TSBZE,4,Low,0.0431,70,Two year,DSL,66.0
9617-UDPEU,4,Low,0.0431,22,One year,No,19.25
3812-LRZIR,4,Low,0.043,27,Two year,No,24.5
3423-HHXAO,4,Low,0.043,14,One year,No,19.5
1133-KXCGE,4,Low,0.043,18,One year,No,20.1
3712-PKXZA,4,Low,0.0429,61,One year,No,20.55
2961-VNFKL,4,Low,0.0427,71,Two year,No,25.95
8628-MFKAX,4,Low,0.0426,72,Two year,Fiber optic,116.75
9110-HSGTV,4,Low,0.0425,69,Two year,DSL,82.45
3243-ZHOHY,4,Low,0.0425,16,One year,No,20.1
0214-JHPFW,4,Low,0.0425,70,Two year,DSL,57.8
9227-UAQFT,4,Low,0.0425,16,Two year,No,19.75
0019-GFNTW,4,Low,0.0425,56,Two year,DSL,45.05
5696-EXCYS,4,Low,0.0424,17,Two year,No,19.45
0229-LFJAF,4,Low,0.0424,72,Two year,DSL,69.65
5375-XLDOF,4,Low,0.0424,69,Two year,Fiber optic,114.35
6867-ACCZI,4,Low,0.0424,24,Two year,DSL,52.5
7722-VJRQD,4,Low,0.0422,72,Two year,DSL,60.95
4877-TSOFF,4,Low,0.0422,55,One year,DSL,75.75
6425-JWTDV,4,Low,0.0422,48,Two year,No,19.25
4537-CIBHB,4,Low,0.0421,9,One year,No,20.25
5696-CEIQJ,4,Low,0.0421,67,Two year,Fiber optic,103.15
0674-GCDXG,4,Low,0.0421,63,Two year,DSL,71.9
1240-HCBOH,4,Low,0.042,67,Two year,No,26.1
0827-ITJPH,4,Low,0.0419,36,Two year,No,18.55
8780-YRMTT,4,Low,0.0418,66,Two year,DSL,47.4
5495-GPSRW,4,Low,0.0418,20,Two year,No,19.7
6427-FEFIG,4,Low,0.0418,24,Two year,DSL,78.6
5177-RVZNU,4,Low,0.0417,37,One year,No,20.3
5376-PCKNB,4,Low,0.0416,72,One year,Fiber optic,104.45
1017-FBQMM,4,Low,0.0416,62,One year,Fiber optic,106.05
0057-QBUQH,4,Low,0.0416,43,Two year,No,25.1
1402-PTHGN,4,Low,0.0415,18,One year,DSL,61.5
1459-QNFQT,4,Low,0.0413,70,Two year,DSL,59.5
5993-JSUWV,4,Low,0.0412,66,Two year,DSL,61.15
5161-UBZXI,4,Low,0.0412,69,Two year,Fiber optic,106.35
6050-IJRHS,4,Low,0.041,70,One year,Fiber optic,106.5
9086-YJYXS,4,Low,0.0409,34,One year,DSL,77.2
0428-AXXLJ,4,Low,0.0409,25,One year,No,19.5
1832-PEUTS,4,Low,0.0409,62,Two year,Fiber optic,89.1
0277-ORXQS,4,Low,0.0408,66,Two year,DSL,50.55
3970-XGJDU,4,Low,0.0408,62,Two year,No,19.2
5598-IKHQQ,4,Low,0.0407,72,Two year,No,25.45
9108-EQPNQ,4,Low,0.0407,10,Two year,No,26.1
2990-OGYTD,4,Low,0.0405,67,Two year,DSL,86.15
5494-WOZRZ,4,Low,0.0404,71,Two year,DSL,82.0
4578-PHJYZ,4,Low,0.0404,52,One year,DSL,68.75
6188-UXBBR,4,Low,0.0404,38,One year,No,20.25
3525-DVKFN,4,Low,0.0403,17,Two year,No,19.4
5605-XNWEN,4,Low,0.0403,72,Two year,No,25.0
3170-NMYVV,4,Low,0.0403,50,Two year,No,20.15
7996-BPXHY,4,Low,0.0403,13,Two year,No,25.0
3315-IKYZQ,4,Low,0.0402,28,One year,DSL,50.8
3021-VLNRJ,4,Low,0.0402,50,One year,DSL,70.8
5149-QYTTU,4,Low,0.0401,71,One year,Fiber optic,95.15
1303-SRDOK,4,Low,0.0401,55,Two year,Fiber optic,69.05
7696-AMHOD,4,Low,0.0401,49,One year,DSL,78.0
2162-FRZAA,4,Low,0.0401,63,Two year,DSL,39.35
0602-DDUML,4,Low,0.04,57,Two year,DSL,69.75
0020-JDNXP,4,Low,0.04,34,One year,DSL,61.25
7609-NRNCA,4,Low,0.04,17,One year,No,19.55
3594-BDSOA,4,Low,0.04,24,One year,No,20.4
4893-GYUJU,4,Low,0.04,50,One year,No,19.35
7297-DVYGA,4,Low,0.0399,51,One year,No,19.85
9531-NSBMR,4,Low,0.0399,36,One year,No,19.25
6625-FLENO,4,Low,0.0399,58,Two year,No,20.75
7435-ZNUYY,4,Low,0.0398,6,One year,No,20.6
8050-XGRVL,4,Low,0.0398,62,One year,DSL,54.75
1448-CYWKC,4,Low,0.0397,58,One year,Fiber optic,105.2
7602-MVRMB,4,Low,0.0397,72,Two year,Fiber optic,110.45
7515-LODFU,4,Low,0.0396,69,Two year,No,20.3
1834-ABKHQ,4,Low,0.0396,52,One year,DSL,50.95
5063-IUOKK,4,Low,0.0396,13,Two year,No,19.75
2121-JAFOM,4,Low,0.0394,72,Two year,Fiber optic,115.55
0839-QNXME,4,Low,0.0394,30,Two year,No,19.4
6164-HAQTX,4,Low,0.0394,71,Two year,DSL,53.95
2817-LVCPP,4,Low,0.0392,50,Two year,No,19.4
3727-OVPRY,4,Low,0.0392,66,One year,No,25.7
7401-JIXNM,4,Low,0.0391,54,Two year,DSL,91.3
8544-JNBOX,4,Low,0.0391,72,Two year,No,20.8
7337-CINUD,4,Low,0.0391,8,Two year,No,19.5
4685-TFLLS,4,Low,0.039,18,One year,No,19.8
5394-MEITZ,4,Low,0.039,60,Two year,DSL,80.6
3911-RSNHI,4,Low,0.0389,71,Two year,DSL,61.4
1084-MNSMJ,4,Low,0.0389,51,Two year,DSL,85.5
7711-YIJWC,4,Low,0.0389,61,One year,DSL,84.9
5795-BKOYE,4,Low,0.0388,69,One year,DSL,59.1
2205-LPVGL,4,Low,0.0388,58,One year,Fiber optic,89.85
9732-OUYRN,4,Low,0.0388,49,One year,No,19.0
4698-KVLLG,4,Low,0.0387,51,Two year,No,19.6
0307-BCOPK,4,Low,0.0387,16,One year,No,19.05
1930-QPBVZ,4,Low,0.0386,68,Two year,Fiber optic,95.1
1790-NESIO,4,Low,0.0386,13,Two year,No,20.4
8174-LNWMW,4,Low,0.0386,31,Two year,No,20.9
5666-MBJPT,4,Low,0.0386,65,Two year,No,25.1
3938-YFPXD,4,Low,0.0386,72,Two year,DSL,84.3
7114-AEOZE,4,Low,0.0386,60,Two year,No,19.85
4086-ATNFV,4,Low,0.0385,34,One year,DSL,60.8
3571-DPYUH,4,Low,0.0385,58,One year,Fiber optic,94.7
3884-UEBXB,4,Low,0.0385,67,Two year,DSL,36.15
8612-GXIDD,4,Low,0.0384,12,Two year,No,25.4
2550-QHZGP,4,Low,0.0383,7,One year,No,19.5
9625-QNLUX,4,Low,0.0383,68,Two year,Fiber optic,103.25
7503-MIOGA,4,Low,0.0382,72,Two year,DSL,89.85
3071-MVJCD,4,Low,0.0381,72,Two year,DSL,82.3
5197-PYEPU,4,Low,0.0381,42,One year,Fiber optic,94.45
5214-NLTIT,4,Low,0.0381,72,Two year,Fiber optic,90.8
9372-TXXPS,4,Low,0.038,60,Two year,DSL,59.85
7472-EQOAV,4,Low,0.038,71,One year,Fiber optic,86.7
8390-FESFV,4,Low,0.038,62,Two year,DSL,84.5
9548-LERKT,4,Low,0.0379,24,Two year,No,19.75
8540-ZQGEA,4,Low,0.0379,54,Two year,No,20.05
9239-GZHZE,4,Low,0.0379,72,Two year,Fiber optic,113.65
3511-BFTJW,4,Low,0.0379,72,Two year,DSL,38.5
6723-CEGQI,4,Low,0.0379,65,Two year,DSL,45.25
3569-VLDHH,4,Low,0.0378,66,One year,DSL,75.1
5095-ETBRJ,4,Low,0.0377,55,Two year,DSL,56.8
0859-YGKFW,4,Low,0.0376,18,One year,No,20.05
4994-OBRSZ,4,Low,0.0375,14,Two year,DSL,76.1
1627-AFWVJ,4,Low,0.0375,29,Two year,No,19.4
0556-FJEGU,4,Low,0.0375,58,Two year,DSL,70.1
9953-ZMKSM,4,Low,0.0373,63,Two year,No,25.25
2868-LLSKM,4,Low,0.0373,68,One year,Fiber optic,83.65
5893-PYOLZ,4,Low,0.0372,56,Two year,DSL,81.8
9711-FJTBX,4,Low,0.0371,56,One year,Fiber optic,85.85
0036-IHMOT,4,Low,0.0371,55,One year,Fiber optic,103.7
8181-YHCMF,4,Low,0.0371,68,Two year,DSL,60.3
1429-UYJSV,4,Low,0.0371,12,One year,No,19.7
3274-NSDWE,4,Low,0.037,68,Two year,No,19.6
5208-FVQKB,4,Low,0.037,70,Two year,DSL,67.95
0795-LAFGP,4,Low,0.037,71,Two year,DSL,90.4
6064-PUPMC,4,Low,0.037,23,One year,DSL,57.2
8561-NMTBD,4,Low,0.0369,67,One year,Fiber optic,112.35
5840-NVDCG,4,Low,0.0369,16,Two year,DSL,68.25
0562-KBDVM,4,Low,0.0369,70,Two year,DSL,44.6
4304-XUMGI,4,Low,0.0368,50,Two year,DSL,75.15
8207-VVMYB,4,Low,0.0367,70,Two year,No,26.0
6614-YOLAC,4,Low,0.0366,71,Two year,DSL,58.65
1245-HARPS,4,Low,0.0366,14,Two year,No,20.4
3441-CGZJH,4,Low,0.0365,43,One year,DSL,60.4
5312-TSZVC,4,Low,0.0365,15,One year,No,19.65
2251-PYLPB,4,Low,0.0365,72,Two year,DSL,79.55
4000-VGMQP,4,Low,0.0364,38,One year,DSL,78.95
3704-IEAXF,4,Low,0.0364,72,Two year,DSL,53.65
8218-FFJDS,4,Low,0.0363,72,Two year,DSL,86.4
0197-PNKNK,4,Low,0.0363,69,One year,Fiber optic,84.45
1676-MQAOA,4,Low,0.0362,72,Two year,DSL,75.1
6732-VAILE,4,Low,0.0361,70,Two year,DSL,85.95
7609-YBPXG,4,Low,0.0361,54,Two year,DSL,87.1
8125-QPFJD,4,Low,0.0361,72,Two year,DSL,84.9
7771-CFQRQ,4,Low,0.0361,47,Two year,DSL,63.8
1716-LSAMB,4,Low,0.0361,45,Two year,DSL,54.65
6519-ZHPXP,4,Low,0.036,72,Two year,Fiber optic,108.3
6549-BTYPG,4,Low,0.036,60,Two year,DSL,60.8
4334-HOWRP,4,Low,0.036,72,Two year,DSL,64.95
8747-UDCOI,4,Low,0.036,65,Two year,No,19.35
0361-HJRDX,4,Low,0.036,68,Two year,DSL,64.35
3301-VKTGC,4,Low,0.0359,68,One year,Fiber optic,85.5
2830-LEWOA,4,Low,0.0359,61,One year,Fiber optic,103.9
4425-OWHWB,4,Low,0.0359,20,One year,No,19.35
6447-EGDIV,4,Low,0.0359,31,One year,No,20.95
1053-MXTTK,4,Low,0.0356,72,Two year,Fiber optic,108.65
4378-BZYFP,4,Low,0.0356,17,One year,No,20.5
0572-ZJKLT,4,Low,0.0355,46,Two year,Fiber optic,99.65
5456-ITGIC,4,Low,0.0355,72,Two year,DSL,64.45
7606-BPHHN,4,Low,0.0354,72,Two year,No,19.8
3407-JMJQQ,4,Low,0.0353,71,Two year,Fiber optic,109.0
5296-PSYVW,4,Low,0.0353,72,Two year,No,24.55
5397-NSKQG,4,Low,0.0353,67,Two year,DSL,50.9
5930-GBIWP,4,Low,0.0353,69,Two year,DSL,81.5
3891-NLXJB,4,Low,0.0351,37,Two year,DSL,40.55
0298-XACET,4,Low,0.035,52,Two year,DSL,50.2
5451-YHYPW,3,Low,0.0349,72,Two year,Fiber optic,115.75
6100-FJZDG,3,Low,0.0349,26,One year,No,20.05
6096-EGVTU,3,Low,0.0348,64,One year,No,24.9
4452-ROHMO,3,Low,0.0348,15,Two year,No,19.6
8191-XWSZG,3,Low,0.0347,52,One year,No,20.65
3612-YUNGG,3,Low,0.0347,64,Two year,Fiber optic,109.2
2234-XADUH,3,Low,0.0346,72,One year,Fiber optic,103.2
2862-JVEOY,3,Low,0.0345,6,One year,No,19.15
1926-QUZNN,3,Low,0.0344,72,Two year,No,25.25
6603-YRDCJ,3,Low,0.0344,33,Two year,DSL,61.05
1642-HMARX,3,Low,0.0343,68,Two year,DSL,91.7
2405-LBMUW,3,Low,0.0341,61,One year,DSL,50.7
6741-QRLUP,3,Low,0.0341,63,Two year,DSL,80.3
3392-EHMNK,3,Low,0.0341,67,Two year,Fiber optic,94.1
6746-WAUWT,3,Low,0.034,19,One year,No,19.7
3721-WKIIL,3,Low,0.034,27,Two year,No,19.6
6508-NJYRO,3,Low,0.0339,15,One year,No,18.8
1298-PHBTI,3,Low,0.0339,71,Two year,Fiber optic,84.8
8046-DNVTL,3,Low,0.0338,62,Two year,DSL,38.6
6265-SXWBU,3,Low,0.0338,69,One year,Fiber optic,95.75
5469-NUJUR,3,Low,0.0338,19,Two year,No,19.95
4565-NLZBV,3,Low,0.0336,71,Two year,No,24.65
1293-HHSHJ,3,Low,0.0336,35,One year,No,21.1
5485-ITNPC,3,Low,0.0335,66,Two year,DSL,85.9
5248-KWLAR,3,Low,0.0335,71,Two year,DSL,90.35
8204-YJCLA,3,Low,0.0334,72,Two year,DSL,64.8
8661-BOYNW,3,Low,0.0334,72,Two year,DSL,84.4
2274-XUATA,3,Low,0.0334,72,Two year,DSL,63.1
3549-ZTMNH,3,Low,0.0334,12,Two year,No,24.0
2226-ICFDO,3,Low,0.0333,72,Two year,DSL,85.9
0757-WCUUZ,3,Low,0.0332,54,Two year,DSL,63.35
7898-PDWQE,3,Low,0.0331,71,Two year,DSL,80.4
4451-RWASJ,3,Low,0.033,15,One year,No,19.5
4785-FCIFB,3,Low,0.033,61,Two year,No,24.4
1985-MBRYP,3,Low,0.033,43,Two year,No,19.65
8766-PAFNE,3,Low,0.033,71,Two year,DSL,79.1
8882-TLVRW,3,Low,0.033,69,Two year,DSL,39.1
8883-ANODQ,3,Low,0.0329,68,Two year,Fiber optic,84.4
3078-ZKNTS,3,Low,0.0329,13,Two year,No,19.75
8414-OOEEL,3,Low,0.0329,66,Two year,DSL,79.5
0862-PRCBS,3,Low,0.0328,68,Two year,Fiber optic,103.75
8966-SNIZF,3,Low,0.0328,70,Two year,No,19.45
3470-OBUET,3,Low,0.0328,67,Two year,DSL,74.0
2263-SFSQZ,3,Low,0.0328,51,Two year,No,24.95
3398-GCPMU,3,Low,0.0328,72,Two year,DSL,89.55
2400-XIWIO,3,Low,0.0326,71,Two year,DSL,90.1
5148-HKFIR,3,Low,0.0324,20,Two year,No,19.7
8999-YPYBV,3,Low,0.0324,45,Two year,DSL,84.35
8232-UTFOZ,3,Low,0.0323,69,Two year,No,19.95
2320-TZRRH,3,Low,0.0323,20,One year,No,19.5
0064-SUDOG,3,Low,0.0322,12,Two year,No,20.3
3778-FOAQW,3,Low,0.0322,24,One year,No,20.15
8901-UPRHR,3,Low,0.0322,72,Two year,Fiber optic,109.2
0336-KXKFK,3,Low,0.0322,72,Two year,DSL,61.2
6139-ZZRBQ,3,Low,0.0321,64,Two year,No,20.05
6484-LATFU,3,Low,0.0321,68,Two year,No,24.55
6203-HBZPA,3,Low,0.0321,52,Two year,DSL,63.9
2333-KWEWW,3,Low,0.032,18,Two year,No,20.05
3873-WOSBC,3,Low,0.032,67,Two year,No,25.6
6134-KWTBV,3,Low,0.032,62,Two year,No,23.4
6229-UOLQL,3,Low,0.032,56,One year,DSL,52.0
1635-NZATJ,3,Low,0.0319,71,Two year,No,25.45
8510-BBWMU,3,Low,0.0319,41,One year,No,19.75
0230-WEQUW,3,Low,0.0319,66,Two year,DSL,56.6
3662-FXJFO,3,Low,0.0319,54,Two year,No,20.5
4825-FUREZ,3,Low,0.0318,42,Two year,No,20.25
7765-LWVVH,3,Low,0.0318,72,Two year,Fiber optic,95.1
7244-KXYZN,3,Low,0.0318,24,One year,No,20.45
0795-XCCTE,3,Low,0.0318,72,Two year,No,25.4
2789-CZANW,3,Low,0.0318,64,Two year,Fiber optic,110.3
8277-RVRSV,3,Low,0.0318,33,One year,No,24.15
0253-ZTEOB,3,Low,0.0318,48,Two year,DSL,79.65
9087-EYCPR,3,Low,0.0318,60,Two year,No,25.0
4012-YCFAI,3,Low,0.0317,60,Two year,DSL,61.35
0042-JVWOJ,3,Low,0.0317,26,One year,No,19.6
2560-WBWXF,3,Low,0.0317,68,Two year,No,24.15
3454-JFUBC,3,Low,0.0317,68,Two year,No,20.0
0020-INWCK,3,Low,0.0317,71,Two year,Fiber optic,95.75
9717-IOAAF,3,Low,0.0316,27,Two year,No,25.85
0129-QMPDR,3,Low,0.0316,44,One year,No,20.5
1087-GRUYI,3,Low,0.0315,38,Two year,No,20.4
0436-TWFFZ,3,Low,0.0314,67,Two year,DSL,85.25
7665-VIGUD,3,Low,0.0314,10,One year,No,20.35
8213-TAZPM,3,Low,0.0313,69,One year,Fiber optic,108.75
2097-YVPKN,3,Low,0.0313,65,Two year,No,25.75
8097-OMULG,3,Low,0.0313,59,One year,DSL,76.75
8690-UPCZI,3,Low,0.0312,29,One year,DSL,69.05
0885-HMGPY,3,Low,0.0312,62,Two year,DSL,69.4
1705-GUHPV,3,Low,0.0312,63,Two year,No,24.2
3178-CIFOT,3,Low,0.0311,23,One year,No,19.65
6736-DHUQI,3,Low,0.031,67,One year,Fiber optic,84.8
3720-DBRWL,3,Low,0.031,51,Two year,DSL,83.85
9648-BCHKM,3,Low,0.031,18,Two year,No,24.65
3146-MSEGF,3,Low,0.0309,72,Two year,DSL,88.05
1407-DIGZV,3,Low,0.0309,3,Two year,No,19.1
9646-NMHXE,3,Low,0.0308,47,Two year,No,19.65
7319-ZNRTR,3,Low,0.0308,25,One year,No,19.6
7009-PCARS,3,Low,0.0308,55,One year,No,19.1
6916-HIJSE,3,Low,0.0307,65,Two year,DSL,84.85
7963-SHNDT,3,Low,0.0307,52,Two year,DSL,39.1
1333-PBMXB,3,Low,0.0306,54,One year,No,24.75
8092-NLTGF,3,Low,0.0305,72,Two year,No,24.75
6418-HNFED,3,Low,0.0305,51,Two year,DSL,83.25
7017-VFHAY,3,Low,0.0305,61,Two year,Fiber optic,115.1
7255-SSFBC,3,Low,0.0304,72,Two year,Fiber optic,112.25
5197-YPYBZ,3,Low,0.0304,12,Two year,No,25.25
2703-AMTUL,3,Low,0.0304,36,One year,DSL,53.65
4114-QMKVN,3,Low,0.0304,56,One year,DSL,68.75
8060-HIWJJ,3,Low,0.0303,64,Two year,DSL,86.55
9798-OPFEM,3,Low,0.0303,46,Two year,No,21.1
5003-OKNNK,3,Low,0.0302,15,One year,No,20.35
6631-HMANX,3,Low,0.0302,72,Two year,DSL,85.45
7157-SMCFK,3,Low,0.0302,61,Two year,No,19.75
3768-VHXQO,3,Low,0.0301,67,Two year,No,24.85
7596-IIWYC,3,Low,0.0301,27,Two year,No,20.25
9220-CXRSC,3,Low,0.03,69,Two year,DSL,61.4
1767-CJKBA,3,Low,0.03,66,Two year,No,25.1
9805-FILKB,3,Low,0.0299,46,One year,No,20.2
5876-QMYLD,3,Low,0.0297,23,One year,No,20.05
2176-OSJUV,3,Low,0.0296,71,Two year,DSL,65.15
6199-IPCAO,3,Low,0.0296,29,Two year,No,26.1
7399-QHBJS,3,Low,0.0295,72,Two year,DSL,66.75
0739-UUAJR,3,Low,0.0295,72,Two year,DSL,53.8
0374-FIUCA,3,Low,0.0295,65,Two year,No,20.4
1335-MXCSE,3,Low,0.0294,55,Two year,DSL,55.25
0383-CLDDA,3,Low,0.0293,69,Two year,DSL,85.35
4884-LEVMQ,3,Low,0.0293,39,Two year,No,20.45
6698-OXETB,3,Low,0.0292,11,Two year,No,20.4
0301-KOBTQ,3,Low,0.0291,32,Two year,No,20.05
8468-FZTOE,3,Low,0.0291,72,Two year,DSL,74.35
1960-UOTYM,3,Low,0.0291,52,Two year,DSL,79.2
1328-EUZHC,3,Low,0.029,18,Two year,No,20.1
5529-GIBVH,3,Low,0.0289,47,Two year,No,20.15
5201-CBWYG,3,Low,0.0288,62,One year,No,24.8
8571-ZCMCX,3,Low,0.0288,47,Two year,DSL,60.0
3082-YVEKW,3,Low,0.0287,23,Two year,DSL,77.15
1069-QJOEE,3,Low,0.0287,25,One year,No,19.9
8717-VCTXJ,3,Low,0.0286,42,One year,No,19.55
6061-PQHMK,3,Low,0.0286,25,One year,No,19.9
1945-XISKS,3,Low,0.0286,67,Two year,No,19.65
1150-FTQGN,3,Low,0.0284,60,One year,Fiber optic,94.15
4707-YNOQA,3,Low,0.0283,34,One year,No,25.6
1085-LDWAM,3,Low,0.0283,69,One year,No,20.35
8915-NNTRC,3,Low,0.0283,72,Two year,Fiber optic,107.7
5787-KXGIY,3,Low,0.0282,72,Two year,No,19.3
4933-BSAIP,3,Low,0.0282,40,Two year,No,19.1
3910-MRQOY,3,Low,0.0282,72,Two year,No,19.4
4632-XJMEX,3,Low,0.0281,53,One year,DSL,62.85
6072-NUQCB,3,Low,0.0281,22,One year,No,20.25
1177-XZBJL,3,Low,0.0281,53,One year,DSL,64.15
0362-RAOQO,3,Low,0.0281,40,Two year,No,19.65
3654-ARMGP,3,Low,0.028,61,Two year,DSL,88.65
7169-YWAMK,3,Low,0.028,72,Two year,DSL,68.4
0318-ZOPWS,3,Low,0.0279,49,Two year,No,20.15
3523-BRGUW,3,Low,0.0278,26,One year,No,19.3
0626-QXNGV,3,Low,0.0278,72,Two year,No,24.15
0567-XRHCU,3,Low,0.0278,69,Two year,DSL,43.95
6339-RZCBJ,3,Low,0.0277,48,Two year,DSL,78.9
7242-EDTYC,3,Low,0.0277,44,Two year,No,19.55
5982-PSMKW,3,Low,0.0276,23,Two year,DSL,91.1
9481-WHGWY,3,Low,0.0276,70,Two year,DSL,75.35
3027-YNWZU,3,Low,0.0276,64,Two year,No,25.0
6283-GITPX,3,Low,0.0276,71,Two year,DSL,76.9
4006-HKYHO,3,Low,0.0275,63,Two year,DSL,86.7
3882-IYOIJ,3,Low,0.0273,60,Two year,Fiber optic,115.25
2725-IWWBA,3,Low,0.0273,46,One year,DSL,56.9
3635-QQRQD,3,Low,0.0272,62,Two year,No,20.05
2696-RZVZW,3,Low,0.0272,68,Two year,No,25.05
7014-ZZXAW,3,Low,0.0271,71,Two year,No,24.25
9964-WBQDJ,3,Low,0.0271,71,Two year,No,24.4
1116-FRYVH,3,Low,0.0271,48,Two year,DSL,39.4
1734-ZMNTZ,3,Low,0.0271,11,Two year,No,25.0
3612-YVGSJ,3,Low,0.0271,71,Two year,No,24.45
2984-RGEYA,3,Low,0.0271,69,Two year,No,19.75
6614-YWYSC,3,Low,0.0269,61,Two year,No,25.0
0895-LNKRC,3,Low,0.0269,6,One year,No,19.45
5546-QUERU,3,Low,0.0269,13,One year,No,19.95
6670-MFRPK,3,Low,0.0269,69,Two year,Fiber optic,79.2
5317-FLPJF,3,Low,0.0268,66,Two year,DSL,61.35
9588-YRFHY,3,Low,0.0268,49,Two year,No,19.9
1320-GVNHT,3,Low,0.0267,72,Two year,Fiber optic,108.4
2995-YWTCD,3,Low,0.0267,19,Two year,No,24.9
3125-RAHBV,3,Low,0.0267,22,One year,No,20.3
6734-PSBAW,3,Low,0.0267,72,Two year,No,23.55
4656-CAURT,3,Low,0.0267,69,Two year,No,23.95
7277-KAMWT,3,Low,0.0266,13,Two year,No,20.0
0263-FJTQO,3,Low,0.0266,50,Two year,DSL,70.5
3580-HYCSP,3,Low,0.0266,72,Two year,Fiber optic,110.3
2632-TACXW,3,Low,0.0266,62,Two year,No,23.65
7649-SIJJF,3,Low,0.0265,71,Two year,DSL,80.1
1090-PYKCI,3,Low,0.0265,69,One year,Fiber optic,105.1
6439-PKTRR,3,Low,0.0265,70,Two year,DSL,80.7
2599-CIPQE,3,Low,0.0264,71,Two year,Fiber optic,109.3
6368-TZZDT,3,Low,0.0263,4,Two year,No,19.5
0281-CNTZX,3,Low,0.0263,63,Two year,No,19.95
5743-KHMNA,3,Low,0.0262,71,Two year,No,25.55
5197-LQXXH,3,Low,0.0262,71,Two year,DSL,83.3
5249-QYHEX,3,Low,0.0262,40,Two year,No,24.8
5996-EBTKM,3,Low,0.0261,67,Two year,DSL,69.9
7274-CGTOD,3,Low,0.0261,62,Two year,DSL,43.7
1964-SVLEA,3,Low,0.026,20,One year,No,19.7
5917-RYRMG,3,Low,0.026,32,One year,No,19.8
7030-FZTFM,3,Low,0.0257,72,Two year,Fiber optic,110.9
9483-GCPWE,3,Low,0.0257,9,One year,No,20.1
1460-UZPRJ,3,Low,0.0256,60,Two year,No,19.95
5473-KHBPS,3,Low,0.0255,52,One year,Fiber optic,95.7
2498-XLDZR,3,Low,0.0255,32,Two year,DSL,73.6
5848-FHRFC,3,Low,0.0254,68,Two year,No,20.05
7190-XHTWJ,3,Low,0.0254,38,One year,No,19.3
3154-HMWUU,3,Low,0.0253,60,Two year,No,20.5
1599-EAHXY,3,Low,0.0253,60,One year,No,23.95
1354-YZFNB,3,Low,0.0252,4,Two year,No,19.55
2878-DHMIN,3,Low,0.0252,35,One year,No,19.9
3458-IDMFK,3,Low,0.0251,25,Two year,No,20.75
5680-LQOGP,3,Low,0.0251,68,Two year,DSL,82.45
8441-SHIPE,3,Low,0.0251,67,Two year,No,25.6
3913-RDSJZ,2,Low,0.025,64,Two year,No,25.55
7109-CQYUZ,2,Low,0.025,52,Two year,DSL,89.25
9339-FIIJL,2,Low,0.0249,72,Two year,DSL,85.95
2384-OVPSA,2,Low,0.0249,38,Two year,No,20.2
1395-WSWXR,2,Low,0.0249,24,Two year,No,20.75
6223-DHJGV,2,Low,0.0247,42,One year,No,20.65
2848-YXSMW,2,Low,0.0247,72,Two year,No,19.4
7602-DBTOU,2,Low,0.0246,71,Two year,No,19.6
4915-BFSXL,2,Low,0.0246,70,Two year,DSL,68.95
2387-KDZQY,2,Low,0.0245,17,One year,No,20.1
2027-DNKIV,2,Low,0.0245,37,One year,DSL,58.75
8859-DZTGQ,2,Low,0.0245,33,Two year,No,20.35
2560-QTSBS,2,Low,0.0245,72,One year,No,23.3
1776-SPBWV,2,Low,0.0244,34,One year,No,20.1
1015-JPFYW,2,Low,0.0244,7,One year,No,19.45
7969-FFOWG,2,Low,0.0244,65,Two year,No,19.9
2829-HYVZP,2,Low,0.0242,29,One year,No,19.8
2587-YNLES,2,Low,0.0242,6,Two year,No,20.1
3283-WCWXT,2,Low,0.0242,6,Two year,No,25.4
3889-VWBID,2,Low,0.0242,68,Two year,DSL,82.85
5181-OABFK,2,Low,0.0241,56,Two year,DSL,61.3
1982-FEBTD,2,Low,0.0241,23,Two year,No,25.6
1241-EZFMJ,2,Low,0.0241,61,Two year,No,25.45
2900-PHPLN,2,Low,0.024,70,Two year,No,19.55
8838-GPHZP,2,Low,0.024,63,Two year,No,20.6
5135-RDDQL,2,Low,0.024,63,Two year,DSL,50.65
1837-YQUCE,2,Low,0.0239,70,Two year,DSL,58.35
3133-PZNSR,2,Low,0.0239,72,Two year,Fiber optic,97.75
6813-GZQCG,2,Low,0.0239,45,Two year,No,24.65
9945-PSVIP,2,Low,0.0238,25,Two year,No,18.7
1930-BZLHI,2,Low,0.0237,21,One year,No,20.35
6725-TPKJO,2,Low,0.0237,44,Two year,No,20.05
3486-NPGST,2,Low,0.0237,36,One year,No,19.55
0839-JTCUD,2,Low,0.0236,66,Two year,DSL,89.9
4361-FEBGN,2,Low,0.0236,48,Two year,No,20.15
2509-TFPJU,2,Low,0.0235,72,Two year,No,25.75
4707-MAXGU,2,Low,0.0235,72,Two year,No,25.85
1187-WILMM,2,Low,0.0235,63,Two year,DSL,89.4
3973-SKMLN,2,Low,0.0233,71,Two year,No,19.9
3721-CNZHX,2,Low,0.0232,15,One year,No,19.8
5453-YBTWV,2,Low,0.0232,70,Two year,Fiber optic,101.1
6345-FZOQH,2,Low,0.0231,69,Two year,No,19.9
5338-YHWYT,2,Low,0.0231,37,Two year,DSL,61.45
5014-GSOUQ,2,Low,0.0231,13,Two year,No,19.95
5982-XMDEX,2,Low,0.0231,65,Two year,No,26.5
3696-DFHHB,2,Low,0.0231,68,Two year,No,25.5
6000-UKLWI,2,Low,0.0231,41,Two year,No,20.15
9509-MPYOD,2,Low,0.023,35,One year,No,20.75
2167-FQSTQ,2,Low,0.0229,72,Two year,DSL,92.4
4701-LKOZD,2,Low,0.0228,70,Two year,DSL,89.75
8347-GDTMP,2,Low,0.0228,64,Two year,No,19.45
6848-HJTXY,2,Low,0.0228,64,Two year,No,19.45
5196-WPYOW,2,Low,0.0228,67,One year,DSL,60.05
9028-LIHRP,2,Low,0.0228,71,Two year,Fiber optic,100.2
0404-AHASP,2,Low,0.0227,72,Two year,No,19.7
4393-GEADV,2,Low,0.0226,70,Two year,Fiber optic,114.75
6016-NXBNJ,2,Low,0.0226,35,One year,No,19.15
7815-PDTHL,2,Low,0.0226,35,Two year,No,20.2
7328-OWMOM,2,Low,0.0226,31,One year,No,20.1
2824-DXNKN,2,Low,0.0226,72,Two year,DSL,71.45
5457-COLHT,2,Low,0.0225,69,Two year,DSL,80.65
4616-ULAOA,2,Low,0.0225,65,Two year,Fiber optic,110.8
6051-PTVNS,2,Low,0.0223,55,One year,No,19.15
1897-RCFUM,2,Low,0.0223,39,One year,No,24.2
0505-SPOOW,2,Low,0.0222,70,Two year,No,19.8
5124-EOGYE,2,Low,0.0222,31,Two year,No,20.45
3389-KTRXV,2,Low,0.0222,23,Two year,No,23.85
9065-ZCPQX,2,Low,0.0222,72,Two year,DSL,78.85
6082-OQFBA,2,Low,0.0222,23,One year,No,19.65
0269-XFESX,2,Low,0.0222,23,One year,No,24.35
5158-RIVOP,2,Low,0.0222,11,Two year,No,20.9
8512-WIWYV,2,Low,0.0222,32,One year,No,20.35
8749-TZYEC,2,Low,0.0221,72,Two year,No,24.8
5696-JVVQY,2,Low,0.0221,48,Two year,DSL,70.1
1063-DHQJF,2,Low,0.0221,69,Two year,Fiber optic,92.15
0932-YIXYU,2,Low,0.0221,47,Two year,No,20.25
6370-ZVHDV,2,Low,0.0221,61,Two year,No,25.3
7037-MTYVW,2,Low,0.022,38,Two year,DSL,85.4
9958-MEKUC,2,Low,0.0219,72,Two year,Fiber optic,103.95
7301-ABVAD,2,Low,0.0219,72,Two year,DSL,86.6
1998-VHJHK,2,Low,0.0219,27,One year,No,19.15
7508-DQAKK,2,Low,0.0216,64,Two year,DSL,86.4
5788-YPOEG,2,Low,0.0216,34,Two year,DSL,84.75
6445-TNRXS,2,Low,0.0215,68,Two year,Fiber optic,114.7
8395-ETZKQ,2,Low,0.0214,68,One year,No,19.5
0804-YGEQV,2,Low,0.0214,43,One year,No,24.45
1635-HDGFT,2,Low,0.0213,19,Two year,No,20.5
6563-VRERX,2,Low,0.0212,33,One year,No,20.6
9916-AYHTC,2,Low,0.0212,48,Two year,No,19.85
7710-JSYOA,2,Low,0.0211,69,Two year,Fiber optic,93.3
3653-NCRDJ,2,Low,0.0209,43,One year,No,19.2
2193-SFWQW,2,Low,0.0208,72,Two year,Fiber optic,111.95
9541-ZPSEA,2,Low,0.0208,68,Two year,Fiber optic,80.35
5993-BQHEA,2,Low,0.0208,12,One year,No,20.05
7998-WNZEM,2,Low,0.0207,71,Two year,DSL,80.6
1506-YJTYT,2,Low,0.0207,45,Two year,DSL,73.85
8499-BRXTD,2,Low,0.0207,18,One year,No,20.1
7649-PHJVR,2,Low,0.0207,11,One year,No,19.5
8076-FEZKJ,2,Low,0.0207,10,One year,No,19.5
6348-SNFUS,2,Low,0.0206,72,Two year,DSL,55.45
1872-EBWSC,2,Low,0.0206,29,One year,No,20.35
2351-BKRZW,2,Low,0.0206,43,Two year,DSL,75.2
4636-TVXVG,2,Low,0.0205,62,One year,No,19.95
4302-ZYFEL,2,Low,0.0205,69,One year,No,20.55
7161-DFHUF,2,Low,0.0205,71,Two year,No,23.85
3950-VPYJB,2,Low,0.0204,57,One year,DSL,59.6
3120-FAZKD,2,Low,0.0204,54,Two year,No,24.05
2253-KPMNB,2,Low,0.0203,69,Two year,DSL,46.25
1697-LYYYX,2,Low,0.0203,61,One year,No,19.1
0754-EEBDC,2,Low,0.0203,4,Two year,No,19.9
1452-UZOSF,2,Low,0.0202,72,Two year,Fiber optic,106.1
6253-GNHWH,2,Low,0.0201,71,Two year,DSL,71.1
8774-GSBUN,2,Low,0.02,72,Two year,No,25.4
4312-KFRXN,2,Low,0.02,72,Two year,No,25.4
5847-MXBEO,2,Low,0.02,22,One year,No,20.3
1814-WFGVS,2,Low,0.0199,72,Two year,DSL,48.9
9593-CVZKR,2,Low,0.0199,56,Two year,No,24.45
3507-GASNP,2,Low,0.0198,60,Two year,No,19.95
9548-ZMVTX,2,Low,0.0198,72,Two year,Fiber optic,90.45
9178-JHUVJ,2,Low,0.0198,24,Two year,No,24.1
2545-LXYVJ,2,Low,0.0198,72,Two year,No,20.7
5622-UEJFI,2,Low,0.0196,35,Two year,No,25.4
5231-FIQPA,2,Low,0.0196,41,Two year,No,19.85
2908-WGAXL,2,Low,0.0196,56,Two year,No,24.95
2138-VFAPZ,2,Low,0.0195,14,Two year,No,19.7
3396-DKDEL,2,Low,0.0193,70,Two year,Fiber optic,115.15
1167-OYZJF,2,Low,0.0193,67,Two year,No,20.05
8148-WOCMK,2,Low,0.0192,8,Two year,No,19.6
3870-SPZSI,2,Low,0.0192,70,Two year,Fiber optic,113.05
8722-PRFDV,2,Low,0.0192,71,Two year,DSL,77.55
7860-UXCRM,2,Low,0.0191,63,Two year,DSL,74.5
0463-TXOAK,2,Low,0.0191,52,Two year,No,25.6
9624-EGDEQ,2,Low,0.0191,37,Two year,No,19.8
1092-WPIVQ,2,Low,0.019,18,Two year,No,25.1
2256-YLYLP,2,Low,0.019,68,Two year,DSL,72.95
9847-HNVGP,2,Low,0.0189,17,One year,No,19.95
5668-MEISB,2,Low,0.0189,72,Two year,Fiber optic,106.1
7643-RCHXS,2,Low,0.0188,63,Two year,No,19.35
9620-QJREV,2,Low,0.0188,47,One year,No,20.55
2650-GYRYL,2,Low,0.0188,33,One year,No,19.45
9479-HYNYL,2,Low,0.0187,71,Two year,DSL,80.7
6463-HHXJR,2,Low,0.0187,71,Two year,Fiber optic,100.5
3831-YCPUO,2,Low,0.0187,72,Two year,Fiber optic,109.5
9802-CAQUT,2,Low,0.0187,72,Two year,Fiber optic,109.55
7977-HXJKU,2,Low,0.0187,21,Two year,No,19.6
1568-LJSZU,2,Low,0.0186,68,Two year,DSL,92.2
6762-QVYJO,2,Low,0.0186,58,Two year,DSL,59.75
8197-BFWVU,2,Low,0.0183,72,Two year,DSL,93.25
1431-AIDJQ,2,Low,0.0183,33,Two year,DSL,82.1
8597-CTXVJ,2,Low,0.0183,70,One year,DSL,64.95
2314-TNDJQ,2,Low,0.0183,72,Two year,DSL,55.65
5924-SNGKP,2,Low,0.0183,41,One year,No,20.25
1534-OULXE,2,Low,0.0182,61,One year,DSL,49.7
6115-ZTBFQ,2,Low,0.0182,72,Two year,DSL,65.5
3050-RLLXC,2,Low,0.0182,56,Two year,DSL,81.25
8148-NLEGT,2,Low,0.0182,42,Two year,No,22.95
0847-HGRML,2,Low,0.0181,62,Two year,No,20.0
9602-WCXPI,2,Low,0.0181,50,One year,No,20.15
8413-YNHNV,2,Low,0.0181,69,Two year,DSL,90.65
2592-HODOV,2,Low,0.0181,13,One year,No,19.3
5707-ZMDJP,2,Low,0.018,53,Two year,DSL,69.7
4883-KCPZJ,2,Low,0.018,22,Two year,No,25.25
5003-XZWWO,2,Low,0.0179,71,Two year,DSL,84.2
8314-HTWVE,2,Low,0.0179,7,Two year,No,19.85
6546-OPBBH,2,Low,0.0179,51,One year,No,23.95
6010-DDPPW,2,Low,0.0179,70,Two year,No,25.15
1722-LDZJS,2,Low,0.0179,53,One year,No,20.2
3717-FDJFU,2,Low,0.0179,5,Two year,No,20.45
6892-BOGQE,2,Low,0.0179,71,Two year,No,20.9
9055-MOJJJ,2,Low,0.0178,64,One year,DSL,65.8
2808-CHTDM,2,Low,0.0178,23,Two year,No,25.1
7008-LZVOZ,2,Low,0.0178,66,Two year,No,25.3
5171-EPLKN,2,Low,0.0178,27,Two year,No,19.85
2072-ZVJJX,2,Low,0.0178,68,Two year,No,25.25
6479-OAUSD,2,Low,0.0176,25,One year,No,19.9
8735-SDUFN,2,Low,0.0176,72,Two year,No,24.3
3896-ZVNET,2,Low,0.0176,24,Two year,No,24.7
5006-MXVRN,2,Low,0.0175,39,Two year,No,20.7
0123-CRBRT,2,Low,0.0174,61,Two year,DSL,88.1
8100-PNJMH,2,Low,0.0174,68,Two year,DSL,88.85
9534-NSXEM,2,Low,0.0174,26,One year,No,20.65
6258-PVZWJ,2,Low,0.0174,68,Two year,DSL,90.8
2990-IAJSV,2,Low,0.0174,72,Two year,DSL,92.0
3352-RICWQ,2,Low,0.0173,9,Two year,No,19.75
1345-ZUKID,2,Low,0.0173,14,One year,No,19.35
3118-UHVVQ,2,Low,0.0173,68,Two year,No,25.8
8327-WKMIE,2,Low,0.0173,37,One year,No,20.15
3795-CAWEX,2,Low,0.0173,70,Two year,Fiber optic,116.55
2075-PUEPR,2,Low,0.0173,55,Two year,No,19.35
8639-NHQEI,2,Low,0.0172,72,Two year,Fiber optic,95.9
4194-FJARJ,2,Low,0.0171,54,Two year,DSL,60.0
6695-AMZUF,2,Low,0.0171,70,Two year,DSL,86.45
6828-HMKWP,2,Low,0.017,12,Two year,No,21.05
5176-LMJXE,2,Low,0.0169,47,Two year,No,20.55
7369-TRPFD,2,Low,0.0168,19,One year,No,18.8
1494-EJZDW,2,Low,0.0167,10,Two year,No,20.15
9824-QCJPK,2,Low,0.0167,36,One year,No,20.0
4795-UXVCJ,2,Low,0.0167,26,One year,No,19.8
0971-QIFJK,2,Low,0.0167,69,Two year,No,24.25
8292-ITGYJ,2,Low,0.0167,45,Two year,No,24.65
7083-MIOPC,2,Low,0.0166,72,Two year,No,20.25
6518-PPLMZ,2,Low,0.0166,53,Two year,No,19.4
9227-YBAXE,2,Low,0.0166,65,Two year,DSL,82.5
5266-PFRQK,2,Low,0.0165,52,One year,No,20.85
2977-CEBSX,2,Low,0.0165,66,Two year,DSL,90.05
3280-NMUVX,2,Low,0.0165,34,One year,No,19.6
4342-HFXWS,2,Low,0.0165,48,One year,DSL,69.7
7560-QRBXH,2,Low,0.0164,48,One year,No,19.95
1852-QSWCD,2,Low,0.0164,64,Two year,No,24.8
5627-TVBPP,2,Low,0.0163,35,One year,No,20.1
3774-VBNXY,2,Low,0.0163,64,Two year,No,20.2
4475-NVTLU,2,Low,0.0163,45,Two year,No,19.2
7139-JZFVG,2,Low,0.0162,60,Two year,DSL,60.5
7599-NTMDP,2,Low,0.0162,62,Two year,DSL,48.7
3982-JGSFD,2,Low,0.0161,36,One year,No,20.35
8295-KMENE,2,Low,0.0161,59,Two year,DSL,76.45
8265-HKSOW,2,Low,0.0161,72,Two year,Fiber optic,107.45
2122-SZZZD,2,Low,0.016,44,One year,No,19.5
4443-EMBNA,2,Low,0.016,71,Two year,No,24.75
9347-AERRL,2,Low,0.016,23,One year,No,19.3
6551-VLJMV,2,Low,0.016,34,Two year,No,20.05
9067-SQTNS,2,Low,0.016,44,One year,No,20.6
2346-CZYIL,2,Low,0.0159,27,Two year,No,20.35
7153-CHRBV,2,Low,0.0159,57,One year,DSL,59.3
8626-XHBIE,2,Low,0.0159,56,Two year,No,24.8
5647-URDKA,2,Low,0.0159,8,Two year,No,19.7
0902-RFHOF,2,Low,0.0159,38,One year,No,20.1
7695-PKLCZ,2,Low,0.0158,68,Two year,No,20.5
8450-LUGUK,2,Low,0.0158,37,Two year,No,24.1
2984-TBYKU,2,Low,0.0158,72,Two year,Fiber optic,104.9
8969-PRHFK,2,Low,0.0158,18,One year,No,19.65
9888-ZCUMM,2,Low,0.0157,64,Two year,DSL,60.05
6772-WFQRD,2,Low,0.0157,40,One year,No,20.4
5583-EJXRD,2,Low,0.0157,44,Two year,DSL,54.05
3836-FZSDJ,2,Low,0.0156,71,Two year,No,24.85
6855-VLGOS,2,Low,0.0155,72,Two year,No,20.55
7730-CLDSV,2,Low,0.0155,72,Two year,Fiber optic,98.65
6585-WCEWR,2,Low,0.0155,72,Two year,No,20.35
4335-UPJSI,2,Low,0.0154,24,Two year,No,19.75
5057-RKGLH,2,Low,0.0154,9,Two year,No,20.35
5519-TEEUH,2,Low,0.0153,33,One year,No,20.15
7205-BAIAD,2,Low,0.0153,40,Two year,No,20.6
5542-NKVRU,2,Low,0.0153,42,Two year,No,20.75
5380-XPJNZ,2,Low,0.0153,38,One year,No,20.05
0582-AVCLN,2,Low,0.0153,38,Two year,No,20.3
9430-NKQLY,2,Low,0.0153,72,Two year,No,25.1
2595-KIWPV,2,Low,0.0153,27,Two year,No,19.7
4644-OBGFZ,2,Low,0.0152,55,One year,No,19.5
5799-JRCZO,2,Low,0.0152,63,Two year,No,19.5
6823-SIDFQ,2,Low,0.0152,28,One year,No,18.25
4079-WWQQQ,2,Low,0.0152,72,Two year,DSL,65.55
5871-DGTXZ,2,Low,0.0152,32,One year,No,19.8
1468-DEFNC,2,Low,0.0151,64,Two year,No,24.4
4716-MRVEN,2,Low,0.015,29,One year,No,20.0
3230-JCNZS,2,Low,0.015,71,Two year,Fiber optic,99.0
7305-ZWMAJ,2,Low,0.015,30,One year,No,20.7
7463-IFMQU,1,Low,0.0149,72,Two year,No,20.05
1682-VCOIO,1,Low,0.0149,23,One year,No,20.45
4291-TPNFG,1,Low,0.0149,72,Two year,DSL,82.3
7115-IRDHS,1,Low,0.0149,72,Two year,No,24.65
7781-HVGMK,1,Low,0.0149,72,Two year,DSL,65.2
0825-CPPQH,1,Low,0.0148,71,Two year,No,19.1
1498-NHTLT,1,Low,0.0148,59,Two year,DSL,86.75
3129-AAQOU,1,Low,0.0148,19,Two year,No,25.6
8873-TMKGR,1,Low,0.0148,29,One year,No,19.1
7503-EPSZW,1,Low,0.0147,64,Two year,No,24.05
1131-QQZEB,1,Low,0.0147,71,Two year,No,23.95
5067-WJEUN,1,Low,0.0146,67,Two year,DSL,54.2
8015-IHCGW,1,Low,0.0146,72,Two year,Fiber optic,115.5
8022-BECSI,1,Low,0.0146,22,One year,No,19.6
6950-TWMYB,1,Low,0.0145,54,Two year,Fiber optic,79.95
3580-GICBM,1,Low,0.0145,61,Two year,No,24.2
7216-KAOID,1,Low,0.0145,41,One year,No,19.5
1089-XZWHH,1,Low,0.0144,24,Two year,No,19.7
8143-ETQTI,1,Low,0.0144,23,Two year,No,19.65
7096-ZNBZI,1,Low,0.0144,72,Two year,No,26.45
0219-QAERP,1,Low,0.0143,30,One year,No,19.8
1755-FZQEC,1,Low,0.0143,39,One year,No,19.9
2005-DWQZJ,1,Low,0.0142,8,Two year,No,19.05
3967-KXAPS,1,Low,0.0142,72,Two year,DSL,92.3
2749-CTKAJ,1,Low,0.0141,22,One year,No,20.15
2821-WARNZ,1,Low,0.0141,49,One year,No,19.45
9530-GRMJG,1,Low,0.0141,70,Two year,DSL,84.1
4092-OFQZS,1,Low,0.0141,20,One year,No,20.65
8434-VGEQQ,1,Low,0.014,61,Two year,No,20.55
8237-ULIXL,1,Low,0.014,72,Two year,No,24.85
8999-EXMNO,1,Low,0.0139,19,Two year,No,20.15
0071-NDAFP,1,Low,0.0139,25,Two year,No,25.5
4625-LAMOB,1,Low,0.0138,44,Two year,No,20.4
4293-ETKAP,1,Low,0.0137,65,Two year,DSL,79.4
3978-YNKDD,1,Low,0.0137,19,Two year,No,20.85
2804-ETQDK,1,Low,0.0137,66,Two year,No,20.55
5010-IPEAQ,1,Low,0.0136,67,Two year,DSL,54.2
3563-SVYLG,1,Low,0.0136,68,Two year,DSL,62.65
1401-FTHFQ,1,Low,0.0135,23,One year,No,20.0
2535-PBCGC,1,Low,0.0135,70,Two year,DSL,64.55
7480-SPLEF,1,Low,0.0134,69,Two year,No,26.0
9127-FHJBZ,1,Low,0.0133,72,Two year,Fiber optic,114.0
5774-QPLTF,1,Low,0.0133,50,One year,No,20.35
3084-DOWLE,1,Low,0.0133,72,Two year,DSL,92.0
8807-OPMBM,1,Low,0.0133,55,Two year,No,25.65
5322-ZSMZY,1,Low,0.0132,31,Two year,No,25.75
2300-RQGOI,1,Low,0.0131,38,Two year,No,20.05
8917-FAEMR,1,Low,0.0131,37,Two year,No,19.85
0704-VCUMB,1,Low,0.013,61,Two year,No,20.25
1209-VFFOC,1,Low,0.013,68,Two year,DSL,56.4
0784-ZQJZX,1,Low,0.013,72,Two year,No,19.9
2229-DPMBI,1,Low,0.0129,8,Two year,No,19.5
7873-CVMAW,1,Low,0.0129,72,Two year,DSL,88.55
7026-YMSBE,1,Low,0.0129,30,One year,No,19.7
9297-EONCV,1,Low,0.0129,72,Two year,DSL,91.35
6898-RBTLU,1,Low,0.0128,49,Two year,DSL,79.3
0936-NQLJU,1,Low,0.0128,41,Two year,No,20.65
2169-RRLFW,1,Low,0.0127,71,Two year,No,25.6
2569-WGERO,1,Low,0.0127,72,Two year,No,21.15
4735-BJKOU,1,Low,0.0126,40,Two year,No,20.15
1172-VIYBP,1,Low,0.0126,53,Two year,DSL,69.7
3967-VQOGC,1,Low,0.0126,67,Two year,No,24.9
5115-GZDEL,1,Low,0.0125,72,Two year,DSL,67.2
9710-NJERN,1,Low,0.0124,39,Two year,No,20.15
3745-HRPHI,1,Low,0.0123,66,Two year,DSL,54.65
2661-GKBTK,1,Low,0.0122,60,Two year,DSL,76.95
1757-TCATG,1,Low,0.0122,35,One year,No,20.05
7569-NMZYQ,1,Low,0.0122,72,Two year,Fiber optic,118.75
1269-FOYWN,1,Low,0.0122,44,One year,No,20.0
3544-FBCAS,1,Low,0.0122,72,Two year,DSL,83.6
2788-CJQAQ,1,Low,0.0122,13,One year,No,19.45
0654-PQKDW,1,Low,0.0121,62,One year,DSL,70.75
5214-CHIWJ,1,Low,0.012,27,One year,No,20.3
9337-SRRNI,1,Low,0.012,66,Two year,No,25.3
1764-VUUMT,1,Low,0.012,66,Two year,No,19.95
5248-RPYWW,1,Low,0.012,72,Two year,DSL,90.15
2892-GESUL,1,Low,0.0119,18,Two year,No,19.35
5751-USDBL,1,Low,0.0119,46,Two year,DSL,81.0
3486-HOOGQ,1,Low,0.0117,70,Two year,DSL,79.7
9845-QOMAD,1,Low,0.0116,14,One year,No,19.75
8514-VZHEB,1,Low,0.0116,59,Two year,No,19.5
4323-ELYYB,1,Low,0.0116,13,One year,No,20.0
6485-QXWWE,1,Low,0.0116,62,Two year,No,26.0
8896-RAZCR,1,Low,0.0116,44,Two year,No,19.9
3985-HOYPM,1,Low,0.0115,26,One year,No,19.4
1561-BWHIN,1,Low,0.0114,19,One year,No,19.8
8748-HFWBO,1,Low,0.0114,19,One year,No,19.9
0562-FGDCR,1,Low,0.0113,72,Two year,DSL,74.55
8404-VIOMB,1,Low,0.0113,66,Two year,DSL,62.5
6024-RUGGH,1,Low,0.0112,72,Two year,No,25.2
4891-NLUBA,1,Low,0.0112,61,Two year,DSL,61.45
8779-YIQQA,1,Low,0.0112,21,One year,No,19.8
5320-BRKGK,1,Low,0.0112,58,Two year,DSL,75.8
5893-KCLGT,1,Low,0.0112,72,Two year,No,19.75
4139-DETXS,1,Low,0.0112,72,Two year,DSL,64.45
5474-LAMUQ,1,Low,0.0111,24,One year,No,20.1
1843-TLSGD,1,Low,0.0111,13,Two year,No,20.85
8402-OOOHJ,1,Low,0.0111,41,Two year,No,20.65
5939-SXWHM,1,Low,0.0111,48,Two year,No,26.3
2481-SBOYW,1,Low,0.011,61,Two year,No,25.0
8957-THMOA,1,Low,0.011,50,Two year,No,20.15
3097-FQTVJ,1,Low,0.011,41,Two year,No,20.0
9135-MGVPY,1,Low,0.011,69,Two year,DSL,84.7
7164-BPTUT,1,Low,0.011,57,Two year,DSL,89.55
1027-LKKQQ,1,Low,0.0109,72,Two year,DSL,80.45
3779-OSWCF,1,Low,0.0109,71,Two year,DSL,93.2
1987-AUELQ,1,Low,0.0109,71,Two year,No,25.05
5016-LIPDW,1,Low,0.0108,57,One year,No,19.4
1306-RPWXZ,1,Low,0.0108,49,Two year,No,20.45
4836-WNFNO,1,Low,0.0108,72,Two year,No,25.0
9801-NOSHQ,1,Low,0.0107,23,One year,No,19.8
7018-FPXHH,1,Low,0.0107,56,Two year,DSL,59.8
4900-MSOMT,1,Low,0.0106,72,Two year,DSL,80.2
1775-KWJKQ,1,Low,0.0105,72,Two year,DSL,89.85
9650-VBUOG,1,Low,0.0104,38,Two year,No,25.05
6060-QBMGV,1,Low,0.0104,70,Two year,No,19.85
8966-KZXXA,1,Low,0.0104,36,Two year,No,25.1
0224-NIJLP,1,Low,0.0104,8,Two year,No,20.15
3913-FCUUW,1,Low,0.0104,72,Two year,DSL,70.45
3810-DVDQQ,1,Low,0.0103,72,Two year,Fiber optic,117.6
3498-LZGQZ,1,Low,0.0103,63,Two year,No,19.15
3460-TJBWI,1,Low,0.0103,24,Two year,No,24.2
5859-HZYLF,1,Low,0.0102,26,Two year,No,19.15
4231-LZUYM,1,Low,0.0102,72,Two year,No,25.65
3726-TBHQT,1,Low,0.0101,71,Two year,Fiber optic,114.0
1272-ILHFG,1,Low,0.0101,15,One year,No,19.65
9242-TKFSV,1,Low,0.01,72,Two year,DSL,65.1
8008-OTEZX,1,Low,0.01,35,One year,No,19.65
0270-THENM,1,Low,0.01,72,Two year,DSL,69.85
5480-XTFFL,1,Low,0.0098,31,Two year,No,21.0
1699-TLDLZ,1,Low,0.0097,16,Two year,No,19.7
6527-PZFPV,1,Low,0.0097,24,One year,No,20.8
7101-HRBLJ,1,Low,0.0097,72,Two year,DSL,83.7
0206-OYVOC,1,Low,0.0097,46,Two year,No,19.25
9585-KKMFD,1,Low,0.0097,41,Two year,No,20.0
4487-ZYJZK,1,Low,0.0096,38,One year,No,19.6
4589-IUAJB,1,Low,0.0095,70,Two year,No,24.25
9950-MTGYX,1,Low,0.0094,28,Two year,No,20.3
9786-YWNHU,1,Low,0.0094,63,Two year,DSL,63.55
4804-NCPET,1,Low,0.0094,19,Two year,No,20.2
2223-GDSHL,1,Low,0.0094,71,Two year,Fiber optic,116.05
1227-UDMZR,1,Low,0.0093,72,Two year,DSL,91.15
9114-DPSIA,1,Low,0.0093,72,Two year,DSL,81.0
4896-CPRPF,1,Low,0.0092,35,Two year,No,25.45
5275-PMFUT,1,Low,0.0091,72,Two year,DSL,64.8
9453-PATOS,1,Low,0.0091,72,Two year,DSL,85.1
1971-DTCZB,1,Low,0.0091,72,Two year,DSL,90.95
1088-AUUZZ,1,Low,0.0091,56,Two year,DSL,75.85
8067-NIOYM,1,Low,0.009,24,Two year,No,21.1
0988-AADSA,1,Low,0.0089,72,Two year,DSL,80.85
7473-ZBDSN,1,Low,0.0089,14,Two year,No,18.8
0744-BIKKF,1,Low,0.0088,72,Two year,DSL,86.65
3359-DSRKA,1,Low,0.0088,58,Two year,No,19.85
5849-ASHZJ,1,Low,0.0088,27,One year,No,20.05
9424-CMPOG,1,Low,0.0087,9,Two year,No,19.6
7113-HIPFI,1,Low,0.0087,66,Two year,DSL,65.85
7321-KKSDU,1,Low,0.0086,32,Two year,No,20.5
5766-FTRTS,1,Low,0.0086,72,Two year,DSL,84.45
9435-JMLSX,1,Low,0.0086,71,Two year,DSL,86.1
3724-BSCVH,1,Low,0.0086,10,One year,No,20.45
7398-HPYZQ,1,Low,0.0085,71,Two year,DSL,90.55
6696-YDAYZ,1,Low,0.0085,16,Two year,No,20.5
9503-XJUME,1,Low,0.0084,52,One year,No,19.65
9739-JLPQJ,1,Low,0.0084,72,Two year,Fiber optic,117.5
9385-EHGDO,1,Low,0.0084,35,Two year,No,19.85
1223-UNPKS,1,Low,0.0083,20,Two year,No,20.05
3088-FVYWK,1,Low,0.0083,53,Two year,No,25.55
6013-BHCAW,1,Low,0.0083,61,Two year,DSL,81.0
7306-YDSOI,1,Low,0.0083,69,Two year,DSL,59.75
8755-OGKNA,1,Low,0.0083,57,Two year,No,19.5
0506-YLVKJ,1,Low,0.0083,46,Two year,No,20.2
5296-BFCYD,1,Low,0.0083,46,Two year,No,20.1
1934-MKPXS,1,Low,0.0082,33,One year,No,20.1
5322-TEUJK,1,Low,0.0082,71,Two year,Fiber optic,114.6
8908-NMQTX,1,Low,0.0082,72,Two year,DSL,65.6
8670-MEFCP,1,Low,0.0082,36,Two year,DSL,92.9
7608-RGIRO,1,Low,0.0082,62,Two year,No,24.4
5846-ABOBJ,1,Low,0.0081,71,Two year,No,24.45
7162-WPHPM,1,Low,0.0081,58,Two year,DSL,71.6
9153-BTBVV,1,Low,0.008,71,Two year,No,25.0
5879-HMFFH,1,Low,0.008,72,Two year,DSL,88.05
0531-XBKMM,1,Low,0.008,66,Two year,DSL,65.7
2160-GPFXD,1,Low,0.0079,54,Two year,DSL,65.65
9823-EALYC,1,Low,0.0079,72,Two year,DSL,80.85
5968-HYJRZ,1,Low,0.0078,47,Two year,No,24.55
9565-AXSMR,1,Low,0.0078,52,Two year,No,19.2
1207-BLKSA,1,Low,0.0078,52,Two year,No,23.05
8874-EJNSR,1,Low,0.0078,39,Two year,No,25.2
8590-OHDIW,1,Low,0.0077,38,One year,No,20.3
1488-PBLJN,1,Low,0.0076,72,Two year,Fiber optic,116.85
3472-QPRCH,1,Low,0.0076,40,Two year,No,25.25
0774-RMNUW,1,Low,0.0075,71,Two year,DSL,59.7
6461-SZMCV,1,Low,0.0075,71,Two year,DSL,87.95
2799-TSLAG,1,Low,0.0074,65,Two year,No,25.3
4742-TXUEX,1,Low,0.0074,47,Two year,No,19.3
4625-XMOYM,1,Low,0.0074,72,Two year,No,26.25
8577-QSOCG,1,Low,0.0074,38,Two year,No,20.2
6007-TCTST,1,Low,0.0074,72,Two year,Fiber optic,115.8
3070-FNFZQ,1,Low,0.0074,23,Two year,No,20.4
1403-LKLIK,1,Low,0.0074,33,One year,No,20.1
0485-ZBSLN,1,Low,0.0073,65,Two year,No,24.75
9418-RUKPH,1,Low,0.0073,38,Two year,No,19.95
8711-LOBKY,1,Low,0.0072,59,Two year,No,19.85
3373-DIUUN,1,Low,0.0072,30,Two year,No,21.25
6897-RWMUB,1,Low,0.0071,61,Two year,DSL,68.05
5220-AGAAX,1,Low,0.0071,68,Two year,No,24.0
8285-ABVLB,1,Low,0.0071,70,Two year,No,19.85
8645-KOMJQ,1,Low,0.0071,69,Two year,DSL,81.95
2040-XBAVJ,1,Low,0.0071,72,Two year,Fiber optic,114.45
8129-GMVGI,1,Low,0.0071,56,Two year,No,20.05
8207-DMRVL,1,Low,0.0071,72,Two year,Fiber optic,114.55
7558-IMLMT,1,Low,0.0071,67,Two year,No,20.8
7408-OFWXJ,1,Low,0.007,72,Two year,DSL,89.8
4641-FROLU,1,Low,0.007,30,Two year,No,19.3
9258-CNWAC,1,Low,0.0069,71,Two year,Fiber optic,113.65
0613-WUXUM,1,Low,0.0068,70,Two year,No,19.2
5997-OPVFA,1,Low,0.0068,72,Two year,DSL,89.05
5980-BDHPY,1,Low,0.0068,72,Two year,DSL,87.1
2207-RYYRL,1,Low,0.0068,52,Two year,No,24.55
5465-BUBFA,1,Low,0.0067,41,Two year,No,19.3
7579-KKLOE,1,Low,0.0067,71,Two year,DSL,91.25
4967-WPNCF,1,Low,0.0066,72,Two year,DSL,63.7
8606-CIQUL,1,Low,0.0066,72,Two year,Fiber optic,115.75
8219-VYBVI,1,Low,0.0065,39,Two year,No,25.0
9488-FVZCC,1,Low,0.0065,72,Two year,DSL,79.5
4973-MGTON,1,Low,0.0065,71,Two year,DSL,84.4
2885-HIJDH,1,Low,0.0064,69,Two year,DSL,86.9
2194-IIQOF,1,Low,0.0063,71,Two year,DSL,89.3
0486-LGCCH,1,Low,0.0063,11,Two year,No,19.65
8727-JQFHV,1,Low,0.0063,57,Two year,No,20.75
6885-PKOAM,1,Low,0.0063,71,Two year,DSL,85.75
1166-PQLGG,1,Low,0.0063,72,Two year,No,19.55
2511-ALLCS,1,Low,0.0062,35,Two year,No,24.3
6859-QNXIQ,1,Low,0.0062,72,Two year,Fiber optic,113.1
8780-IHCRN,1,Low,0.0062,63,Two year,No,24.65
2400-FEQME,1,Low,0.0061,55,Two year,No,20.5
4632-PAOYU,1,Low,0.0061,22,One year,No,19.95
5248-YGIJN,1,Low,0.0061,72,Two year,DSL,90.25
6701-YVNQG,1,Low,0.0061,72,Two year,DSL,88.7
3769-MHZNV,1,Low,0.006,33,Two year,No,20.1
8380-MQINP,1,Low,0.006,55,Two year,No,20.3
9778-OGKQZ,1,Low,0.0059,72,Two year,DSL,92.0
1951-IEYXM,1,Low,0.0059,72,Two year,DSL,90.6
0675-NCDYU,1,Low,0.0058,72,Two year,Fiber optic,116.4
6963-KQYQB,1,Low,0.0058,70,Two year,No,24.05
9365-CSLBQ,1,Low,0.0058,71,Two year,No,24.35
3258-ZKPAI,1,Low,0.0057,72,Two year,Fiber optic,116.6
5115-SQAAU,1,Low,0.0057,69,Two year,No,25.6
2266-FUBDZ,1,Low,0.0057,15,Two year,No,19.35
7293-LSCDV,1,Low,0.0057,60,Two year,No,19.25
4955-VCWBI,1,Low,0.0056,43,One year,No,20.0
0854-UYHZD,1,Low,0.0056,13,Two year,No,19.55
5549-ZGHFB,1,Low,0.0056,50,Two year,No,24.95
7729-XBTWX,1,Low,0.0055,66,Two year,No,19.75
1352-HNSAW,1,Low,0.0055,72,Two year,Fiber optic,115.6
8922-NPKBJ,1,Low,0.0055,42,Two year,No,19.35
4534-WGCIR,1,Low,0.0055,58,Two year,No,25.15
3620-EHIMZ,1,Low,0.0054,52,Two year,No,19.35
4962-CHQPW,1,Low,0.0054,29,One year,No,19.85
9173-IVZVP,1,Low,0.0054,53,Two year,No,20.9
7647-GYYKX,1,Low,0.0053,54,Two year,No,20.35
1248-DYXUB,1,Low,0.0053,52,Two year,No,24.8
0017-IUDMW,1,Low,0.0053,72,Two year,Fiber optic,116.8
7033-CLAMM,1,Low,0.0053,48,Two year,No,20.2
9938-PRCVK,1,Low,0.0053,41,Two year,No,19.7
2230-XTUWL,1,Low,0.0053,48,Two year,No,19.55
2626-VEEWG,1,Low,0.0053,67,Two year,No,19.4
0394-YONDK,1,Low,0.0052,70,Two year,No,25.15
9348-ROUAI,1,Low,0.0052,59,Two year,DSL,90.3
3777-XROBG,1,Low,0.0052,58,Two year,No,19.55
4779-ZGICK,1,Low,0.0051,48,Two year,No,23.55
9224-VTYID,1,Low,0.0051,47,Two year,DSL,90.5
2888-ADFAO,1,Low,0.0051,47,Two year,No,21.3
2211-RMNHO,1,Low,0.0051,68,Two year,DSL,85.3
4635-EJYPD,0,Low,0.005,32,Two year,No,18.95
1820-DJFPH,0,Low,0.005,72,Two year,No,24.05
9838-BFCQT,0,Low,0.005,72,Two year,No,26.1
6651-RLGGM,0,Low,0.005,67,Two year,No,26.3
2418-TPEUN,0,Low,0.0049,56,Two year,No,19.8
4979-HPRFL,0,Low,0.0049,56,Two year,No,24.15
9972-EWRJS,0,Low,0.0048,67,Two year,No,19.25
7696-CFTAT,0,Low,0.0047,37,Two year,No,19.8
5442-PPTJY,0,Low,0.0046,12,Two year,No,19.7
8532-UEFWH,0,Low,0.0046,52,Two year,No,25.75
2404-JIBFC,0,Low,0.0046,55,Two year,DSL,85.1
2725-TTRIQ,0,Low,0.0046,72,Two year,DSL,84.2
6169-PPETC,0,Low,0.0045,35,Two year,No,20.5
7632-YUTXB,0,Low,0.0045,25,One year,No,20.05
3262-EIDHV,0,Low,0.0045,72,Two year,DSL,84.7
2208-NKVVH,0,Low,0.0045,43,Two year,No,24.25
1098-KFQEC,0,Low,0.0045,55,Two year,No,19.4
2007-QVGAW,0,Low,0.0044,68,Two year,No,19.35
0040-HALCW,0,Low,0.0044,54,Two year,No,20.4
9371-BITHB,0,Low,0.0044,52,Two year,No,19.85
3190-ITQXP,0,Low,0.0043,46,Two year,No,20.25
0769-MURVM,0,Low,0.0043,72,Two year,DSL,65.7
3996-ZNWYK,0,Low,0.0042,71,Two year,No,19.8
7850-THJMU,0,Low,0.0042,26,Two year,No,19.65
0386-CWRGM,0,Low,0.0042,46,Two year,No,19.4
2819-GWENI,0,Low,0.0041,28,One year,No,19.9
5346-BZCHP,0,Low,0.0041,69,Two year,No,19.4
8194-PEEBY,0,Low,0.0041,24,One year,No,19.9
6685-XSHHU,0,Low,0.0041,60,Two year,No,20.95
8249-THVEC,0,Low,0.0041,51,One year,No,19.4
6181-AXXYF,0,Low,0.004,72,Two year,No,24.75
0508-SQWPL,0,Low,0.004,57,Two year,No,20.1
4652-ODEVH,0,Low,0.004,45,Two year,No,24.45
9257-AZMTZ,0,Low,0.004,52,Two year,No,20.1
2181-TIDSV,0,Low,0.004,68,Two year,No,19.95
6248-BSHKG,0,Low,0.004,61,One year,No,20.4
2642-MAWLJ,0,Low,0.004,36,Two year,No,20.25
2718-YSKCS,0,Low,0.0039,71,Two year,No,19.6
7267-FRMJW,0,Low,0.0039,25,Two year,No,20.1
1591-XWLGB,0,Low,0.0038,71,Two year,No,19.85
7268-WNTCP,0,Low,0.0038,62,Two year,No,20.45
4277-BWBML,0,Low,0.0038,72,Two year,No,19.95
1927-QEWMY,0,Low,0.0038,72,Two year,No,20.5
2607-DHDAK,0,Low,0.0037,72,Two year,No,19.8
5793-YOLJN,0,Low,0.0037,55,Two year,No,21.0
6734-JDTTV,0,Low,0.0037,65,Two year,No,19.85
9392-XBGTD,0,Low,0.0036,27,Two year,No,20.6
0794-YVSGE,0,Low,0.0036,72,Two year,No,20.3
3678-MNGZX,0,Low,0.0036,68,Two year,No,19.95
9068-FHQHD,0,Low,0.0036,40,Two year,No,20.15
0902-XKXPN,0,Low,0.0036,69,Two year,No,20.2
6770-UAYGJ,0,Low,0.0036,49,Two year,No,25.25
2050-ONYDQ,0,Low,0.0036,65,Two year,No,26.0
5377-NDTOU,0,Low,0.0036,71,Two year,DSL,91.05
9537-JALFH,0,Low,0.0036,69,Two year,No,19.9
1555-HAPSU,0,Low,0.0035,71,Two year,No,23.9
1293-BSEUN,0,Low,0.0035,72,Two year,No,20.7
1270-XKUCC,0,Low,0.0034,30,Two year,No,19.7
0562-HKHML,0,Low,0.0034,71,Two year,No,23.9
6976-BWGLQ,0,Low,0.0034,72,Two year,No,25.2
7010-BRBUU,0,Low,0.0034,72,Two year,No,24.1
9135-HSWOC,0,Low,0.0034,64,Two year,No,19.7
2208-MPXIO,0,Low,0.0034,45,Two year,No,20.0
6285-FTQBF,0,Low,0.0033,72,Two year,No,25.55
0266-GMEAO,0,Low,0.0033,72,Two year,Fiber optic,114.3
8690-ZVLCL,0,Low,0.0033,68,Two year,DSL,88.0
0174-QRVVY,0,Low,0.0033,71,Two year,No,25.35
6923-AQONU,0,Low,0.0032,23,Two year,No,20.9
0301-FIDRB,0,Low,0.0032,72,Two year,DSL,63.8
6656-GULJQ,0,Low,0.0032,72,Two year,DSL,83.55
8043-PNYSD,0,Low,0.0031,63,Two year,No,19.55
4827-DPADN,0,Low,0.0031,72,Two year,DSL,83.3
0603-TPMIB,0,Low,0.0031,59,Two year,No,25.45
6997-UVGOX,0,Low,0.0031,71,Two year,DSL,85.45
6857-TKDJV,0,Low,0.003,67,Two year,No,24.65
3227-WLKLI,0,Low,0.003,65,Two year,DSL,91.55
8165-ZJRNM,0,Low,0.003,72,Two year,No,23.75
3892-NXAZG,0,Low,0.003,72,Two year,Fiber optic,114.05
1299-AURJA,0,Low,0.003,70,Two year,No,24.7
3520-FJGCV,0,Low,0.003,72,Two year,Fiber optic,112.6
0640-YJTPY,0,Low,0.0029,72,Two year,No,21.0
7980-MHFLQ,0,Low,0.0029,72,Two year,No,24.9
0464-WJTKO,0,Low,0.0028,72,Two year,No,20.1
7717-BICXI,0,Low,0.0028,60,Two year,No,20.55
0264-CNITK,0,Low,0.0028,71,Two year,No,20.1
1839-FBNFR,0,Low,0.0027,39,Two year,No,19.85
1399-OUPJN,0,Low,0.0027,57,Two year,No,19.75
5845-BZZIB,0,Low,0.0026,35,Two year,No,20.1
4193-IBKSW,0,Low,0.0026,72,Two year,No,24.75
0480-KYJVA,0,Low,0.0026,72,Two year,No,24.25
6582-PLFUU,0,Low,0.0026,51,Two year,No,19.55
0042-RLHYP,0,Low,0.0025,69,Two year,No,19.7
8946-BFWSG,0,Low,0.0025,63,Two year,No,25.25
5854-KSRBJ,0,Low,0.0025,70,Two year,No,25.4
8164-OCKUJ,0,Low,0.0025,59,Two year,No,20.6
3810-PJUHR,0,Low,0.0025,70,Two year,No,25.35
7225-IILWY,0,Low,0.0025,68,Two year,No,25.75
0402-OAMEN,0,Low,0.0024,72,Two year,No,24.45
0625-AFOHS,0,Low,0.0023,29,Two year,No,20.2
1574-DYCWE,0,Low,0.0023,51,Two year,No,19.95
6479-VDGRK,0,Low,0.0022,72,Two year,DSL,85.3
4821-WQOYN,0,Low,0.0021,72,Two year,No,20.1
0016-QLJIS,0,Low,0.0021,65,Two year,DSL,90.45
8750-QWZAJ,0,Low,0.0021,70,Two year,No,19.8
0238-WHBIQ,0,Low,0.002,72,Two year,DSL,89.7
9443-JUBUO,0,Low,0.002,72,Two year,DSL,65.25
2925-VDZHY,0,Low,0.002,72,Two year,DSL,88.7
2378-YIZKA,0,Low,0.0019,68,Two year,DSL,85.0
5360-XGYAZ,0,Low,0.0019,72,Two year,DSL,65.65
4609-KNNWG,0,Low,0.0019,27,Two year,No,19.9
8173-RXAYP,0,Low,0.0019,24,Two year,No,19.7
0969-RGKCU,0,Low,0.0018,37,One year,No,19.8
0730-BGQGF,0,Low,0.0018,71,Two year,DSL,90.3
3279-DYZQM,0,Low,0.0018,71,Two year,No,19.45
7634-HLQJR,0,Low,0.0018,47,Two year,No,20.05
8917-SZTTJ,0,Low,0.0018,60,Two year,No,19.65
4674-HGNUA,0,Low,0.0018,71,Two year,DSL,89.9
0244-LGNFY,0,Low,0.0018,72,Two year,DSL,92.65
6619-RPLQZ,0,Low,0.0017,45,Two year,No,20.85
9489-JMTTN,0,Low,0.0017,72,Two year,DSL,89.75
3569-JFODW,0,Low,0.0017,72,Two year,DSL,90.95
9081-WWXKP,0,Low,0.0017,47,Two year,No,20.25
5902-WBLSE,0,Low,0.0017,70,Two year,No,20.15
1106-HRLKZ,0,Low,0.0016,40,Two year,No,19.6
7601-GNDYK,0,Low,0.0016,35,Two year,No,19.6
0363-SVHYR,0,Low,0.0015,71,Two year,DSL,86.85
7711-GQBZC,0,Low,0.0015,71,Two year,No,24.7
3261-CQXOL,0,Low,0.0015,71,Two year,No,25.45
5884-FBCTL,0,Low,0.0015,72,Two year,No,25.1
5804-JMYIO,0,Low,0.0015,39,Two year,No,19.75
2729-VNVAP,0,Low,0.0015,33,Two year,No,19.8
1709-EJDOX,0,Low,0.0015,47,Two year,No,19.75
9625-RZFUK,0,Low,0.0015,63,Two year,No,19.7
9251-AWQGT,0,Low,0.0015,48,Two year,No,20.0
9574-BOSMD,0,Low,0.0015,68,Two year,No,25.4
8215-NGSPE,0,Low,0.0015,42,Two year,No,20.0
7328-ZJAJO,0,Low,0.0014,59,Two year,No,19.5
0354-VXMJC,0,Low,0.0013,23,Two year,No,19.6
6479-SZPLM,0,Low,0.0012,36,Two year,No,19.45
9975-GPKZU,0,Low,0.0012,46,Two year,No,19.75
6365-HITVU,0,Low,0.0011,71,Two year,DSL,87.25
8229-BUJHX,0,Low,0.0011,71,Two year,No,20.5
0962-CQPWQ,0,Low,0.0011,62,Two year,No,20.3
7684-XSZIY,0,Low,0.0011,72,Two year,No,24.3
6340-DACFT,0,Low,0.0011,50,Two year,No,20.55
4195-PNGZS,0,Low,0.0011,69,Two year,No,24.45
0831-JNISG,0,Low,0.0011,71,Two year,No,19.8
3642-BYHDO,0,Low,0.0011,71,Two year,No,19.9
4817-KEQSP,0,Low,0.0011,71,Two year,No,19.85
7673-BQGKU,0,Low,0.0011,69,Two year,No,20.15
6980-IMXXE,0,Low,0.0011,69,Two year,No,20.2
9415-ZNBSX,0,Low,0.0011,70,Two year,DSL,89.0
6369-MCAKO,0,Low,0.0011,68,Two year,DSL,89.05
3457-PQBYH,0,Low,0.001,58,Two year,No,20.3
6408-WHTEF,0,Low,0.001,72,Two year,DSL,89.4
4718-WXBGI,0,Low,0.001,72,Two year,DSL,91.95
4077-HWUYD,0,Low,0.001,72,Two year,DSL,87.55
8224-KDLKN,0,Low,0.001,72,Two year,No,25.0
2346-LOCWC,0,Low,0.001,58,Two year,No,20.5
5970-GHJAW,0,Low,0.001,46,Two year,No,19.95
3451-VAWLI,0,Low,0.001,35,Two year,No,19.7
5727-MYATE,0,Low,0.001,72,Two year,DSL,90.8
6762-NSODU,0,Low,0.0009,46,Two year,No,19.4
5117-ZSMHQ,0,Low,0.0009,71,Two year,DSL,89.9
5242-UOWHD,0,Low,0.0008,45,Two year,No,20.35
6122-LJADA,0,Low,0.0008,70,Two year,DSL,90.15
4878-BUNFV,0,Low,0.0008,42,Two year,No,20.7
1830-IPXVJ,0,Low,0.0007,61,Two year,No,19.75
1834-WULEG,0,Low,0.0007,24,One year,No,20.25
1897-OKVMW,0,Low,0.0007,64,Two year,DSL,90.6
4086-WITJG,0,Low,0.0005,71,Two year,No,19.7
2236-HILPA,0,Low,0.0005,62,Two year,No,20.65
7064-JHXCE,0,Low,0.0005,62,Two year,No,20.05
4518-FZBSX,0,Low,0.0004,42,One year,No,20.25
4957-SREEC,0,Low,0.0004,70,Two year,No,20.35
6621-NRZAK,0,Low,0.0004,63,Two year,No,20.0
8902-ZEOVF,0,Low,0.0004,47,One year,No,20.05
7876-DNYAP,0,Low,0.0002,69,Two year,No,19.8
1403-GYAFU,0,Low,0.0002,70,Two year,No,20.05
3173-WSSUE,0,Low,0.0002,71,Two year,No,19.7
9800-OUIGR,0,Low,0.0002,66,Two year,No,20.0
6928-ONTRW,0,Low,0.0002,72,Two year,No,19.7
1052-QJIBV,0,Low,0.0002,71,Two year,No,19.9
3508-VLHCZ,0,Low,0.0001,71,Two year,DSL,90.55
