CustomerID,risk_score,risk_band,churn_probability,Tenure Months,Contract,Internet Service,Monthly Charges,recommended_actions
4912-PIGUY,94,High,0.9361,1,Month-to-month,Fiber optic,84.6,Offer a term contract; Add Online Security (incentive)
2545-EBUPK,93,High,0.931,2,Month-to-month,Fiber optic,84.05,Offer a term contract; Add Online Security (incentive)
7439-DKZTW,93,High,0.93,1,Month-to-month,Fiber optic,80.55,Offer a term contract; Add Online Security (incentive)
7577-SWIFR,93,High,0.93,1,Month-to-month,Fiber optic,89.25,Offer a term contract; Add Online Security (incentive)
1452-VOQCH,93,High,0.9278,1,Month-to-month,Fiber optic,75.1,Offer a term contract; Add Online Security (incentive)
5542-TBBWB,92,High,0.924,1,Month-to-month,Fiber optic,69.9,Offer a term contract; Add Online Security (incentive)
5150-ITWWB,92,High,0.9238,3,Month-to-month,Fiber optic,94.85,Offer a term contract; Add Online Security (incentive)
0021-IKXGC,92,High,0.9235,1,Month-to-month,Fiber optic,72.1,Offer a term contract; Add Online Security (incentive)
4927-WWOOZ,92,High,0.9218,2,Month-to-month,Fiber optic,91.45,Offer a term contract; Add Online Security (incentive)
3878-AVSOQ,92,High,0.9203,1,Month-to-month,Fiber optic,71.25,Offer a term contract; Add Online Security (incentive)
5043-TRZWM,92,High,0.9187,1,Month-to-month,Fiber optic,75.55,Offer a term contract; Add Online Security (incentive)
8775-ERLNB,91,High,0.913,1,Month-to-month,Fiber optic,74.3,Offer a term contract; Add Online Security (incentive)
7465-ZZRVX,91,High,0.9107,1,Month-to-month,Fiber optic,70.35,Offer a term contract; Add Online Security (incentive)
1640-PLFMP,91,High,0.9094,1,Month-to-month,Fiber optic,70.25,Offer a term contract; Add Online Security (incentive)
6350-XFYGW,91,High,0.9078,4,Month-to-month,Fiber optic,94.75,Offer a term contract; Add Online Security (incentive)
1628-BIZYP,91,High,0.9067,1,Month-to-month,Fiber optic,85.0,Offer a term contract; Add Online Security (incentive)
8739-XNIKG,91,High,0.9066,5,Month-to-month,Fiber optic,84.0,Offer a term contract; Add Online Security (incentive)
9603-OAIHC,91,High,0.9063,1,Month-to-month,Fiber optic,70.05,Offer a term contract; Add Online Security (incentive)
9605-WGJVW,90,High,0.9022,1,Month-to-month,Fiber optic,70.2,Offer a term contract; Add Online Security (incentive)
5032-MIYKT,90,High,0.9011,1,Month-to-month,Fiber optic,70.7,Offer a term contract; Add Online Security (incentive)
7398-SKNQZ,90,High,0.9003,3,Month-to-month,Fiber optic,94.9,Offer a term contract; Add Online Security (incentive)
8040-MNRTF,90,High,0.9,1,Month-to-month,Fiber optic,71.1,Offer a term contract; Add Online Security (incentive)
3318-NMQXL,90,High,0.8994,3,Month-to-month,Fiber optic,92.0,Offer a term contract; Add Online Security (incentive)
2254-DLXRI,90,High,0.8971,1,Month-to-month,Fiber optic,79.15,Offer a term contract; Add Online Security (incentive)
4234-XTNEA,90,High,0.8965,2,Month-to-month,Fiber optic,79.95,Offer a term contract; Add Online Security (incentive)
4929-XIHVW,90,High,0.8964,2,Month-to-month,Fiber optic,95.5,Offer a term contract; Add Online Security (incentive)
6630-UJZMY,90,High,0.8957,4,Month-to-month,Fiber optic,83.25,Offer a term contract; Add Online Security (incentive)
2789-HQBOU,89,High,0.8931,3,Month-to-month,Fiber optic,80.35,Offer a term contract; Add Online Security (incentive)
9617-INGJY,89,High,0.8919,1,Month-to-month,Fiber optic,70.6,Offer a term contract; Add Online Security (incentive)
4749-OJKQU,89,High,0.8918,4,Month-to-month,Fiber optic,75.65,Offer a term contract; Add Online Security (incentive)
9717-QEBGU,89,High,0.8904,2,Month-to-month,Fiber optic,70.3,Offer a term contract; Add Online Security (incentive)
2897-DOVND,89,High,0.89,2,Month-to-month,Fiber optic,69.8,Offer a term contract; Add Online Security (incentive)
4847-TAJYI,89,High,0.8895,6,Month-to-month,Fiber optic,89.35,Offer a term contract; Add Online Security (incentive)
2262-SLNVK,89,High,0.8886,1,Month-to-month,Fiber optic,70.1,Offer a term contract; Add Online Security (incentive)
9957-YODKZ,89,High,0.8882,6,Month-to-month,Fiber optic,80.8,Offer a term contract; Add Online Security (incentive)
1746-TGTWV,89,High,0.8879,1,Month-to-month,Fiber optic,75.35,Offer a term contract; Add Online Security (incentive)
6407-UTSLV,89,High,0.8878,2,Month-to-month,Fiber optic,83.8,Offer a term contract; Add Online Security (incentive)
1197-BVMVG,89,High,0.8875,4,Month-to-month,Fiber optic,74.45,Offer a term contract; Add Online Security (incentive)
6357-JJPQT,89,High,0.8874,3,Month-to-month,Fiber optic,80.5,Offer a term contract; Add Online Security (incentive)
8309-IEYJD,89,High,0.8868,1,Month-to-month,Fiber optic,70.6,Offer a term contract; Add Online Security (incentive)
1393-IMKZG,88,High,0.8842,1,Month-to-month,Fiber optic,95.85,Offer a term contract; Add Online Security (incentive)
9050-IKDZA,88,High,0.8833,2,Month-to-month,Fiber optic,81.5,Offer a term contract; Add Online Security (incentive)
3462-BJQQA,88,High,0.8797,6,Month-to-month,Fiber optic,89.75,Offer a term contract; Add Online Security (incentive)
8714-CTZJW,88,High,0.8784,4,Month-to-month,Fiber optic,82.85,Offer a term contract; Add Online Security (incentive)
5119-NZPTV,88,High,0.8773,2,Month-to-month,Fiber optic,70.1,Offer a term contract; Add Online Security (incentive)
2905-KFQUV,88,High,0.8773,2,Month-to-month,Fiber optic,70.4,Offer a term contract; Add Online Security (incentive)
4090-KPJIP,88,High,0.8769,3,Month-to-month,Fiber optic,74.95,Offer a term contract; Add Online Security (incentive)
6229-LSCKB,88,High,0.8759,6,Month-to-month,Fiber optic,79.7,Offer a term contract; Add Online Security (incentive)
8622-ZLFKO,87,High,0.8742,6,Month-to-month,Fiber optic,90.75,Offer a term contract; Add Online Security (incentive)
3422-GALYP,87,High,0.8712,2,Month-to-month,Fiber optic,79.45,Offer a term contract; Add Online Security (incentive)
2880-FPNAE,87,High,0.8709,2,Month-to-month,Fiber optic,74.2,Offer a term contract; Add Online Security (incentive)
6435-SRWBJ,87,High,0.8698,5,Month-to-month,Fiber optic,82.75,Offer a term contract; Add Online Security (incentive)
6918-UMQCG,87,High,0.8685,5,Month-to-month,Fiber optic,80.2,Offer a term contract; Add Online Security (incentive)
4395-PZMSN,87,High,0.8681,5,Month-to-month,Fiber optic,85.55,Offer a term contract; Add Online Security (incentive)
9799-CAYJJ,87,High,0.8672,2,Month-to-month,Fiber optic,69.3,Offer a term contract; Add Online Security (incentive)
8161-QYMTT,87,High,0.8652,7,Month-to-month,Fiber optic,94.1,Offer a term contract; Add Online Security (incentive)
0187-QSXOE,87,High,0.8651,7,Month-to-month,Fiber optic,89.0,Offer a term contract; Add Online Security (incentive)
6198-ZFIOJ,86,High,0.8642,5,Month-to-month,Fiber optic,75.6,Offer a term contract; Add Online Security (incentive)
8266-VBFQL,86,High,0.8631,4,Month-to-month,Fiber optic,90.4,Offer a term contract; Add Online Security (incentive)
2674-MIAHT,86,High,0.8628,4,Month-to-month,Fiber optic,80.3,Offer a term contract; Add Online Security (incentive)
9840-EFJQB,86,High,0.8607,1,Month-to-month,Fiber optic,74.35,Offer a term contract; Add Online Security (incentive)
3411-WLRSQ,86,High,0.8605,3,Month-to-month,Fiber optic,74.6,Offer a term contract; Add Online Security (incentive)
2081-VEYEH,86,High,0.8591,3,Month-to-month,Fiber optic,107.95,Offer a term contract; Add Online Security (incentive)
3370-HXOPH,86,High,0.8589,3,Month-to-month,Fiber optic,76.1,Offer a term contract; Add Online Security (incentive)
9633-XQABV,86,High,0.8583,3,Month-to-month,Fiber optic,70.25,Offer a term contract; Add Online Security (incentive)
4482-EWFMI,86,High,0.8582,2,Month-to-month,Fiber optic,69.7,Offer a term contract; Add Online Security (incentive)
9741-YLNTD,86,High,0.8581,6,Month-to-month,Fiber optic,87.95,Offer a term contract; Add Online Security (incentive)
4450-DLLMH,86,High,0.8575,2,Month-to-month,Fiber optic,71.3,Offer a term contract; Add Online Security (incentive)
8087-LGYHQ,86,High,0.8563,9,Month-to-month,Fiber optic,94.05,Offer a term contract; Add Online Security (incentive)
2984-AFWNC,86,High,0.8559,3,Month-to-month,Fiber optic,95.4,Offer a term contract; Add Online Security (incentive)
1960-UYCNN,86,High,0.8556,10,Month-to-month,Fiber optic,95.25,Offer a term contract; Add Online Security (incentive)
5348-CAGXB,86,High,0.8556,12,Month-to-month,Fiber optic,89.55,Offer a term contract; Add Online Security (incentive)
4132-KALRO,85,High,0.8544,4,Month-to-month,Fiber optic,100.85,Offer a term contract; Add Online Security (incentive)
0928-JMXNP,85,High,0.8536,4,Month-to-month,DSL,29.9,Offer a term contract; Add Online Security (incentive)
3841-CONLJ,85,High,0.8531,1,Month-to-month,DSL,35.0,Offer a term contract; Add Online Security (incentive)
7823-JSOAG,85,High,0.8531,3,Month-to-month,Fiber optic,74.5,Offer a term contract; Add Online Security (incentive)
3295-YVUSR,85,High,0.8527,2,Month-to-month,Fiber optic,72.6,Offer a term contract; Add Online Security (incentive)
4770-UEZOX,85,High,0.8527,2,Month-to-month,Fiber optic,74.75,Offer a term contract; Add Online Security (incentive)
2135-DQWAQ,85,High,0.8524,5,Month-to-month,Fiber optic,85.3,Offer a term contract; Add Online Security (incentive)
4115-NZRKS,85,High,0.8522,7,Month-to-month,Fiber optic,89.15,Offer a term contract; Add Online Security (incentive)
7858-GTZSP,85,High,0.8516,12,Month-to-month,Fiber optic,86.55,Offer a term contract; Add Online Security (incentive)
4060-LDNLU,85,High,0.8502,7,Month-to-month,Fiber optic,96.2,Offer a term contract; Add Online Security (incentive)
2215-ZAFGX,85,High,0.85,9,Month-to-month,Fiber optic,85.5,Offer a term contract; Add Online Security (incentive)
7365-BVCJH,85,High,0.847,1,Month-to-month,DSL,24.4,Offer a term contract; Add Online Security (incentive)
3420-YJLQT,85,High,0.8469,2,Month-to-month,Fiber optic,79.55,Offer a term contract; Add Online Security (incentive)
2123-AGEEN,85,High,0.8467,7,Month-to-month,Fiber optic,84.35,Offer a term contract; Add Online Security (incentive)
9696-RMYBA,85,High,0.8466,5,Month-to-month,Fiber optic,80.1,Offer a term contract; Add Online Security (incentive)
8242-SOQUO,85,High,0.8466,5,Month-to-month,Fiber optic,84.7,Offer a term contract; Add Online Security (incentive)
0018-NYROU,85,High,0.8458,5,Month-to-month,Fiber optic,68.95,Offer a term contract; Add Online Security (incentive)
5442-BHQNG,85,High,0.8455,2,Month-to-month,Fiber optic,70.35,Offer a term contract; Add Online Security (incentive)
4566-NECEV,85,High,0.8454,5,Month-to-month,Fiber optic,96.55,Offer a term contract; Add Online Security (incentive)
8132-YPVBX,84,High,0.845,6,Month-to-month,Fiber optic,85.95,Offer a term contract; Add Online Security (incentive)
2800-VEQXM,84,High,0.8448,3,Month-to-month,Fiber optic,74.75,Offer a term contract; Add Online Security (incentive)
5399-ZIMKF,84,High,0.844,5,Month-to-month,Fiber optic,74.65,Offer a term contract; Add Online Security (incentive)
3489-HHPFY,84,High,0.8436,2,Month-to-month,Fiber optic,84.05,Offer a term contract; Add Online Security (incentive)
6969-MVBAI,84,High,0.8424,9,Month-to-month,Fiber optic,90.1,Offer a term contract; Add Online Security (incentive)
8035-PWSEV,84,High,0.8416,6,Month-to-month,Fiber optic,89.25,Offer a term contract; Add Online Security (incentive)
7994-UYIVZ,84,High,0.8416,8,Month-to-month,Fiber optic,85.65,Offer a term contract; Add Online Security (incentive)
5760-IFJOZ,84,High,0.8408,3,Month-to-month,Fiber optic,107.95,Offer a term contract; Add Online Security (incentive)
8617-ENBDS,84,High,0.84,3,Month-to-month,Fiber optic,73.6,Offer a term contract; Add Online Security (incentive)
5429-LWCMV,84,High,0.8395,12,Month-to-month,Fiber optic,89.15,Offer a term contract; Add Online Security (incentive)
6734-GMPVK,84,High,0.8393,5,Month-to-month,Fiber optic,105.3,Offer a term contract; Add Online Security (incentive)
4445-ZJNMU,84,High,0.8385,9,Month-to-month,Fiber optic,99.3,Offer a term contract; Add Online Security (incentive)
3338-CVVEH,84,High,0.8378,12,Month-to-month,Fiber optic,94.55,Offer a term contract; Add Online Security (incentive)
9290-SHCMB,84,High,0.8375,13,Month-to-month,Fiber optic,96.85,Offer a term contract; Add Online Security (incentive)
9094-AZPHK,84,High,0.8366,15,Month-to-month,Fiber optic,100.15,Offer a term contract; Add Online Security (incentive)
2038-OEQZH,84,High,0.8359,4,Month-to-month,Fiber optic,86.05,Offer a term contract; Add Online Security (incentive)
3320-VEOYC,84,High,0.8353,14,Month-to-month,Fiber optic,95.6,Offer a term contract; Add Online Security (incentive)
0432-CAJZV,83,High,0.8348,3,Month-to-month,Fiber optic,90.7,Offer a term contract; Add Online Security (incentive)
4884-ZTHVF,83,High,0.8341,8,Month-to-month,Fiber optic,87.1,Offer a term contract; Add Online Security (incentive)
5935-FCCNB,83,High,0.8339,17,Month-to-month,Fiber optic,94.2,Offer a term contract; Add Online Security (incentive)
7044-YAACC,83,High,0.8336,4,Month-to-month,Fiber optic,70.2,Offer a term contract; Add Online Security (incentive)
7363-QTBIW,83,High,0.8334,9,Month-to-month,Fiber optic,79.75,Offer a term contract; Add Online Security (incentive)
1508-DFXCU,83,High,0.8332,12,Month-to-month,Fiber optic,81.45,Offer a term contract; Add Online Security (incentive)
1173-XZPYF,83,High,0.8313,11,Month-to-month,Fiber optic,89.2,Offer a term contract; Add Online Security (incentive)
6856-RAURS,83,High,0.8308,2,Month-to-month,Fiber optic,74.9,Offer a term contract; Add Online Security (incentive)
3496-LFSZU,83,High,0.8291,4,Month-to-month,Fiber optic,70.5,Offer a term contract; Add Online Security (incentive)
7225-CBZPL,83,High,0.8285,17,Month-to-month,Fiber optic,94.8,Offer a term contract; Add Online Security (incentive)
0722-SVSFK,83,High,0.8282,7,Month-to-month,Fiber optic,100.4,Offer a term contract; Add Online Security (incentive)
5928-QLDHB,83,High,0.8256,9,Month-to-month,Fiber optic,76.25,Offer a term contract; Add Online Security (incentive)
6215-NQCPY,82,High,0.8249,15,Month-to-month,Fiber optic,99.7,Offer a term contract; Add Tech Support
6077-BDPXA,82,High,0.8238,3,Month-to-month,Fiber optic,70.15,Offer a term contract; Add Online Security (incentive)
4813-HQMGZ,82,High,0.8235,8,Month-to-month,Fiber optic,90.25,Offer a term contract; Add Online Security (incentive)
9402-ORRAH,82,High,0.8229,15,Month-to-month,Fiber optic,91.5,Offer a term contract; Add Online Security (incentive)
7590-VHVEG,82,High,0.8227,1,Month-to-month,DSL,29.85,Offer a term contract; Add Online Security (incentive)
3292-PBZEJ,82,High,0.8216,11,Month-to-month,Fiber optic,111.4,Offer a term contract; Add Online Security (incentive)
3916-NRPAP,82,High,0.821,3,Month-to-month,Fiber optic,85.7,Offer a term contract; Add Online Security (incentive)
1200-TUZHR,82,High,0.8195,8,Month-to-month,Fiber optic,85.2,Offer a term contract; Add Online Security (incentive)
3717-OEAUQ,82,High,0.8182,2,Month-to-month,Fiber optic,70.7,Offer a term contract; Add Online Security (incentive)
6986-IXNDM,82,High,0.8174,14,Month-to-month,Fiber optic,92.9,Offer a term contract; Add Online Security (incentive)
4029-HPFVY,82,High,0.817,3,Month-to-month,Fiber optic,70.3,Offer a term contract; Add Online Security (incentive)
4059-IIEBK,82,High,0.816,7,Month-to-month,Fiber optic,78.55,Offer a term contract; Add Online Security (incentive)
0840-DFEZH,82,High,0.8158,7,Month-to-month,Fiber optic,75.35,Offer a term contract; Add Online Security (incentive)
4633-MKHYU,82,High,0.8158,9,Month-to-month,Fiber optic,88.4,Offer a term contract; Add Online Security (incentive)
9334-GWGOW,82,High,0.8151,7,Month-to-month,Fiber optic,74.85,Offer a term contract; Add Online Security (incentive)
4983-CCWMC,81,High,0.8148,3,Month-to-month,Fiber optic,69.6,Offer a term contract; Add Online Security (incentive)
6175-IRFIT,81,High,0.8143,5,Month-to-month,Fiber optic,78.75,Offer a term contract; Add Online Security (incentive)
2688-BHGOG,81,High,0.8141,9,Month-to-month,Fiber optic,79.55,Offer a term contract; Add Online Security (incentive)
2077-MPJQO,81,High,0.8138,7,Month-to-month,Fiber optic,75.4,Offer a term contract; Add Online Security (incentive)
5937-EORGB,81,High,0.8132,15,Month-to-month,Fiber optic,96.5,Offer a term contract; Add Tech Support
9620-ENEJV,81,High,0.8128,6,Month-to-month,Fiber optic,70.55,Offer a term contract; Add Online Security (incentive)
7517-LDMPS,81,High,0.8125,12,Month-to-month,Fiber optic,84.6,Offer a term contract; Add Online Security (incentive)
3420-ZDBMA,81,High,0.8124,5,Month-to-month,Fiber optic,71.45,Offer a term contract; Add Online Security (incentive)
0225-ZORZP,81,High,0.812,3,Month-to-month,Fiber optic,84.3,Offer a term contract; Add Online Security (incentive)
9360-OMDZZ,81,High,0.812,24,Month-to-month,Fiber optic,94.1,Offer a term contract; Add Online Security (incentive)
7402-EYFXX,81,High,0.8112,26,Month-to-month,Fiber optic,93.6,Offer a term contract; Add Online Security (incentive)
8705-WZCYL,81,High,0.8105,1,Month-to-month,DSL,44.8,Offer a term contract; Add Online Security (incentive)
4373-VVHQL,81,High,0.8105,1,Month-to-month,DSL,44.75,Offer a term contract; Add Online Security (incentive)
5956-YHHRX,81,High,0.8104,21,Month-to-month,Fiber optic,104.35,Offer a term contract; Add Online Security (incentive)
6127-IYJOZ,81,High,0.8101,1,Month-to-month,DSL,45.85,Offer a term contract; Add Online Security (incentive)
2468-SJFLM,81,High,0.8099,1,Month-to-month,Fiber optic,74.3,Offer a term contract; Add Online Security (incentive)
7952-OBOYL,81,High,0.8097,3,Month-to-month,Fiber optic,89.85,Offer a term contract; Add Online Security (incentive)
6860-YRJZP,81,High,0.8097,9,Month-to-month,Fiber optic,74.05,Offer a term contract; Add Online Security (incentive)
2080-GKCWQ,81,High,0.8095,2,Month-to-month,Fiber optic,74.95,Offer a term contract; Add Online Security (incentive)
7668-XCFYV,81,High,0.8091,17,Month-to-month,Fiber optic,92.55,Offer a term contract; Add Online Security (incentive)
0365-BZUWY,81,High,0.8089,17,Month-to-month,Fiber optic,102.55,Offer a term contract; Add Online Security (incentive)
7321-VGNKU,81,High,0.8088,2,Month-to-month,Fiber optic,70.35,Offer a term contract; Add Online Security (incentive)
2876-GZYZC,81,High,0.8083,13,Month-to-month,Fiber optic,85.95,Offer a term contract; Add Online Security (incentive)
5091-HFAZW,81,High,0.808,2,Month-to-month,Fiber optic,91.15,Offer a term contract; Add Tech Support
8873-GLDMH,81,High,0.8078,6,Month-to-month,Fiber optic,73.85,Offer a term contract; Add Online Security (incentive)
8875-AKBYH,81,High,0.8075,20,Month-to-month,Fiber optic,84.35,Offer a term contract; Add Online Security (incentive)
3199-XGZCY,81,High,0.8073,8,Month-to-month,Fiber optic,75.25,Offer a term contract; Add Online Security (incentive)
0928-XUTSN,81,High,0.8066,13,Month-to-month,Fiber optic,80.5,Offer a term contract; Add Online Security (incentive)
2754-SDJRD,81,High,0.8066,8,Month-to-month,Fiber optic,100.15,Offer a term contract; Add Online Security (incentive)
0224-RLWWD,81,High,0.8065,2,Month-to-month,DSL,44.3,Offer a term contract; Add Online Security (incentive)
0168-XZKBB,81,High,0.806,19,Month-to-month,Fiber optic,86.85,Offer a term contract; Add Online Security (incentive)
1078-TDCRN,81,High,0.8059,3,Month-to-month,DSL,30.75,Offer a term contract; Add Online Security (incentive)
8325-QRPZR,81,High,0.8056,7,Month-to-month,Fiber optic,75.15,Offer a term contract; Add Online Security (incentive)
4195-NZGTA,81,High,0.805,1,Month-to-month,DSL,25.25,Offer a term contract; Add Online Security (incentive)
6583-KQJLK,81,High,0.805,15,Month-to-month,Fiber optic,94.65,Offer a term contract; Add Online Security (incentive)
4559-UWIHT,81,High,0.805,14,Month-to-month,Fiber optic,82.65,Offer a term contract; Add Online Security (incentive)
8064-RAVOH,80,High,0.8039,1,Month-to-month,DSL,49.85,Offer a term contract; Add Online Security (incentive)
7354-OIJLX,80,High,0.8039,9,Month-to-month,Fiber optic,75.85,Offer a term contract; Add Online Security (incentive)
5133-POWUA,80,High,0.8035,1,Month-to-month,DSL,45.8,Offer a term contract; Add Online Security (incentive)
7206-PQBBZ,80,High,0.8035,11,Month-to-month,Fiber optic,70.2,Offer a term contract; Add Online Security (incentive)
8687-BAFGU,80,High,0.8034,1,Month-to-month,Fiber optic,74.0,Offer a term contract; Add Online Security (incentive)
9822-OAOVB,80,High,0.8025,1,Month-to-month,DSL,55.45,Offer a term contract; Add Online Security (incentive)
2959-FENLU,80,High,0.8018,9,Month-to-month,Fiber optic,85.3,Offer a term contract; Add Online Security (incentive)
1219-NNDDO,80,High,0.8016,9,Month-to-month,Fiber optic,76.85,Offer a term contract; Add Online Security (incentive)
0644-OQMDK,80,High,0.8011,4,Month-to-month,Fiber optic,70.65,Offer a term contract; Add Online Security (incentive)
0396-YCHWO,80,High,0.8004,36,Month-to-month,Fiber optic,95.4,Offer a term contract; Add Online Security (incentive)
3096-GKWEB,80,High,0.8002,18,Month-to-month,Fiber optic,94.75,Offer a term contract; Add Online Security (incentive)
4301-VVZKA,80,High,0.7997,16,Month-to-month,Fiber optic,75.4,Offer a term contract; Add Online Security (incentive)
8313-NDOIA,80,High,0.7995,24,Month-to-month,Fiber optic,104.15,Offer a term contract; Add Online Security (incentive)
3629-ZNKXA,80,High,0.7994,17,Month-to-month,Fiber optic,101.8,Offer a term contract; Add Online Security (incentive)
9398-MMQTO,80,High,0.7992,3,Month-to-month,Fiber optic,74.45,Offer a term contract; Add Online Security (incentive)
7245-NIIWQ,80,High,0.7971,3,Month-to-month,Fiber optic,69.85,Offer a term contract; Add Online Security (incentive)
8710-YGLWG,80,High,0.797,1,Month-to-month,DSL,44.9,Offer a term contract; Add Online Security (incentive)
9743-DQKQW,80,High,0.7969,3,Month-to-month,DSL,25.1,Offer a term contract; Add Online Security (incentive)
0674-EYYZV,80,High,0.7968,1,Month-to-month,DSL,54.65,Offer a term contract; Add Online Security (incentive)
7394-LWLYN,80,High,0.7963,2,Month-to-month,Fiber optic,70.15,Offer a term contract; Add Online Security (incentive)
3452-GWUIN,80,High,0.7957,19,Month-to-month,Fiber optic,94.95,Offer a term contract; Add Online Security (incentive)
8107-KNCIM,80,High,0.7955,14,Month-to-month,Fiber optic,75.1,Offer a term contract; Add Online Security (incentive)
5995-SNNEW,80,High,0.7952,23,Month-to-month,Fiber optic,104.45,Offer a term contract; Add Online Security (incentive)
0248-IPDFW,79,High,0.7943,1,Month-to-month,DSL,50.1,Offer a term contract; Add Online Security (incentive)
4298-OYIFC,79,High,0.7935,15,Month-to-month,Fiber optic,103.45,Offer a term contract; Add Online Security (incentive)
2235-DWLJU,79,High,0.7934,6,Month-to-month,DSL,44.4,Offer a term contract; Add Online Security (incentive)
3317-VLGQT,79,High,0.7934,14,Month-to-month,Fiber optic,78.1,Offer a term contract; Add Online Security (incentive)
0581-BXBUB,79,High,0.7928,4,Month-to-month,Fiber optic,72.75,Offer a term contract; Add Online Security (incentive)
0258-NOKBL,79,High,0.7927,3,Month-to-month,Fiber optic,90.4,Offer a term contract; Add Online Security (incentive)
6705-LXORM,79,High,0.7924,5,Month-to-month,Fiber optic,70.05,Offer a term contract; Add Online Security (incentive)
5382-SOYZL,79,High,0.7923,22,Month-to-month,Fiber optic,95.1,Offer a term contract; Add Online Security (incentive)
3453-RTHJQ,79,High,0.7918,6,Month-to-month,Fiber optic,69.1,Offer a term contract; Add Online Security (incentive)
9919-KNPOO,79,High,0.7917,21,Month-to-month,Fiber optic,94.3,Offer a term contract; Add Online Security (incentive)
2371-JQHZZ,79,High,0.7917,24,Month-to-month,Fiber optic,93.0,Offer a term contract; Add Online Security (incentive)
5288-AHOUP,79,High,0.7913,11,Month-to-month,Fiber optic,78.5,Offer a term contract; Add Online Security (incentive)
4367-NHWMM,79,High,0.791,1,Month-to-month,DSL,24.9,Offer a term contract; Add Online Security (incentive)
4706-DGAHW,79,High,0.7904,1,Month-to-month,DSL,45.2,Offer a term contract; Add Online Security (incentive)
4815-GBTCD,79,High,0.7903,4,Month-to-month,DSL,25.15,Offer a term contract; Add Online Security (incentive)
7537-RBWEA,79,High,0.79,1,Month-to-month,DSL,25.15,Offer a term contract; Add Online Security (incentive)
8541-QVFKM,79,High,0.79,8,Month-to-month,Fiber optic,73.5,Offer a term contract; Add Online Security (incentive)
1766-GKNMI,79,High,0.7897,29,Month-to-month,Fiber optic,84.9,Offer a term contract; Add Online Security (incentive)
6267-DCFFZ,79,High,0.7897,30,Month-to-month,Fiber optic,90.05,Offer a term contract; Add Online Security (incentive)
9214-EKVXR,79,High,0.7889,1,Month-to-month,DSL,44.0,Offer a term contract; Add Online Security (incentive)
4123-DVHPH,79,High,0.7888,9,Month-to-month,Fiber optic,88.05,Offer a term contract; Add Tech Support
3566-HJGPK,79,High,0.7878,1,Month-to-month,DSL,45.55,Offer a term contract; Add Online Security (incentive)
5216-WASFJ,79,High,0.7876,31,Month-to-month,Fiber optic,84.85,Offer a term contract; Add Online Security (incentive)
5117-IFGPS,79,High,0.7876,29,Month-to-month,Fiber optic,84.3,Offer a term contract; Add Online Security (incentive)
2799-ARNLO,79,High,0.7864,5,Month-to-month,Fiber optic,69.35,Offer a term contract; Add Online Security (incentive)
1666-JXLKU,79,High,0.7862,37,Month-to-month,Fiber optic,100.05,Offer a term contract; Add Online Security (incentive)
7392-YYPYJ,79,High,0.786,22,Month-to-month,Fiber optic,100.65,Offer a term contract; Add Online Security (incentive)
9773-PEQBZ,79,High,0.7856,10,Month-to-month,Fiber optic,79.85,Offer a term contract; Add Online Security (incentive)
8709-KRDVL,79,High,0.7851,33,Month-to-month,Fiber optic,100.0,Offer a term contract; Add Online Security (incentive)
5183-SNMJQ,78,High,0.7847,10,Month-to-month,Fiber optic,95.1,Offer a term contract; Add Online Security (incentive)
2792-LSHWX,78,High,0.7836,1,Month-to-month,Fiber optic,83.4,Offer a term contract; Move to automatic payment
8903-WMRNW,78,High,0.7836,15,Month-to-month,Fiber optic,101.75,Offer a term contract; Add Tech Support
2809-ZMYOQ,78,High,0.7835,32,Month-to-month,Fiber optic,101.35,Offer a term contract; Add Online Security (incentive)
6507-ZJSUR,78,High,0.7831,23,Month-to-month,Fiber optic,90.45,Offer a term contract; Add Online Security (incentive)
6519-CFDBX,78,High,0.7824,2,Month-to-month,DSL,45.4,Offer a term contract; Add Online Security (incentive)
8950-MTZNV,78,High,0.7821,1,Month-to-month,DSL,44.95,Offer a term contract; Add Online Security (incentive)
6851-WEFYX,78,High,0.7819,35,Month-to-month,Fiber optic,100.8,Offer a term contract; Add Online Security (incentive)
3278-FSIXX,78,High,0.7811,2,Month-to-month,DSL,45.25,Offer a term contract; Add Online Security (incentive)
8720-RQSBJ,78,High,0.781,1,Month-to-month,DSL,44.0,Offer a term contract; Add Online Security (incentive)
4741-WWJQZ,78,High,0.781,2,Month-to-month,Fiber optic,80.15,Offer a term contract; Move to automatic payment
8180-AKMJV,78,High,0.7809,1,Month-to-month,DSL,44.55,Offer a term contract; Add Online Security (incentive)
6339-YPSAH,78,High,0.7806,9,Month-to-month,Fiber optic,73.8,Offer a term contract; Add Online Security (incentive)
8445-DNBAE,78,High,0.7806,1,Month-to-month,DSL,50.05,Offer a term contract; Add Online Security (incentive)
5701-YVSVF,78,High,0.7805,11,Month-to-month,Fiber optic,82.9,Offer a term contract; Add Online Security (incentive)
2103-ZRXFN,78,High,0.7802,1,Month-to-month,DSL,50.75,Offer a term contract; Add Online Security (incentive)
2985-FMWYF,78,High,0.7797,23,Month-to-month,Fiber optic,93.5,Offer a term contract; Add Online Security (incentive)
6198-RTPMF,78,High,0.7782,17,Month-to-month,Fiber optic,92.6,Offer a term contract; Add Online Security (incentive)
9588-OZDMQ,78,High,0.7781,2,Month-to-month,DSL,45.0,Offer a term contract; Add Online Security (incentive)
2275-RBYQS,78,High,0.7778,1,Month-to-month,DSL,45.4,Offer a term contract; Add Online Security (incentive)
5628-FCGYG,78,High,0.7776,21,Month-to-month,Fiber optic,84.1,Offer a term contract; Add Online Security (incentive)
5652-MSDEY,78,High,0.7772,10,Month-to-month,Fiber optic,75.75,Offer a term contract; Add Online Security (incentive)
5968-VXZLG,78,High,0.7768,2,Month-to-month,DSL,46.6,Offer a term contract; Add Online Security (incentive)
1751-NCDLI,78,High,0.7768,46,Month-to-month,Fiber optic,98.85,Offer a term contract; Add Online Security (incentive)
6116-RFVHN,78,High,0.7767,34,Month-to-month,Fiber optic,100.45,Offer a term contract; Add Online Security (incentive)
7379-FNIUJ,78,High,0.7764,2,Month-to-month,Fiber optic,100.2,Offer a term contract; Add Tech Support
1226-IENZN,78,High,0.7759,16,Month-to-month,Fiber optic,78.75,Offer a term contract; Add Online Security (incentive)
7754-IXRMC,78,High,0.7758,1,Month-to-month,DSL,45.35,Offer a term contract; Add Online Security (incentive)
6185-TASNN,78,High,0.7752,1,Month-to-month,DSL,46.3,Offer a term contract; Add Online Security (incentive)
2439-LYPMQ,78,High,0.7752,38,Month-to-month,Fiber optic,102.6,Offer a term contract; Add Online Security (incentive)
5501-TVMGM,78,High,0.775,1,Month-to-month,DSL,55.25,Offer a term contract; Add Online Security (incentive)
2107-FBPTK,77,High,0.7745,30,Month-to-month,Fiber optic,104.1,Offer a term contract; Add Online Security (incentive)
3030-YDNRM,77,High,0.7741,8,Month-to-month,Fiber optic,74.85,Offer a term contract; Add Online Security (incentive)
2187-PKZAY,77,High,0.7741,12,Month-to-month,Fiber optic,79.95,Offer a term contract; Add Online Security (incentive)
2080-CAZNM,77,High,0.7738,41,Month-to-month,Fiber optic,104.4,Offer a term contract; Add Online Security (incentive)
5989-PGKJB,77,High,0.7736,16,Month-to-month,Fiber optic,86.25,Offer a term contract; Add Online Security (incentive)
8356-WUAOJ,77,High,0.7731,1,Month-to-month,DSL,45.0,Offer a term contract; Add Online Security (incentive)
9093-FPDLG,77,High,0.773,11,Month-to-month,Fiber optic,94.2,Offer a term contract; Add Online Security (incentive)
9638-JIQYA,77,High,0.7729,2,Month-to-month,DSL,24.9,Offer a term contract; Add Online Security (incentive)
0620-DLSLK,77,High,0.7726,13,Month-to-month,Fiber optic,81.9,Offer a term contract; Add Online Security (incentive)
9885-AIBVB,77,High,0.7724,29,Month-to-month,Fiber optic,85.8,Offer a term contract; Add Online Security (incentive)
5879-SESNB,77,High,0.7722,11,Month-to-month,Fiber optic,75.25,Offer a term contract; Add Online Security (incentive)
2424-WVHPL,77,High,0.7722,1,Month-to-month,Fiber optic,74.7,Offer a term contract; Add Online Security (incentive)
3365-SAIGS,77,High,0.7708,17,Month-to-month,Fiber optic,83.55,Offer a term contract; Add Online Security (incentive)
0420-HLGXF,77,High,0.7708,39,Month-to-month,Fiber optic,99.75,Offer a term contract; Add Online Security (incentive)
0674-DGMAQ,77,High,0.7708,32,Month-to-month,Fiber optic,93.5,Offer a term contract; Add Online Security (incentive)
0848-ZGQIJ,77,High,0.7699,16,Month-to-month,Fiber optic,94.65,Offer a term contract; Add Online Security (incentive)
4537-DKTAL,77,High,0.7698,2,Month-to-month,DSL,45.55,Offer a term contract; Add Online Security (incentive)
6923-JHPMP,77,High,0.7697,2,Month-to-month,Fiber optic,80.45,Offer a term contract; Add Tech Support
2740-TVLFN,77,High,0.7695,1,Month-to-month,DSL,50.15,Offer a term contract; Add Online Security (incentive)
0480-BIXDE,77,High,0.7693,19,Month-to-month,Fiber optic,96.8,Offer a term contract; Add Online Security (incentive)
3223-DWFIO,77,High,0.7688,4,Month-to-month,Fiber optic,69.35,Offer a term contract; Add Online Security (incentive)
9058-MJLZC,77,High,0.7687,24,Month-to-month,Fiber optic,94.6,Offer a term contract; Add Tech Support
0434-CSFON,77,High,0.7686,47,Month-to-month,Fiber optic,100.5,Offer a term contract; Add Online Security (incentive)
4853-OITSN,77,High,0.7676,5,Month-to-month,Fiber optic,89.15,Offer a term contract; Add Tech Support
9752-ZNQUT,77,High,0.7673,1,Month-to-month,DSL,48.6,Offer a term contract; Add Online Security (incentive)
9121-PHQSR,77,High,0.767,16,Month-to-month,Fiber optic,85.05,Offer a term contract; Add Online Security (incentive)
2637-FKFSY,77,High,0.7667,3,Month-to-month,DSL,46.1,Offer a term contract; Add Online Security (incentive)
0196-JTUQI,77,High,0.7666,9,Month-to-month,Fiber optic,75.2,Offer a term contract; Add Online Security (incentive)
2831-EBWRN,77,High,0.7651,4,Month-to-month,DSL,45.9,Offer a term contract; Add Online Security (incentive)
6496-JDSSB,76,High,0.7649,8,Month-to-month,Fiber optic,80.0,Offer a term contract; Add Online Security (incentive)
9506-UXUSK,76,High,0.7648,13,Month-to-month,Fiber optic,70.15,Offer a term contract; Add Online Security (incentive)
3518-PZXZQ,76,High,0.7646,1,Month-to-month,DSL,55.3,Offer a term contract; Add Online Security (incentive)
4183-MYFRB,76,High,0.7644,21,Month-to-month,Fiber optic,90.05,Offer a term contract; Add Online Security (incentive)
9992-UJOEL,76,High,0.7642,2,Month-to-month,DSL,50.3,Offer a term contract; Add Online Security (incentive)
7315-WYOAW,76,High,0.7641,13,Month-to-month,Fiber optic,100.75,Offer a term contract; Add Online Security (incentive)
7426-RHZGU,76,High,0.7639,9,Month-to-month,Fiber optic,95.9,Offer a term contract; Add Online Security (incentive)
6719-OXYBR,76,High,0.7637,15,Month-to-month,Fiber optic,85.3,Offer a term contract; Add Online Security (incentive)
2504-DSHIH,76,High,0.763,23,Month-to-month,Fiber optic,86.8,Offer a term contract; Add Online Security (incentive)
1475-VWVDO,76,High,0.7629,7,Month-to-month,Fiber optic,74.9,Offer a term contract; Add Online Security (incentive)
4137-BTIKL,76,High,0.7629,2,Month-to-month,Fiber optic,90.75,Offer a term contract; Add Tech Support
5692-ICXLW,76,High,0.7628,31,Month-to-month,Fiber optic,90.7,Offer a term contract; Add Online Security (incentive)
1730-ZMAME,76,High,0.7627,32,Month-to-month,Fiber optic,79.5,Offer a term contract; Add Online Security (incentive)
5233-AOZUF,76,High,0.7627,29,Month-to-month,Fiber optic,74.95,Offer a term contract; Add Online Security (incentive)
1307-ATKGB,76,High,0.7627,24,Month-to-month,Fiber optic,89.55,Offer a term contract; Add Online Security (incentive)
1942-OQFRW,76,High,0.7621,1,Month-to-month,DSL,44.0,Offer a term contract; Add Online Security (incentive)
6034-YMTOB,76,High,0.7616,5,Month-to-month,Fiber optic,75.65,Offer a term contract; Add Online Security (incentive)
0082-LDZUE,76,High,0.7605,1,Month-to-month,DSL,44.3,Offer a term contract; Add Online Security (incentive)
5022-KVDQT,76,High,0.7604,27,Month-to-month,Fiber optic,81.3,Offer a term contract; Add Online Security (incentive)
4536-PLEQY,76,High,0.7601,12,Month-to-month,Fiber optic,85.05,Offer a term contract; Add Online Security (incentive)
3427-GGZZI,76,High,0.7599,19,Month-to-month,Fiber optic,89.1,Offer a term contract; Add Online Security (incentive)
2277-VWCNI,76,High,0.7595,4,Month-to-month,DSL,48.75,Offer a term contract; Add Online Security (incentive)
5858-EAFCZ,76,High,0.7591,1,Month-to-month,DSL,44.45,Offer a term contract; Add Online Security (incentive)
5650-YLIBA,76,High,0.7585,31,Month-to-month,Fiber optic,81.15,Offer a term contract; Add Online Security (incentive)
3904-UKFRE,76,High,0.7583,4,Month-to-month,Fiber optic,80.1,Offer a term contract; Add Tech Support
8695-ARGXZ,76,High,0.758,34,Month-to-month,Fiber optic,75.55,Offer a term contract; Add Online Security (incentive)
8012-SOUDQ,76,High,0.7579,43,Month-to-month,Fiber optic,90.25,Offer a term contract; Add Online Security (incentive)
4236-UJPWO,76,High,0.7577,2,Month-to-month,DSL,24.5,Offer a term contract; Add Online Security (incentive)
7442-YGZFK,76,High,0.7575,1,Month-to-month,DSL,49.8,Offer a term contract; Add Online Security (incentive)
9244-ZVAPM,76,High,0.757,1,Month-to-month,DSL,45.6,Offer a term contract; Add Online Security (incentive)
0315-LVCRK,76,High,0.757,11,Month-to-month,Fiber optic,84.8,Offer a term contract; Add Online Security (incentive)
8818-DOPVL,76,High,0.757,46,Month-to-month,Fiber optic,104.45,Offer a term contract; Add Online Security (incentive)
9053-EJUNL,76,High,0.7568,41,Month-to-month,Fiber optic,89.2,Offer a term contract; Add Online Security (incentive)
7801-KICAO,76,High,0.7566,18,Month-to-month,Fiber optic,74.15,Offer a term contract; Add Online Security (incentive)
3050-GBUSH,76,High,0.7566,3,Month-to-month,DSL,34.8,Offer a term contract; Add Online Security (incentive)
2672-OJQZP,76,High,0.7563,1,Month-to-month,DSL,44.75,Offer a term contract; Add Online Security (incentive)
4273-MBHYA,76,High,0.7557,1,Month-to-month,Fiber optic,89.35,Offer a term contract; Add Online Security (incentive)
5271-DBYSJ,76,High,0.7557,11,Month-to-month,Fiber optic,79.15,Offer a term contract; Add Online Security (incentive)
3384-CTMSF,76,High,0.7556,47,Month-to-month,Fiber optic,104.1,Offer a term contract; Add Online Security (incentive)
6542-LWGXJ,76,High,0.7553,3,Month-to-month,DSL,25.0,Offer a term contract; Add Online Security (incentive)
3088-LHEFH,75,High,0.7549,11,Month-to-month,Fiber optic,79.0,Offer a term contract; Add Tech Support
9208-OLGAQ,75,High,0.7549,18,Month-to-month,Fiber optic,84.95,Offer a term contract; Add Online Security (incentive)
0988-JRWWP,75,High,0.7546,3,Month-to-month,DSL,54.2,Offer a term contract; Add Online Security (incentive)
6582-OIVSP,75,High,0.754,1,Month-to-month,DSL,45.3,Offer a term contract; Add Online Security (incentive)
5035-BVCXS,75,High,0.7536,11,Month-to-month,Fiber optic,75.9,Offer a term contract; Add Online Security (incentive)
9432-VOFYX,75,High,0.7529,17,Month-to-month,Fiber optic,70.8,Offer a term contract; Add Online Security (incentive)
0508-OOLTO,75,High,0.7528,2,Month-to-month,Fiber optic,71.65,Offer a term contract; Add Online Security (incentive)
4612-SSVHJ,75,High,0.7527,20,Month-to-month,Fiber optic,81.45,Offer a term contract; Add Online Security (incentive)
6103-BOCOU,75,High,0.752,26,Month-to-month,Fiber optic,80.7,Offer a term contract; Add Online Security (incentive)
0491-KAPQG,75,High,0.7518,21,Month-to-month,Fiber optic,73.7,Offer a term contract; Add Online Security (incentive)
3966-HRMZA,75,High,0.7518,3,Month-to-month,Fiber optic,75.05,Offer a term contract; Add Online Security (incentive)
5153-RTHKF,75,High,0.7517,34,Month-to-month,Fiber optic,85.35,Offer a term contract; Add Online Security (incentive)
6650-VJONK,75,High,0.7513,1,Month-to-month,DSL,43.85,Offer a term contract; Add Online Security (incentive)
6833-JMZYP,75,High,0.751,15,Month-to-month,Fiber optic,94.0,Offer a term contract; Add Online Security (incentive)
7278-CKDNC,75,High,0.751,24,Month-to-month,Fiber optic,80.5,Offer a term contract; Add Online Security (incentive)
4146-SVFUD,75,High,0.7503,1,Month-to-month,DSL,44.6,Offer a term contract; Add Online Security (incentive)
2665-NPTGL,75,High,0.7503,26,Month-to-month,Fiber optic,98.1,Offer a term contract; Add Online Security (incentive)
9494-MRNYX,75,High,0.7498,10,Month-to-month,Fiber optic,75.05,Offer a term contract; Add Online Security (incentive)
2969-QWUBZ,75,High,0.7493,2,Month-to-month,DSL,51.4,Offer a term contract; Add Online Security (incentive)
8104-OSKWT,75,High,0.7492,12,Month-to-month,Fiber optic,79.8,Offer a term contract; Add Tech Support
5365-LLFYV,75,High,0.7482,2,Month-to-month,DSL,45.85,Offer a term contract; Add Online Security (incentive)
7422-WNBTY,75,High,0.7482,33,Month-to-month,Fiber optic,93.35,Offer a term contract; Add Online Security (incentive)
8486-AYEQH,75,High,0.7481,31,Month-to-month,Fiber optic,76.05,Offer a term contract; Add Online Security (incentive)
3995-WFCSM,75,High,0.748,2,Month-to-month,DSL,60.85,Offer a term contract; Add Online Security (incentive)
2325-NBPZG,75,High,0.7479,3,Month-to-month,Fiber optic,74.55,Offer a term contract; Add Tech Support
3914-FDRHP,75,High,0.7473,9,Month-to-month,Fiber optic,86.25,Offer a term contract; Add Online Security (incentive)
4854-CIDCF,75,High,0.7472,3,Month-to-month,Fiber optic,73.85,Offer a term contract; Add Online Security (incentive)
5226-NOZFC,75,High,0.7469,26,Month-to-month,Fiber optic,85.75,Offer a term contract; Add Online Security (incentive)
2603-HVKCG,75,High,0.7466,31,Month-to-month,Fiber optic,101.4,Offer a term contract; Add Online Security (incentive)
6907-FLBER,75,High,0.7466,1,Month-to-month,DSL,54.3,Offer a term contract; Add Online Security (incentive)
3951-NJCVI,75,High,0.7464,42,Month-to-month,Fiber optic,95.05,Offer a term contract; Add Online Security (incentive)
1471-GIQKQ,75,High,0.7459,1,Month-to-month,DSL,49.95,Offer a term contract; Add Online Security (incentive)
9895-VFOXH,75,High,0.7456,1,Month-to-month,DSL,24.4,Offer a term contract; Add Online Security (incentive)
4291-SHSBH,75,High,0.7454,7,Month-to-month,Fiber optic,69.55,Offer a term contract; Add Online Security (incentive)
1636-NTNCO,75,High,0.7453,4,Month-to-month,DSL,50.95,Offer a term contract; Add Online Security (incentive)
5666-CYCYZ,75,High,0.7451,24,Month-to-month,Fiber optic,89.55,Offer a term contract; Add Online Security (incentive)
6212-ATMLK,74,High,0.745,50,Month-to-month,Fiber optic,95.7,Offer a term contract; Add Online Security (incentive)
4521-YEEHE,74,High,0.7446,18,Month-to-month,Fiber optic,88.85,Offer a term contract; Add Online Security (incentive)
2920-RNCEZ,74,High,0.7444,1,Month-to-month,Fiber optic,69.95,Offer a term contract; Add Online Security (incentive)
4480-QQRHC,74,High,0.7444,8,Month-to-month,Fiber optic,74.05,Offer a term contract; Add Online Security (incentive)
8189-XRIKE,74,High,0.7442,32,Month-to-month,Fiber optic,90.95,Offer a term contract; Add Online Security (incentive)
0374-IOEGQ,74,High,0.7441,3,Month-to-month,DSL,44.6,Offer a term contract; Add Online Security (incentive)
1251-STYSZ,74,High,0.7435,4,Month-to-month,Fiber optic,80.25,Offer a term contract; Add Tech Support
8849-AYPTR,74,High,0.7432,33,Month-to-month,Fiber optic,91.25,Offer a term contract; Add Online Security (incentive)
2209-XADXF,74,High,0.7432,1,Month-to-month,DSL,25.25,Offer a term contract; Add Online Security (incentive)
3961-SXAXY,74,High,0.7424,1,Month-to-month,DSL,44.05,Offer a term contract; Add Online Security (incentive)
3588-WSTTJ,74,High,0.7412,35,Month-to-month,Fiber optic,99.05,Offer a term contract; Add Tech Support
4686-UXDML,74,High,0.7407,21,Month-to-month,Fiber optic,99.85,Offer a term contract; Add Online Security (incentive)
3703-KBKZP,74,High,0.7406,16,Month-to-month,Fiber optic,74.45,Offer a term contract; Add Online Security (incentive)
5439-WIKXB,74,High,0.7406,41,Month-to-month,Fiber optic,94.55,Offer a term contract; Add Online Security (incentive)
5600-KTXFM,74,High,0.7405,2,Month-to-month,Fiber optic,69.95,Offer a term contract; Add Online Security (incentive)
3798-EPWRR,74,High,0.7404,2,Month-to-month,DSL,43.95,Offer a term contract; Add Online Security (incentive)
3481-JHUZH,74,High,0.7401,41,Month-to-month,Fiber optic,80.25,Offer a term contract; Add Online Security (incentive)
2862-PFNIK,74,High,0.7401,1,Month-to-month,DSL,24.7,Offer a term contract; Add Online Security (incentive)
1212-GLHMD,74,High,0.7394,3,Month-to-month,Fiber optic,86.05,Offer a term contract; Add Tech Support
9903-LYSAB,74,High,0.7393,18,Month-to-month,Fiber optic,73.15,Offer a term contract; Add Online Security (incentive)
0793-TWELN,74,High,0.7389,4,Month-to-month,Fiber optic,80.15,Offer a term contract; Add Tech Support
0899-LIIBW,74,High,0.7382,34,Month-to-month,Fiber optic,100.85,Offer a term contract; Add Online Security (incentive)
1478-VPOAD,74,High,0.7382,1,Month-to-month,DSL,43.8,Offer a term contract; Add Online Security (incentive)
7714-YXSMB,74,High,0.7381,26,Month-to-month,Fiber optic,100.5,Offer a term contract; Add Online Security (incentive)
0650-BWOZN,74,High,0.7378,18,Month-to-month,Fiber optic,73.55,Offer a term contract; Add Online Security (incentive)
5760-FXFVO,74,High,0.7371,6,Month-to-month,Fiber optic,78.95,Offer a term contract; Add Tech Support
2675-OTVVJ,74,High,0.737,31,Month-to-month,Fiber optic,89.45,Offer a term contract; Add Tech Support
9274-UARKJ,74,High,0.737,15,Month-to-month,Fiber optic,83.2,Offer a term contract; Add Online Security (incentive)
1302-UHBDD,74,High,0.737,20,Month-to-month,Fiber optic,89.95,Offer a term contract; Add Online Security (incentive)
3956-MGXOG,74,High,0.7368,28,Month-to-month,Fiber optic,80.6,Offer a term contract; Add Online Security (incentive)
9279-CJEOJ,74,High,0.7365,21,Month-to-month,Fiber optic,95.4,Offer a term contract; Add Online Security (incentive)
0439-IFYUN,74,High,0.7363,18,Month-to-month,Fiber optic,74.7,Offer a term contract; Add Online Security (incentive)
0147-ESWWR,74,High,0.7361,39,Month-to-month,Fiber optic,101.25,Offer a term contract; Add Online Security (incentive)
4998-IKFSE,74,High,0.736,30,Month-to-month,Fiber optic,100.45,Offer a term contract; Add Online Security (incentive)
5019-GQVCR,74,High,0.7356,43,Month-to-month,Fiber optic,84.85,Offer a term contract; Add Online Security (incentive)
2523-EWWZL,74,High,0.7351,27,Month-to-month,Fiber optic,76.1,Offer a term contract; Add Online Security (incentive)
7901-HXJVA,73,High,0.7347,14,Month-to-month,Fiber optic,76.45,Offer a term contract; Add Online Security (incentive)
6242-MBHPK,73,High,0.734,23,Month-to-month,Fiber optic,95.1,Offer a term contract; Add Tech Support
5606-AMZBO,73,High,0.7337,10,Month-to-month,Fiber optic,78.15,Offer a term contract; Add Tech Support
6145-NNPNO,73,High,0.7335,1,Month-to-month,DSL,44.15,Offer a term contract; Add Online Security (incentive)
5482-VXSXJ,73,High,0.7331,22,Month-to-month,Fiber optic,93.2,Offer a term contract; Add Online Security (incentive)
7586-ZATGZ,73,High,0.733,40,Month-to-month,Fiber optic,84.9,Offer a term contract; Add Online Security (incentive)
4065-JJAVA,73,High,0.7324,1,Month-to-month,DSL,49.5,Offer a term contract; Add Online Security (incentive)
5899-OUVKV,73,High,0.7316,31,Month-to-month,Fiber optic,94.5,Offer a term contract; Add Online Security (incentive)
7404-JLKQG,73,High,0.7315,3,Month-to-month,DSL,57.55,Offer a term contract; Add Online Security (incentive)
8819-IMISP,73,High,0.7315,31,Month-to-month,Fiber optic,80.45,Offer a term contract; Add Online Security (incentive)
4583-PARNH,73,High,0.7315,16,Month-to-month,Fiber optic,91.55,Offer a term contract; Add Online Security (incentive)
5857-TYBCJ,73,High,0.7313,44,Month-to-month,Fiber optic,89.2,Offer a term contract; Add Online Security (incentive)
0570-BFQHT,73,High,0.7312,9,Month-to-month,Fiber optic,80.55,Offer a term contract; Add Online Security (incentive)
5522-JBWMO,73,High,0.731,1,Month-to-month,DSL,44.0,Offer a term contract; Add Online Security (incentive)
5119-KEPFY,73,High,0.7307,36,Month-to-month,Fiber optic,95.0,Offer a term contract; Add Online Security (incentive)
1536-HBSWP,73,High,0.7306,1,Month-to-month,DSL,49.9,Offer a term contract; Add Online Security (incentive)
4299-SIMNS,73,High,0.7303,9,Month-to-month,Fiber optic,81.15,Offer a term contract; Add Tech Support
9355-NPPFS,73,High,0.7302,26,Month-to-month,Fiber optic,78.8,Offer a term contract; Add Online Security (incentive)
1769-GRUIK,73,High,0.7296,18,Month-to-month,Fiber optic,71.1,Offer a term contract; Add Online Security (incentive)
3716-UVSPD,73,High,0.7294,1,Month-to-month,DSL,49.3,Offer a term contract; Add Online Security (incentive)
1384-RCUXW,73,High,0.7291,16,Month-to-month,Fiber optic,80.55,Offer a term contract; Add Online Security (incentive)
1391-UBDAR,73,High,0.7289,11,Month-to-month,Fiber optic,72.9,Offer a term contract; Add Online Security (incentive)
8660-BUETV,73,High,0.7286,3,Month-to-month,DSL,44.75,Offer a term contract; Add Online Security (incentive)
9572-WUKSB,73,High,0.7286,3,Month-to-month,DSL,29.9,Offer a term contract; Add Online Security (incentive)
0817-HSUSE,73,High,0.7285,1,Month-to-month,DSL,75.5,Offer a term contract; Add Online Security (incentive)
1728-BQDMA,73,High,0.7279,2,Month-to-month,DSL,44.45,Offer a term contract; Add Online Security (incentive)
2903-YYTBW,73,High,0.7277,1,Month-to-month,DSL,44.55,Offer a term contract; Add Online Security (incentive)
7508-SMHXL,73,High,0.7267,15,Month-to-month,Fiber optic,89.0,Offer a term contract; Add Online Security (incentive)
7339-POGZN,73,High,0.7267,4,Month-to-month,DSL,50.7,Offer a term contract; Add Online Security (incentive)
6048-QBXKL,73,High,0.7266,2,Month-to-month,DSL,56.55,Offer a term contract; Add Online Security (incentive)
5144-TVGLP,73,High,0.7252,38,Month-to-month,Fiber optic,94.75,Offer a term contract; Add Online Security (incentive)
1104-TNLZA,72,High,0.725,28,Month-to-month,Fiber optic,105.8,Offer a term contract; Add Online Security (incentive)
5630-IXDXV,72,High,0.725,47,Month-to-month,Fiber optic,106.35,Offer a term contract; Add Online Security (incentive)
4690-PKDQG,72,High,0.7249,42,Month-to-month,Fiber optic,95.55,Offer a term contract; Add Online Security (incentive)
1932-UEDCX,72,High,0.7245,33,Month-to-month,Fiber optic,100.6,Offer a term contract; Add Online Security (incentive)
2694-CIUMO,72,High,0.7241,12,Month-to-month,Fiber optic,79.55,Offer a term contract; Add Online Security (incentive)
0139-IVFJG,72,High,0.724,2,Month-to-month,Fiber optic,90.35,Offer a term contract; Add Tech Support
5960-MVTUK,72,High,0.724,3,Month-to-month,DSL,29.75,Offer a term contract; Add Online Security (incentive)
8270-RKSAP,72,High,0.7237,9,Month-to-month,Fiber optic,70.5,Offer a term contract; Add Online Security (incentive)
3955-JBZZM,72,High,0.7235,20,Month-to-month,Fiber optic,78.8,Offer a term contract; Add Online Security (incentive)
7252-NTGSS,72,High,0.7231,1,Month-to-month,DSL,45.15,Offer a term contract; Add Online Security (incentive)
4223-WOZCM,72,High,0.723,2,Month-to-month,DSL,49.95,Offer a term contract; Add Online Security (incentive)
5016-IBERQ,72,High,0.7222,23,Month-to-month,Fiber optic,84.25,Offer a term contract; Add Online Security (incentive)
0411-EZJZE,72,High,0.7219,3,Month-to-month,DSL,60.25,Offer a term contract; Add Online Security (incentive)
8654-DHAOW,72,High,0.7219,2,Month-to-month,DSL,54.15,Offer a term contract; Add Online Security (incentive)
2018-QKYGT,72,High,0.7217,1,Month-to-month,Fiber optic,81.05,Offer a term contract; Add Online Security (incentive)
0682-USIXD,72,High,0.72,21,Month-to-month,Fiber optic,86.05,Offer a term contract; Add Online Security (incentive)
0093-EXYQL,72,High,0.7199,40,Month-to-month,Fiber optic,91.55,Offer a term contract; Add Online Security (incentive)
1016-DJTSV,72,High,0.7194,8,Month-to-month,Fiber optic,69.7,Offer a term contract; Add Online Security (incentive)
7020-OZKXZ,72,High,0.7193,9,Month-to-month,Fiber optic,75.5,Offer a term contract; Add Online Security (incentive)
5948-UJZLF,72,High,0.7193,2,Month-to-month,DSL,49.25,Offer a term contract; Add Online Security (incentive)
6158-HDPXZ,72,High,0.7192,1,Month-to-month,DSL,25.35,Offer a term contract; Add Online Security (incentive)
9576-SYUHJ,72,High,0.719,37,Month-to-month,Fiber optic,91.15,Offer a term contract; Add Tech Support
5339-PXDVH,72,High,0.7185,4,Month-to-month,Fiber optic,90.65,Offer a term contract; Add Tech Support
8805-JNRAZ,72,High,0.7182,2,Month-to-month,DSL,49.2,Offer a term contract; Add Online Security (incentive)
3748-FVMZZ,72,High,0.7182,4,Month-to-month,DSL,40.05,Offer a term contract; Add Online Security (incentive)
6817-WTYHE,72,High,0.7181,2,Month-to-month,DSL,44.9,Offer a term contract; Add Online Security (incentive)
3352-ALMCK,72,High,0.718,40,Month-to-month,Fiber optic,102.65,Offer a term contract; Add Online Security (incentive)
6988-CJEYV,72,High,0.7178,49,Month-to-month,Fiber optic,98.7,Offer a term contract; Add Online Security (incentive)
3196-NVXLZ,72,High,0.7175,25,Month-to-month,Fiber optic,84.6,Offer a term contract; Add Online Security (incentive)
3211-AAPKX,72,High,0.7173,20,Month-to-month,Fiber optic,98.55,Offer a term contract; Add Online Security (incentive)
7901-TBKJX,72,High,0.7172,56,Month-to-month,Fiber optic,101.05,Offer a term contract; Add Online Security (incentive)
5453-AXEPF,72,High,0.7165,17,Month-to-month,Fiber optic,80.5,Offer a term contract; Add Online Security (incentive)
3312-UUMZW,72,High,0.7164,32,Month-to-month,Fiber optic,98.85,Offer a term contract; Add Online Security (incentive)
1845-ZLLIG,72,High,0.7162,1,Month-to-month,DSL,50.15,Offer a term contract; Add Online Security (incentive)
9921-QFQUL,72,High,0.7154,23,Month-to-month,Fiber optic,90.15,Offer a term contract; Add Online Security (incentive)
1580-BMCMR,72,High,0.7151,19,Month-to-month,Fiber optic,87.3,Offer a term contract; Add Tech Support
0114-PEGZZ,72,High,0.715,33,Month-to-month,Fiber optic,107.55,Offer a term contract; Add Online Security (incentive)
2916-BQZLN,71,High,0.7149,19,Month-to-month,Fiber optic,84.75,Offer a term contract; Add Tech Support
4727-MCYZG,71,High,0.7145,1,Month-to-month,DSL,55.55,Offer a term contract; Add Online Security (incentive)
1635-FJFCC,71,High,0.7144,5,Month-to-month,DSL,44.05,Offer a term contract; Add Online Security (incentive)
7410-OIEDU,71,High,0.7143,10,Month-to-month,Fiber optic,79.85,Offer a term contract; Add Tech Support
3439-GVUSX,71,High,0.7139,1,Month-to-month,DSL,24.4,Offer a term contract; Add Online Security (incentive)
0585-EGDDA,71,High,0.7135,40,Month-to-month,Fiber optic,80.0,Offer a term contract; Add Online Security (incentive)
2322-VCZHZ,71,High,0.7135,23,Month-to-month,Fiber optic,90.0,Offer a term contract; Add Tech Support
1335-NTIUC,71,High,0.712,9,Month-to-month,DSL,24.95,Offer a term contract; Add Online Security (incentive)
1658-TJVOA,71,High,0.712,6,Month-to-month,Fiber optic,74.1,Offer a term contract; Add Tech Support
6260-ONULR,71,High,0.712,1,Month-to-month,DSL,62.8,Offer a term contract; Add Online Security (incentive)
7284-BUYEC,71,High,0.712,5,Month-to-month,DSL,50.95,Offer a term contract; Add Online Security (incentive)
3413-BMNZE,71,High,0.7117,1,Month-to-month,DSL,45.25,Offer a term contract; Add Online Security (incentive)
0455-XFASS,71,High,0.7115,3,Month-to-month,Fiber optic,69.55,Offer a term contract; Add Online Security (incentive)
9348-YVOMK,71,High,0.7112,4,Month-to-month,DSL,44.8,Offer a term contract; Add Online Security (incentive)
1194-HVAIF,71,High,0.7108,27,Month-to-month,Fiber optic,95.0,Offer a term contract; Add Online Security (incentive)
9365-SRSZE,71,High,0.7107,27,Month-to-month,Fiber optic,70.55,Offer a term contract; Add Online Security (incentive)
7562-UXTPG,71,High,0.7105,13,Month-to-month,Fiber optic,70.15,Offer a term contract; Add Online Security (incentive)
2832-KJCRD,71,High,0.7102,38,Month-to-month,Fiber optic,103.65,Offer a term contract; Add Online Security (incentive)
1754-GKYPY,71,High,0.7093,22,Month-to-month,Fiber optic,89.75,Offer a term contract; Add Online Security (incentive)
8563-OYMQY,71,High,0.7092,17,Month-to-month,Fiber optic,90.95,Offer a term contract; Add Online Security (incentive)
5222-IMUKT,71,High,0.7089,32,Month-to-month,Fiber optic,91.05,Offer a term contract; Add Online Security (incentive)
0577-WHMEV,71,High,0.7086,16,Month-to-month,Fiber optic,90.7,Offer a term contract; Add Tech Support
1608-GMEWB,71,High,0.7077,45,Month-to-month,Fiber optic,93.9,Offer a term contract; Add Online Security (incentive)
8224-DWCKX,71,High,0.7077,12,Month-to-month,Fiber optic,73.3,Offer a term contract; Add Online Security (incentive)
2974-GGUXS,71,High,0.7076,36,Month-to-month,Fiber optic,91.95,Offer a term contract; Add Online Security (incentive)
7853-OETYL,71,High,0.7065,4,Month-to-month,DSL,29.05,Offer a term contract; Add Tech Support
2692-BUCFV,70,High,0.7049,29,Month-to-month,Fiber optic,101.45,Offer a term contract; Add Online Security (incentive)
5599-HVLTW,70,High,0.7049,14,Month-to-month,Fiber optic,80.35,Offer a term contract; Add Online Security (incentive)
4465-VDKIQ,70,High,0.704,18,Month-to-month,Fiber optic,77.8,Offer a term contract; Add Online Security (incentive)
3597-MVHJT,70,High,0.7039,27,Month-to-month,Fiber optic,95.6,Offer a term contract; Add Online Security (incentive)
1895-QTKDO,70,High,0.7036,1,Month-to-month,DSL,43.95,Offer a term contract; Add Online Security (incentive)
1028-FFNJK,70,High,0.7036,30,Month-to-month,Fiber optic,101.5,Offer a term contract; Add Online Security (incentive)
5405-ZMYXQ,70,High,0.7035,8,Month-to-month,Fiber optic,74.6,Offer a term contract; Add Online Security (incentive)
0641-EVBOJ,70,High,0.7034,3,Month-to-month,Fiber optic,82.3,Offer a term contract; Move to automatic payment
8990-ZXLSU,70,High,0.7021,9,Month-to-month,Fiber optic,69.05,Offer a term contract; Add Online Security (incentive)
7978-DKUQH,70,High,0.7018,25,Month-to-month,Fiber optic,74.6,Offer a term contract; Add Online Security (incentive)
3130-ICDUP,70,High,0.7014,2,Month-to-month,Fiber optic,80.55,Offer a term contract; Add Tech Support
1777-JYQPJ,70,High,0.7013,2,Month-to-month,DSL,24.3,Offer a term contract; Add Online Security (incentive)
2507-QZPQS,70,High,0.7003,15,Month-to-month,Fiber optic,95.7,Offer a term contract; Add Online Security (incentive)
1406-PUQVY,70,High,0.7001,1,Month-to-month,DSL,49.9,Offer a term contract; Add Online Security (incentive)
2697-NQBPF,70,High,0.7,34,Month-to-month,Fiber optic,105.35,Offer a term contract; Add Online Security (incentive)
5712-AHQNN,70,High,0.7,43,Month-to-month,Fiber optic,91.65,Offer a term contract; Add Online Security (incentive)
9944-AEXBM,70,High,0.6999,32,Month-to-month,Fiber optic,85.65,Offer a term contract; Add Online Security (incentive)
6559-PDZLR,70,High,0.6998,26,Month-to-month,Fiber optic,98.65,Offer a term contract; Add Online Security (incentive)
6778-YSNIH,70,High,0.6996,2,Month-to-month,DSL,59.0,Offer a term contract; Add Online Security (incentive)
2501-XWWTZ,70,High,0.6992,11,Month-to-month,Fiber optic,70.2,Offer a term contract; Add Online Security (incentive)
0958-YHXGP,70,High,0.6983,7,Month-to-month,Fiber optic,69.9,Offer a term contract; Add Online Security (incentive)
3003-CMDUU,70,High,0.6983,25,Month-to-month,Fiber optic,95.15,Offer a term contract; Add Online Security (incentive)
7181-OQCUT,70,High,0.6981,21,Month-to-month,Fiber optic,103.85,Offer a term contract; Add Tech Support
4546-FOKWR,70,High,0.6981,16,Month-to-month,Fiber optic,74.75,Offer a term contract; Add Online Security (incentive)
6180-YBIQI,70,High,0.6979,5,Month-to-month,DSL,24.3,Offer a term contract; Add Online Security (incentive)
8584-KMVXD,70,High,0.6978,8,Month-to-month,Fiber optic,75.6,Offer a term contract; Add Online Security (incentive)
0975-VOOVL,70,High,0.6978,3,Month-to-month,DSL,29.2,Offer a term contract; Add Online Security (incentive)
7924-GJZFI,70,High,0.6973,25,Month-to-month,Fiber optic,69.3,Offer a term contract; Add Online Security (incentive)
6994-KERXL,70,High,0.6971,4,Month-to-month,DSL,55.9,Offer a term contract; Add Online Security (incentive)
3737-XBQDD,70,High,0.6967,24,Month-to-month,Fiber optic,84.85,Offer a term contract; Add Online Security (incentive)
8058-DMYRU,70,High,0.6963,54,Month-to-month,Fiber optic,90.05,Offer a term contract; Add Online Security (incentive)
0447-RXSGD,70,High,0.696,24,Month-to-month,Fiber optic,99.65,Offer a term contract; Add Online Security (incentive)
9699-UBQFS,70,High,0.6959,43,Month-to-month,Fiber optic,94.5,Offer a term contract; Add Tech Support
9631-XEYKE,70,High,0.6956,3,Month-to-month,DSL,50.4,Offer a term contract; Add Online Security (incentive)
7460-ITWWP,70,High,0.6953,45,Month-to-month,Fiber optic,86.1,Offer a term contract; Add Online Security (incentive)
4716-HHKQH,70,High,0.6953,20,Month-to-month,Fiber optic,107.05,Offer a term contract; Add Online Security (incentive)
7233-DRTRF,69,High,0.6945,63,Month-to-month,Fiber optic,102.4,Offer a term contract; Add Online Security (incentive)
6377-WHAOX,69,High,0.6936,60,Month-to-month,Fiber optic,106.15,Offer a term contract; Add Online Security (incentive)
9281-OFDMF,69,High,0.6935,39,Month-to-month,Fiber optic,90.7,Offer a term contract; Add Online Security (incentive)
3082-VQXNH,69,High,0.6933,3,Month-to-month,DSL,29.8,Offer a term contract; Add Online Security (incentive)
2800-QQUSO,69,High,0.6927,42,Month-to-month,Fiber optic,100.3,Offer a term contract; Add Online Security (incentive)
1319-YLZJG,69,High,0.6927,12,Month-to-month,Fiber optic,84.6,Offer a term contract; Add Tech Support
6030-REHUX,69,High,0.6925,28,Month-to-month,Fiber optic,110.85,Offer a term contract; Add Online Security (incentive)
2378-VTKDH,69,High,0.6919,65,Month-to-month,Fiber optic,104.35,Offer a term contract; Add Online Security (incentive)
1833-TCXKK,69,High,0.6919,45,Month-to-month,Fiber optic,107.75,Offer a term contract; Add Online Security (incentive)
9133-AYJZG,69,High,0.6917,23,Month-to-month,Fiber optic,98.7,Offer a term contract; Add Online Security (incentive)
9793-WECQC,69,High,0.6916,23,Month-to-month,Fiber optic,95.3,Offer a term contract; Add Online Security (incentive)
0082-OQIQY,69,High,0.6913,29,Month-to-month,Fiber optic,94.2,Offer a term contract; Add Online Security (incentive)
5331-RGMTT,69,High,0.691,54,Month-to-month,Fiber optic,99.05,Offer a term contract; Add Online Security (incentive)
7048-GXDAY,69,High,0.6909,39,Month-to-month,Fiber optic,106.4,Offer a term contract; Add Tech Support
1469-LBJQJ,69,High,0.6908,66,Month-to-month,Fiber optic,105.2,Offer a term contract; Add Online Security (incentive)
1035-IPQPU,69,High,0.6906,63,Month-to-month,Fiber optic,103.5,Offer a term contract; Add Online Security (incentive)
4062-HBMOS,69,High,0.6906,52,Month-to-month,Fiber optic,103.05,Offer a term contract; Add Online Security (incentive)
3771-PZOBW,69,High,0.6904,20,Month-to-month,Fiber optic,90.7,Offer a term contract; Add Online Security (incentive)
5605-IYGFG,69,High,0.6901,7,Month-to-month,Fiber optic,69.85,Offer a term contract; Add Online Security (incentive)
3002-WQZWT,69,High,0.6898,29,Month-to-month,Fiber optic,74.2,Offer a term contract; Add Online Security (incentive)
5895-QSXOD,69,High,0.6897,9,Month-to-month,Fiber optic,70.05,Offer a term contract; Add Online Security (incentive)
5916-QEWPT,69,High,0.6896,2,Month-to-month,DSL,69.0,Offer a term contract; Add Online Security (incentive)
2604-IJPDU,69,High,0.6893,20,Month-to-month,Fiber optic,96.55,Offer a term contract; Move to automatic payment
0581-MDMPW,69,High,0.6892,24,Month-to-month,Fiber optic,88.95,Offer a term contract; Add Online Security (incentive)
2573-GYRUU,69,High,0.6886,48,Month-to-month,Fiber optic,91.05,Offer a term contract; Add Online Security (incentive)
7855-DIWPO,69,High,0.6883,21,Month-to-month,Fiber optic,68.65,Offer a term contract; Add Online Security (incentive)
7126-RBHSD,69,High,0.6882,17,Month-to-month,Fiber optic,78.9,Offer a term contract; Add Tech Support
2739-CACDQ,69,High,0.6875,17,Month-to-month,Fiber optic,82.65,Offer a term contract; Add Online Security (incentive)
1941-HOSAM,69,High,0.6875,1,Month-to-month,Fiber optic,90.1,Offer a term contract; Add Online Security (incentive)
9003-CPATH,69,High,0.6874,42,Month-to-month,Fiber optic,79.9,Offer a term contract; Add Online Security (incentive)
8630-FJLIB,69,High,0.6871,18,Month-to-month,Fiber optic,69.8,Offer a term contract; Add Online Security (incentive)
3312-ZWLGF,69,High,0.6868,29,Month-to-month,Fiber optic,79.3,Offer a term contract; Add Online Security (incentive)
4061-UKJWL,69,High,0.6866,3,Month-to-month,DSL,45.45,Offer a term contract; Add Online Security (incentive)
7982-VCELR,69,High,0.6865,36,Month-to-month,Fiber optic,94.8,Offer a term contract; Add Online Security (incentive)
9508-ILZDG,69,High,0.6861,34,Month-to-month,Fiber optic,96.35,Offer a term contract; Add Online Security (incentive)
0221-WMXNQ,69,High,0.686,4,Month-to-month,Fiber optic,75.35,Offer a term contract; Add Tech Support
1550-EENBN,69,High,0.6859,31,Month-to-month,Fiber optic,104.35,Offer a term contract; Add Tech Support
3503-TYDAY,69,High,0.6856,43,Month-to-month,Fiber optic,80.45,Offer a term contract; Add Online Security (incentive)
4948-WBBKL,69,High,0.6855,36,Month-to-month,Fiber optic,74.9,Offer a term contract; Add Online Security (incentive)
6522-YRBXD,69,High,0.6852,35,Month-to-month,Fiber optic,94.55,Offer a term contract; Add Tech Support
2208-UGTGR,68,High,0.6844,56,Month-to-month,Fiber optic,98.6,Offer a term contract; Add Online Security (incentive)
0376-OIWME,68,High,0.6842,36,Month-to-month,Fiber optic,93.6,Offer a term contract; Add Tech Support
9796-BPKIW,68,High,0.684,8,Month-to-month,Fiber optic,69.95,Offer a term contract; Add Online Security (incentive)
9552-TGUZV,68,High,0.6838,8,Month-to-month,Fiber optic,75.0,Offer a term contract; Add Tech Support
6888-SBYAI,68,High,0.6837,1,Month-to-month,DSL,50.7,Offer a term contract; Add Tech Support
2070-XYMFH,68,High,0.6837,23,Month-to-month,Fiber optic,79.35,Offer a term contract; Add Online Security (incentive)
8566-YPRGL,68,High,0.6835,1,Month-to-month,No,19.5,Offer a term contract; Move to automatic payment
9537-VHDTA,68,High,0.6835,1,Month-to-month,DSL,51.2,Offer a term contract; Add Tech Support
8785-CJSHH,68,High,0.6833,60,Month-to-month,Fiber optic,99.8,Offer a term contract; Add Online Security (incentive)
2038-LLMLM,68,High,0.6832,48,Month-to-month,Fiber optic,103.85,Offer a term contract; Add Online Security (incentive)
0921-OHLVP,68,High,0.6826,22,Month-to-month,Fiber optic,83.05,Offer a term contract; Add Online Security (incentive)
8778-LMWTJ,68,High,0.6823,9,Month-to-month,Fiber optic,74.85,Offer a term contract; Add Tech Support
0623-GDISB,68,High,0.6822,1,Month-to-month,DSL,48.45,Offer a term contract; Add Tech Support
4553-DVPZG,68,High,0.6814,62,Month-to-month,Fiber optic,101.35,Offer a term contract; Add Online Security (incentive)
8212-CRQXP,68,High,0.6813,22,Month-to-month,Fiber optic,80.0,Offer a term contract; Add Online Security (incentive)
3733-LSYCE,68,High,0.6812,15,Month-to-month,Fiber optic,75.35,Offer a term contract; Add Online Security (incentive)
8490-BXHEO,68,High,0.6805,18,Month-to-month,Fiber optic,80.55,Offer a term contract; Add Online Security (incentive)
4636-JGAAI,68,High,0.6801,34,Month-to-month,Fiber optic,88.85,Offer a term contract; Add Online Security (incentive)
5999-LCXAO,68,High,0.6797,1,Month-to-month,DSL,29.9,Offer a term contract; Add Tech Support
5044-LRQAQ,68,High,0.679,7,Month-to-month,Fiber optic,69.2,Offer a term contract; Add Online Security (incentive)
2465-BLLEU,68,High,0.6787,1,Month-to-month,No,19.75,Offer a term contract; Move to automatic payment
3987-KQDDU,68,High,0.6787,9,Month-to-month,Fiber optic,75.6,Offer a term contract; Add Tech Support
2203-GHNWN,68,High,0.6787,24,Month-to-month,Fiber optic,79.65,Offer a term contract; Add Online Security (incentive)
3969-GYXEL,68,High,0.6776,11,Month-to-month,Fiber optic,76.4,Offer a term contract; Add Tech Support
0410-IPFTY,68,High,0.6775,31,Month-to-month,Fiber optic,83.85,Offer a term contract; Add Online Security (incentive)
1685-BQULA,68,High,0.6775,40,Month-to-month,Fiber optic,93.4,Offer a term contract; Add Online Security (incentive)
2587-EKXTS,68,High,0.6771,44,Month-to-month,Fiber optic,111.5,Offer a term contract; Add Tech Support
7718-RXDGG,68,High,0.6769,15,Month-to-month,Fiber optic,68.6,Offer a term contract; Add Online Security (incentive)
9450-TRJUU,68,High,0.6768,35,Month-to-month,Fiber optic,83.15,Offer a term contract; Add Online Security (incentive)
2495-KZNFB,68,High,0.6765,33,Month-to-month,Fiber optic,90.65,Offer a term contract; Add Tech Support
3577-AMVUX,68,High,0.6758,1,Month-to-month,DSL,55.05,Offer a term contract; Add Online Security (incentive)
2347-WKKAE,68,High,0.6757,42,Month-to-month,Fiber optic,94.4,Offer a term contract; Add Tech Support
9714-EDSUC,68,High,0.6756,4,Month-to-month,Fiber optic,94.9,Offer a term contract; Move to automatic payment
2369-FEVNO,68,High,0.6755,1,Month-to-month,No,19.9,Offer a term contract; Move to automatic payment
4661-NJEUX,68,High,0.6755,1,Month-to-month,No,20.05,Offer a term contract; Move to automatic payment
9167-APMXZ,67,High,0.6744,22,Month-to-month,Fiber optic,84.15,Offer a term contract; Add Online Security (incentive)
4128-ETESU,67,High,0.674,47,Month-to-month,Fiber optic,99.7,Offer a term contract; Add Online Security (incentive)
2675-DHUTR,67,High,0.6731,58,Month-to-month,Fiber optic,98.9,Offer a term contract; Add Online Security (incentive)
4360-PNRQB,67,High,0.6728,18,Month-to-month,Fiber optic,75.6,Offer a term contract; Add Online Security (incentive)
7401-RUBNK,67,High,0.6719,18,Month-to-month,Fiber optic,74.8,Offer a term contract; Add Tech Support
1818-ESQMW,67,High,0.6716,27,Month-to-month,Fiber optic,89.2,Offer a term contract; Add Online Security (incentive)
7567-ECMCM,67,High,0.6714,24,Month-to-month,Fiber optic,79.85,Offer a term contract; Add Online Security (incentive)
9272-LSVYH,67,High,0.6711,10,Month-to-month,Fiber optic,70.15,Offer a term contract; Add Online Security (incentive)
2476-YGEFM,67,High,0.671,29,Month-to-month,Fiber optic,76.0,Offer a term contract; Add Online Security (incentive)
6646-JPPHA,67,High,0.6708,14,Month-to-month,Fiber optic,78.85,Offer a term contract; Add Tech Support
1013-QCWAM,67,High,0.6707,66,Month-to-month,Fiber optic,100.8,Offer a term contract; Add Online Security (incentive)
9168-INPSZ,67,High,0.6704,44,Month-to-month,Fiber optic,104.15,Offer a term contract; Add Online Security (incentive)
7312-XSBAT,67,High,0.6701,1,Month-to-month,DSL,49.75,Offer a term contract; Add Tech Support
5419-JKZNQ,67,High,0.67,30,Month-to-month,Fiber optic,77.9,Offer a term contract; Add Online Security (incentive)
6233-HXJMX,67,High,0.6698,45,Month-to-month,Fiber optic,89.3,Offer a term contract; Add Online Security (incentive)
8456-QDAVC,67,High,0.6691,19,Month-to-month,Fiber optic,78.7,Offer a term contract; Add Online Security (incentive)
3714-NTNFO,67,High,0.6688,49,Month-to-month,Fiber optic,84.5,Offer a term contract; Add Online Security (incentive)
2921-XWDJH,67,High,0.6688,38,Month-to-month,Fiber optic,83.45,Offer a term contract; Add Tech Support
9732-EQMWY,67,High,0.6687,49,Month-to-month,Fiber optic,99.4,Offer a term contract; Add Online Security (incentive)
9129-UXERG,67,High,0.6684,18,Month-to-month,Fiber optic,103.6,Offer a term contract; Add Online Security (incentive)
9518-XXBXE,67,High,0.667,10,Month-to-month,Fiber optic,75.3,Offer a term contract; Add Tech Support
7852-LECYP,67,High,0.6669,13,Month-to-month,Fiber optic,93.8,Offer a term contract; Add Tech Support
2480-SQIOB,67,High,0.6668,4,Month-to-month,DSL,44.8,Offer a term contract; Add Online Security (incentive)
8903-XEBGX,67,High,0.6667,2,Month-to-month,DSL,55.3,Offer a term contract; Add Online Security (incentive)
7878-JGDKK,67,High,0.6662,4,Month-to-month,DSL,44.55,Offer a term contract; Add Online Security (incentive)
6786-OBWQR,67,High,0.6661,5,Month-to-month,Fiber optic,80.85,Offer a term contract; Add Online Security (incentive)
6402-EJMWF,67,High,0.6661,4,Month-to-month,DSL,55.3,Offer a term contract; Add Online Security (incentive)
3452-ABWRL,67,High,0.6661,47,Month-to-month,Fiber optic,86.05,Offer a term contract; Add Online Security (incentive)
8782-LKFPK,67,High,0.666,44,Month-to-month,Fiber optic,90.4,Offer a term contract; Add Online Security (incentive)
0141-YEAYS,67,High,0.6651,27,Month-to-month,Fiber optic,86.45,Offer a term contract; Add Online Security (incentive)
5906-BFOZT,66,High,0.6649,1,Month-to-month,No,19.5,Offer a term contract; Move to automatic payment
8757-TFHHJ,66,High,0.6645,1,Month-to-month,DSL,49.8,Offer a term contract; Add Tech Support
4760-THGOT,66,High,0.6641,43,Month-to-month,Fiber optic,94.1,Offer a term contract; Add Tech Support
5626-MGTUK,66,High,0.6628,20,Month-to-month,Fiber optic,89.1,Offer a term contract; Add Tech Support
3197-ARFOY,66,High,0.6622,19,Month-to-month,Fiber optic,105.0,Offer a term contract; Move to automatic payment
6862-CQUMB,66,High,0.6617,37,Month-to-month,Fiber optic,96.1,Offer a term contract; Add Online Security (incentive)
6729-GDNGC,66,High,0.6615,20,Month-to-month,Fiber optic,80.7,Offer a term contract; Add Online Security (incentive)
5122-CYFXA,66,High,0.6613,3,Month-to-month,DSL,75.3,Offer a term contract; Add Online Security (incentive)
0749-IRGQE,66,High,0.6612,13,Month-to-month,DSL,45.3,Offer a term contract; Add Online Security (incentive)
0374-AACSZ,66,High,0.661,1,Month-to-month,DSL,50.15,Offer a term contract; Add Tech Support
9389-ACWBI,66,High,0.6609,5,Month-to-month,Fiber optic,69.95,Offer a term contract; Add Online Security (incentive)
5649-RXQTV,66,High,0.6604,51,Month-to-month,Fiber optic,99.0,Offer a term contract; Add Online Security (incentive)
2452-KDRRH,66,High,0.6604,67,Month-to-month,Fiber optic,101.4,Offer a term contract; Add Online Security (incentive)
6259-WJQLC,66,High,0.6602,32,Month-to-month,Fiber optic,81.1,Offer a term contract; Add Online Security (incentive)
5404-GGUKR,66,High,0.66,5,Month-to-month,DSL,51.35,Offer a term contract; Add Online Security (incentive)
1228-ZLNBX,66,High,0.6595,21,Month-to-month,Fiber optic,75.3,Offer a term contract; Add Online Security (incentive)
0428-IKYCP,66,High,0.6581,22,Month-to-month,Fiber optic,87.0,Offer a term contract; Add Online Security (incentive)
9529-OFXHY,66,High,0.6577,15,Month-to-month,Fiber optic,87.75,Offer a term contract; Add Tech Support
0096-BXERS,66,High,0.6569,6,Month-to-month,DSL,50.35,Offer a term contract; Add Online Security (incentive)
5175-WLYXL,66,High,0.6568,22,Month-to-month,Fiber optic,78.85,Offer a term contract; Add Online Security (incentive)
8404-GFGCZ,66,High,0.6564,4,Month-to-month,DSL,65.6,Offer a term contract; Add Online Security (incentive)
6075-SLNIL,66,High,0.6559,38,Month-to-month,Fiber optic,95.1,Offer a term contract; Add Online Security (incentive)
2607-FBDFF,66,High,0.6555,1,Month-to-month,DSL,49.0,Offer a term contract; Add Online Security (incentive)
0929-HYQEW,66,High,0.6554,3,Month-to-month,DSL,50.15,Offer a term contract; Add Tech Support
9261-WDCAF,66,High,0.6554,3,Month-to-month,DSL,54.65,Offer a term contract; Add Online Security (incentive)
1482-OXZSY,66,High,0.6553,30,Month-to-month,Fiber optic,100.4,Offer a term contract; Add Tech Support
7729-JTEEC,66,High,0.655,2,Month-to-month,DSL,44.5,Offer a term contract; Add Online Security (incentive)
0869-PAPRP,65,High,0.6545,26,Month-to-month,Fiber optic,85.7,Offer a term contract; Add Online Security (incentive)
5609-IMCGG,65,High,0.6543,15,Month-to-month,Fiber optic,84.35,Offer a term contract; Add Tech Support
3855-ONCAR,65,High,0.6543,4,Month-to-month,Fiber optic,78.9,Offer a term contract; Add Online Security (incentive)
1763-WQFUK,65,High,0.6542,3,Month-to-month,DSL,50.5,Offer a term contract; Add Online Security (incentive)
0599-XNYDO,65,High,0.6537,20,Month-to-month,Fiber optic,69.8,Offer a term contract; Add Online Security (incentive)
9112-WSNPU,65,High,0.6536,35,Month-to-month,Fiber optic,70.55,Offer a term contract; Add Online Security (incentive)
8120-JDCAM,65,High,0.6533,4,Month-to-month,Fiber optic,69.55,Offer a term contract; Add Online Security (incentive)
4647-MUZON,65,High,0.6532,18,Month-to-month,Fiber optic,95.95,Offer a term contract; Add Online Security (incentive)
7129-CAKJW,65,High,0.6529,17,Month-to-month,Fiber optic,80.05,Offer a term contract; Add Online Security (incentive)
2122-YWVYA,65,High,0.6527,18,Month-to-month,Fiber optic,75.4,Offer a term contract; Add Tech Support
0666-UXTJO,65,High,0.6527,34,Month-to-month,Fiber optic,85.2,Offer a term contract; Add Online Security (incentive)
3258-SANFR,65,High,0.6525,6,Month-to-month,DSL,44.7,Offer a term contract; Add Online Security (incentive)
4526-ZJJTM,65,High,0.6517,25,Month-to-month,Fiber optic,88.4,Offer a term contract; Add Online Security (incentive)
8167-GJLRN,65,High,0.6515,3,Month-to-month,DSL,30.4,Offer a term contract; Add Online Security (incentive)
7967-HYCDE,65,High,0.6513,8,Month-to-month,Fiber optic,70.7,Offer a term contract; Add Online Security (incentive)
6692-YQHXC,65,High,0.6512,16,Month-to-month,Fiber optic,69.95,Offer a term contract; Add Online Security (incentive)
7504-UWHNB,65,High,0.6511,25,Month-to-month,Fiber optic,69.75,Offer a term contract; Add Online Security (incentive)
4824-GUCBY,65,High,0.65,22,Month-to-month,Fiber optic,81.7,Offer a term contract; Add Tech Support
3620-MWJNE,65,High,0.6496,2,Month-to-month,DSL,54.45,Offer a term contract; Move to automatic payment
5543-QDCRY,65,High,0.6493,4,Month-to-month,DSL,56.4,Offer a term contract; Add Online Security (incentive)
6693-FRIRW,65,High,0.649,18,Month-to-month,Fiber optic,101.3,Offer a term contract; Add Online Security (incentive)
5839-SUYVZ,65,High,0.6486,16,Month-to-month,Fiber optic,74.55,Offer a term contract; Add Online Security (incentive)
2041-JIJCI,65,High,0.6485,5,Month-to-month,DSL,64.0,Offer a term contract; Add Online Security (incentive)
2874-YXVVA,65,High,0.6483,34,Month-to-month,Fiber optic,105.1,Offer a term contract; Add Online Security (incentive)
2823-LKABH,65,High,0.6473,18,Month-to-month,Fiber optic,95.05,Offer a term contract; Add Online Security (incentive)
5302-BDJNT,65,High,0.647,35,Month-to-month,Fiber optic,95.5,Offer a term contract; Add Online Security (incentive)
1307-TVUFB,65,High,0.6468,42,Month-to-month,Fiber optic,79.35,Offer a term contract; Add Online Security (incentive)
9626-WEQRM,65,High,0.6467,4,Month-to-month,DSL,29.15,Offer a term contract; Add Tech Support
6599-SFQVE,65,High,0.6464,6,Month-to-month,DSL,55.0,Offer a term contract; Add Online Security (incentive)
9812-GHVRI,65,High,0.6464,40,Month-to-month,Fiber optic,83.85,Offer a term contract; Add Online Security (incentive)
1866-OBPNR,65,High,0.6463,1,Month-to-month,Fiber optic,74.6,Offer a term contract; Add Online Security (incentive)
4238-JSSWH,65,High,0.6457,35,Month-to-month,Fiber optic,102.05,Offer a term contract; Add Online Security (incentive)
3005-TYFRD,65,High,0.6453,55,Month-to-month,Fiber optic,103.65,Offer a term contract; Add Online Security (incentive)
7145-FEJWU,64,High,0.645,12,Month-to-month,Fiber optic,105.3,Offer a term contract; Add Online Security (incentive)
5146-CBVOE,65,High,0.645,16,Month-to-month,Fiber optic,75.1,Offer a term contract; Add Online Security (incentive)
2960-NKRSO,64,High,0.6441,24,Month-to-month,Fiber optic,85.95,Offer a term contract; Add Online Security (incentive)
5461-QKNTN,64,High,0.6441,43,Month-to-month,Fiber optic,94.3,Offer a term contract; Add Online Security (incentive)
2043-WVTQJ,64,High,0.6434,1,Month-to-month,DSL,55.7,Offer a term contract; Add Tech Support
6656-JWRQX,64,High,0.6429,1,Month-to-month,DSL,30.55,Offer a term contract; Add Online Security (incentive)
3587-PMCOY,64,High,0.6426,10,One year,Fiber optic,98.9,Add Tech Support; Move to automatic payment
6416-YJTTB,64,High,0.6426,11,Month-to-month,Fiber optic,79.5,Offer a term contract; Add Tech Support
7246-ZGQDF,64,High,0.6425,1,Month-to-month,DSL,54.5,Offer a term contract; Move to automatic payment
4026-SKKHW,64,High,0.6422,3,Month-to-month,DSL,50.25,Offer a term contract; Add Online Security (incentive)
4130-MZLCC,64,High,0.6415,5,Month-to-month,DSL,50.55,Offer a term contract; Add Online Security (incentive)
1077-HUUJM,64,High,0.6411,7,Month-to-month,Fiber optic,71.05,Offer a term contract; Add Online Security (incentive)
1456-TWCGB,64,High,0.6408,4,Month-to-month,DSL,49.25,Offer a term contract; Add Online Security (incentive)
8648-PFRMP,64,High,0.6408,14,Month-to-month,DSL,46.35,Offer a term contract; Add Online Security (incentive)
6844-DZKRF,64,High,0.6397,2,Month-to-month,DSL,50.2,Offer a term contract; Add Online Security (incentive)
6173-GOLSU,64,High,0.6389,67,Month-to-month,Fiber optic,94.65,Offer a term contract; Add Online Security (incentive)
8544-GOQSH,64,High,0.6386,14,Month-to-month,Fiber optic,80.05,Offer a term contract; Add Online Security (incentive)
2049-BAFNW,64,High,0.6385,1,Month-to-month,DSL,35.9,Offer a term contract; Add Online Security (incentive)
7268-IGMFD,64,High,0.6385,18,Month-to-month,Fiber optic,93.9,Offer a term contract; Add Online Security (incentive)
3932-IJWDZ,64,High,0.6383,45,Month-to-month,Fiber optic,103.65,Offer a term contract; Add Online Security (incentive)
8286-AFUYI,64,High,0.6382,1,Month-to-month,DSL,47.95,Offer a term contract; Add Tech Support
9108-EJFJP,64,High,0.6379,1,Month-to-month,DSL,53.55,Offer a term contract; Add Tech Support
6137-NICCO,64,High,0.6379,6,Month-to-month,Fiber optic,94.05,Offer a term contract; Add Online Security (incentive)
1552-AAGRX,64,High,0.6374,30,Month-to-month,Fiber optic,106.4,Offer a term contract
4570-QHXHL,64,High,0.637,9,Month-to-month,DSL,43.75,Offer a term contract; Add Online Security (incentive)
1728-CXQBE,64,High,0.6368,64,Month-to-month,Fiber optic,94.25,Offer a term contract; Add Online Security (incentive)
1346-UFHAX,64,High,0.6363,13,Month-to-month,Fiber optic,80.0,Offer a term contract; Add Tech Support
6458-CYIDZ,64,High,0.636,5,Month-to-month,Fiber optic,80.7,Offer a term contract; Add Tech Support
1910-FMXJM,64,High,0.6352,36,Month-to-month,Fiber optic,80.4,Offer a term contract; Add Online Security (incentive)
8993-IZEUX,64,High,0.635,7,Month-to-month,Fiber optic,69.15,Offer a term contract; Add Online Security (incentive)
0531-ZZJWQ,63,High,0.6348,55,Month-to-month,Fiber optic,74.0,Offer a term contract; Add Online Security (incentive)
6257-RJOHI,63,High,0.6339,4,Month-to-month,DSL,50.8,Offer a term contract; Add Online Security (incentive)
8728-SKJLR,63,High,0.6338,41,Month-to-month,Fiber optic,74.25,Offer a term contract; Add Online Security (incentive)
4067-HLYQI,63,High,0.6337,33,Month-to-month,Fiber optic,70.4,Offer a term contract; Add Online Security (incentive)
4257-GAESD,63,High,0.6335,6,Month-to-month,DSL,45.0,Offer a term contract; Add Online Security (incentive)
8676-OOQEJ,63,High,0.6334,4,Month-to-month,DSL,30.5,Offer a term contract; Add Online Security (incentive)
3014-WJKSM,63,High,0.6332,29,Month-to-month,Fiber optic,75.3,Offer a term contract; Add Online Security (incentive)
5816-QVHRX,63,High,0.633,37,Month-to-month,Fiber optic,100.3,Offer a term contract; Add Online Security (incentive)
7277-OZCGZ,63,High,0.6316,22,Month-to-month,Fiber optic,89.05,Offer a term contract; Move to automatic payment
5118-MUEYH,63,High,0.6316,48,Month-to-month,Fiber optic,105.1,Offer a term contract; Add Online Security (incentive)
4238-HFHSN,63,High,0.6304,61,Month-to-month,Fiber optic,82.15,Offer a term contract; Add Online Security (incentive)
9688-YGXVR,63,High,0.6304,44,Month-to-month,Fiber optic,88.15,Offer a term contract; Add Online Security (incentive)
5356-CSVSQ,63,High,0.6301,3,Month-to-month,DSL,64.6,Offer a term contract; Add Online Security (incentive)
4343-EJVQB,63,High,0.6301,7,Month-to-month,Fiber optic,74.35,Offer a term contract; Add Tech Support
7554-AKDQF,63,High,0.6296,6,Month-to-month,DSL,45.65,Offer a term contract; Add Online Security (incentive)
6362-QHAFM,63,High,0.6295,42,One year,Fiber optic,108.3,Add Online Security (incentive); Move to automatic payment
5950-AAAGJ,63,High,0.629,18,Month-to-month,Fiber optic,84.3,Offer a term contract; Add Online Security (incentive)
6908-VVYHM,63,High,0.6283,65,Month-to-month,Fiber optic,90.65,Offer a term contract; Add Online Security (incentive)
9819-FBNSV,63,High,0.6279,37,Month-to-month,Fiber optic,72.25,Offer a term contract; Add Online Security (incentive)
0129-KPTWJ,63,High,0.6276,72,Month-to-month,Fiber optic,94.65,Offer a term contract; Add Online Security (incentive)
2207-QPJED,63,High,0.627,37,Month-to-month,Fiber optic,90.0,Offer a term contract; Add Online Security (incentive)
1453-RZFON,63,High,0.6265,1,Month-to-month,DSL,49.9,Offer a term contract; Add Tech Support
9029-FEGVJ,63,High,0.6265,32,Month-to-month,Fiber optic,79.3,Offer a term contract; Add Online Security (incentive)
5647-FXOTP,63,High,0.6262,60,Month-to-month,Fiber optic,105.9,Offer a term contract; Add Online Security (incentive)
2139-FQHLM,63,High,0.6262,19,Month-to-month,Fiber optic,89.95,Offer a term contract; Add Online Security (incentive)
2853-CWQFQ,63,High,0.6262,1,Month-to-month,DSL,59.55,Offer a term contract; Add Online Security (incentive)
6557-BZXLQ,63,High,0.6254,16,Month-to-month,Fiber optic,69.65,Offer a term contract; Add Online Security (incentive)
4718-DHSMV,62,High,0.6249,11,Month-to-month,DSL,35.8,Offer a term contract; Add Online Security (incentive)
7658-UYUQS,62,High,0.6247,21,Month-to-month,Fiber optic,86.55,Offer a term contract; Add Online Security (incentive)
3234-VKACU,62,High,0.6247,2,Month-to-month,DSL,70.3,Offer a term contract; Add Online Security (incentive)
5392-AKEMH,62,High,0.6245,12,Month-to-month,DSL,45.05,Offer a term contract; Add Online Security (incentive)
6968-GMKPR,62,High,0.6245,55,Month-to-month,Fiber optic,81.55,Offer a term contract; Add Online Security (incentive)
1928-BXYIV,62,High,0.6244,1,Month-to-month,DSL,61.15,Offer a term contract; Add Tech Support
9469-WEJBT,62,High,0.624,37,Month-to-month,Fiber optic,90.35,Offer a term contract; Add Online Security (incentive)
2786-GCDPI,62,High,0.6239,50,Month-to-month,Fiber optic,104.95,Offer a term contract; Add Online Security (incentive)
9667-TKTVZ,62,High,0.6231,2,Month-to-month,DSL,54.35,Offer a term contract; Add Online Security (incentive)
3191-CSNMG,62,High,0.6227,3,Month-to-month,Fiber optic,80.7,Offer a term contract; Add Online Security (incentive)
6243-OZGFH,62,High,0.6227,23,Month-to-month,DSL,44.95,Offer a term contract; Add Online Security (incentive)
4581-LNWUM,62,High,0.6225,13,Month-to-month,DSL,49.15,Offer a term contract; Add Online Security (incentive)
4860-IJUDE,62,High,0.6222,13,Month-to-month,Fiber optic,73.75,Offer a term contract; Add Tech Support
7055-HNEOJ,62,High,0.6214,3,Month-to-month,DSL,55.8,Offer a term contract; Add Online Security (incentive)
6022-KOUQO,62,High,0.6206,2,Month-to-month,DSL,29.05,Offer a term contract; Add Online Security (incentive)
6380-ARCEH,62,High,0.6199,1,Month-to-month,No,20.2,Offer a term contract; Move to automatic payment
5312-UXESG,62,High,0.6197,41,Month-to-month,Fiber optic,98.05,Offer a term contract; Add Online Security (incentive)
6896-SRVYQ,62,High,0.6196,44,Month-to-month,Fiber optic,73.85,Offer a term contract; Add Online Security (incentive)
6818-DJXAA,62,High,0.6195,10,Month-to-month,Fiber optic,91.1,Offer a term contract; Add Online Security (incentive)
3569-EDBPQ,62,High,0.6188,24,Month-to-month,Fiber optic,84.35,Offer a term contract; Move to automatic payment
2101-RANCD,62,High,0.6187,55,Month-to-month,Fiber optic,73.1,Offer a term contract; Add Online Security (incentive)
9708-HPXWZ,62,High,0.6185,5,Month-to-month,DSL,45.4,Offer a term contract; Add Online Security (incentive)
3785-NRHYR,62,High,0.6183,1,Month-to-month,No,19.65,Offer a term contract; Move to automatic payment
3323-CPBWR,62,High,0.6173,23,Month-to-month,Fiber optic,96.9,Offer a term contract; Add Online Security (incentive)
6629-LADHQ,62,High,0.6167,2,Month-to-month,DSL,50.95,Offer a term contract; Add Tech Support
6481-ESCNL,62,High,0.6164,29,Month-to-month,Fiber optic,100.55,Offer a term contract; Add Online Security (incentive)
5213-TWWJU,62,High,0.6163,28,Month-to-month,Fiber optic,91.0,Offer a term contract; Add Online Security (incentive)
8749-CLJXC,62,High,0.6161,1,Month-to-month,No,20.05,Offer a term contract; Move to automatic payment
2538-OIMXF,62,High,0.6155,1,Month-to-month,DSL,24.7,Offer a term contract; Add Online Security (incentive)
4840-ORQXB,61,High,0.6149,56,Month-to-month,Fiber optic,104.75,Offer a term contract; Add Online Security (incentive)
6741-EGCBI,61,High,0.6141,30,Month-to-month,Fiber optic,90.5,Offer a term contract; Add Tech Support
3930-ZGWVE,61,High,0.6134,1,Month-to-month,No,19.75,Offer a term contract; Move to automatic payment
5351-QESIO,61,High,0.6133,1,Month-to-month,DSL,24.2,Offer a term contract; Add Online Security (incentive)
0730-KOAVE,61,High,0.6131,30,Month-to-month,Fiber optic,94.3,Offer a term contract; Add Tech Support
4634-JLRJT,61,High,0.6129,1,Month-to-month,No,20.35,Offer a term contract; Move to automatic payment
0829-XXPLX,61,High,0.6128,20,Month-to-month,Fiber optic,89.4,Offer a term contract; Add Tech Support
2480-JZOSN,61,High,0.6128,1,Month-to-month,No,20.65,Offer a term contract; Move to automatic payment
7794-JASDG,61,High,0.6119,1,Month-to-month,DSL,50.75,Offer a term contract; Add Tech Support
7389-KBFIT,61,High,0.6116,2,Month-to-month,DSL,30.25,Offer a term contract; Add Online Security (incentive)
7396-VJUZB,61,High,0.6114,4,Month-to-month,DSL,45.25,Offer a term contract; Add Online Security (incentive)
3446-QDSZF,61,High,0.6113,4,Month-to-month,DSL,55.5,Offer a term contract; Add Online Security (incentive)
1905-OEILC,61,High,0.6111,1,Month-to-month,No,19.5,Offer a term contract; Move to automatic payment
3466-RITXD,61,High,0.6111,26,Month-to-month,Fiber optic,92.4,Offer a term contract; Add Tech Support
6635-CPNUN,61,High,0.6108,28,Month-to-month,Fiber optic,96.6,Offer a term contract; Add Online Security (incentive)
1816-FLZDK,61,High,0.6106,1,Month-to-month,DSL,29.15,Offer a term contract; Add Online Security (incentive)
7878-RTCZG,61,High,0.6106,1,Month-to-month,No,19.9,Offer a term contract; Move to automatic payment
2826-UWHIS,61,High,0.6104,45,Month-to-month,Fiber optic,81.4,Offer a term contract; Add Online Security (incentive)
6538-POCHL,61,High,0.6104,33,Month-to-month,Fiber optic,79.0,Offer a term contract; Add Online Security (incentive)
7529-ZDFXI,61,High,0.6103,57,Month-to-month,Fiber optic,89.85,Offer a term contract; Add Online Security (incentive)
1996-DBMUS,61,High,0.6098,48,Month-to-month,Fiber optic,70.65,Offer a term contract; Add Online Security (incentive)
5129-JLPIS,61,High,0.6097,25,Month-to-month,Fiber optic,105.5,Offer a term contract; Move to automatic payment
8313-KTIHG,61,High,0.6096,4,Month-to-month,DSL,61.3,Offer a term contract; Add Online Security (incentive)
0430-IHCDJ,61,High,0.6093,15,Month-to-month,DSL,49.0,Offer a term contract; Add Online Security (incentive)
8605-ITULD,61,High,0.6092,1,Month-to-month,No,19.55,Offer a term contract; Move to automatic payment
5207-PLSTK,61,High,0.6088,1,Month-to-month,DSL,48.75,Offer a term contract; Add Tech Support
8543-MSDMF,61,High,0.6083,3,Month-to-month,DSL,77.4,Offer a term contract; Add Tech Support
0177-PXBAT,61,High,0.6081,33,Month-to-month,Fiber optic,109.9,Offer a term contract
2040-VZIKE,61,High,0.6079,49,Month-to-month,Fiber optic,100.85,Offer a term contract; Add Tech Support
8963-JLGJT,61,High,0.6079,3,Month-to-month,DSL,55.9,Offer a term contract; Add Tech Support
7421-ZLUPA,61,High,0.6078,8,Month-to-month,DSL,29.25,Offer a term contract; Add Online Security (incentive)
9919-YLNNG,61,High,0.6075,42,Month-to-month,Fiber optic,103.8,Offer a term contract; Add Online Security (incentive)
2842-BCQGE,61,High,0.6073,43,Month-to-month,Fiber optic,75.35,Offer a term contract; Add Online Security (incentive)
9693-XMUOB,61,High,0.607,59,Month-to-month,DSL,50.25,Offer a term contract; Add Online Security (incentive)
6339-DKLMK,61,High,0.6067,13,Month-to-month,DSL,31.65,Offer a term contract; Add Online Security (incentive)
3094-JOJAI,61,High,0.6062,18,Month-to-month,Fiber optic,74.15,Offer a term contract; Add Online Security (incentive)
3509-GWQGF,61,High,0.6061,24,Month-to-month,Fiber optic,70.0,Offer a term contract; Add Online Security (incentive)
7271-AJDTL,61,High,0.6055,55,Month-to-month,Fiber optic,94.45,Offer a term contract; Add Online Security (incentive)
3898-GUYTS,61,High,0.6055,45,Month-to-month,Fiber optic,97.05,Offer a term contract; Move to automatic payment
8404-FYDIB,61,High,0.6054,26,Month-to-month,Fiber optic,86.65,Offer a term contract; Add Tech Support
7129-ACFOG,61,High,0.6053,5,Month-to-month,DSL,53.8,Offer a term contract; Add Tech Support
1575-KRZZE,61,High,0.6053,4,Month-to-month,DSL,55.2,Offer a term contract; Add Tech Support
3030-ZKIWL,61,High,0.6052,1,Month-to-month,No,20.05,Offer a term contract; Move to automatic payment
1173-NOEYG,61,High,0.605,27,Month-to-month,Fiber optic,90.15,Offer a term contract; Add Online Security (incentive)
0118-JPNOY,60,High,0.6046,26,Month-to-month,Fiber optic,85.8,Offer a term contract; Add Tech Support
3113-IWHLC,60,High,0.604,5,Month-to-month,DSL,55.8,Offer a term contract; Add Tech Support
5018-GWURO,60,High,0.6037,56,Month-to-month,Fiber optic,85.6,Offer a term contract; Add Online Security (incentive)
7698-YFGEZ,60,High,0.6024,1,Month-to-month,No,20.0,Offer a term contract; Move to automatic payment
1622-HSHSF,60,High,0.6024,1,Month-to-month,No,19.55,Offer a term contract; Move to automatic payment
7011-CVEUC,60,High,0.602,25,Month-to-month,Fiber optic,95.7,Offer a term contract; Add Online Security (incentive)
6985-HAYWX,60,High,0.6019,26,Month-to-month,Fiber optic,79.3,Offer a term contract; Add Online Security (incentive)
7130-YXBRO,60,High,0.6018,48,Month-to-month,Fiber optic,111.45,Offer a term contract; Add Tech Support
8149-AIQCG,60,High,0.6015,39,Month-to-month,Fiber optic,73.15,Offer a term contract; Add Online Security (incentive)
2181-UAESM,60,High,0.6013,2,Month-to-month,DSL,53.45,Offer a term contract; Add Tech Support
7128-GGCNO,60,High,0.6013,46,Month-to-month,Fiber optic,72.8,Offer a term contract; Add Online Security (incentive)
7298-IZWLY,60,High,0.6011,1,Month-to-month,No,19.4,Offer a term contract; Move to automatic payment
4993-JCRGJ,60,High,0.6002,26,Month-to-month,Fiber optic,84.3,Offer a term contract; Add Online Security (incentive)
1689-YQBYY,60,Medium,0.5998,12,Month-to-month,Fiber optic,76.6,Offer a term contract; Add Online Security (incentive)
9927-DSWDF,60,Medium,0.5996,22,Month-to-month,Fiber optic,104.6,Offer a term contract; Move to automatic payment
6645-MXQJT,60,Medium,0.5996,2,Month-to-month,Fiber optic,97.1,Offer a term contract; Add Tech Support
6464-KEXXH,60,Medium,0.5987,8,Month-to-month,DSL,25.25,Offer a term contract; Add Online Security (incentive)
8468-EHYJA,60,Medium,0.5987,57,Month-to-month,Fiber optic,99.65,Offer a term contract; Add Tech Support
8974-OVACP,60,Medium,0.5983,1,Month-to-month,No,20.15,Offer a term contract; Move to automatic payment
0670-KDOMA,60,Medium,0.5977,1,Month-to-month,No,20.25,Offer a term contract; Move to automatic payment
4989-LIXVT,60,Medium,0.5969,68,Month-to-month,Fiber optic,95.9,Offer a term contract; Add Online Security (incentive)
9979-RGMZT,60,Medium,0.5967,7,One year,Fiber optic,94.05,Add Online Security (incentive); Add Tech Support
3853-LYGAM,60,Medium,0.5967,17,Month-to-month,Fiber optic,95.65,Offer a term contract; Add Online Security (incentive)
3665-JATSN,60,Medium,0.5965,19,Month-to-month,DSL,39.7,Offer a term contract; Add Online Security (incentive)
5600-PDUJF,60,Medium,0.5965,6,Month-to-month,DSL,49.5,Offer a term contract; Add Online Security (incentive)
6234-PFPXL,60,Medium,0.596,22,Month-to-month,Fiber optic,95.9,Offer a term contract
0311-QYWSS,60,Medium,0.5959,6,Month-to-month,DSL,49.45,Offer a term contract; Add Tech Support
7147-AYBAA,60,Medium,0.5956,37,Month-to-month,Fiber optic,70.35,Offer a term contract; Add Online Security (incentive)
8981-FJGLA,60,Medium,0.5954,11,Month-to-month,Fiber optic,78.0,Offer a term contract; Add Online Security (incentive)
2081-KJSQF,60,Medium,0.5954,1,Month-to-month,No,20.25,Offer a term contract; Move to automatic payment
6486-LHTMA,59,Medium,0.5949,31,One year,Fiber optic,90.7,Add Online Security (incentive); Add Tech Support
2267-WTPYD,59,Medium,0.5948,57,Month-to-month,Fiber optic,94.0,Offer a term contract; Add Online Security (incentive)
8695-WDYEA,59,Medium,0.5946,1,Month-to-month,DSL,51.25,Offer a term contract; Add Tech Support
6572-ADKRS,59,Medium,0.5943,46,Month-to-month,Fiber optic,74.8,Offer a term contract; Add Online Security (incentive)
1261-FWTTE,59,Medium,0.5932,23,Month-to-month,DSL,34.65,Offer a term contract; Add Online Security (incentive)
7929-DMBCV,59,Medium,0.5931,20,Month-to-month,Fiber optic,81.0,Offer a term contract; Add Online Security (incentive)
4482-FTFFX,59,Medium,0.5925,5,Month-to-month,DSL,56.15,Offer a term contract; Add Online Security (incentive)
8450-UYIBU,59,Medium,0.5922,35,Month-to-month,DSL,39.85,Offer a term contract; Add Online Security (incentive)
6078-VESFR,59,Medium,0.5919,13,Month-to-month,Fiber optic,70.45,Offer a term contract; Add Online Security (incentive)
5349-AZPEW,59,Medium,0.5918,5,Month-to-month,DSL,25.05,Offer a term contract; Add Online Security (incentive)
2273-QCKXA,59,Medium,0.5918,1,Month-to-month,DSL,49.05,Offer a term contract; Add Online Security (incentive)
3522-CDKHF,59,Medium,0.5917,32,Month-to-month,Fiber optic,75.5,Offer a term contract; Add Tech Support
8272-ONJLV,59,Medium,0.5914,12,One year,Fiber optic,95.7,Add Online Security (incentive); Add Tech Support
3137-LUPIX,59,Medium,0.5912,4,Month-to-month,DSL,64.4,Offer a term contract; Add Online Security (incentive)
0212-ISBBF,59,Medium,0.5911,22,Month-to-month,DSL,50.35,Offer a term contract; Add Online Security (incentive)
6654-QGBZZ,59,Medium,0.5907,1,Month-to-month,No,19.9,Offer a term contract; Move to automatic payment
7030-NJVDP,59,Medium,0.5902,24,Month-to-month,Fiber optic,89.25,Offer a term contract; Move to automatic payment
1101-SSWAG,59,Medium,0.5899,15,Month-to-month,DSL,51.1,Offer a term contract; Add Online Security (incentive)
1215-VFYVK,59,Medium,0.5898,4,Month-to-month,DSL,48.25,Offer a term contract; Move to automatic payment
7521-AFHAB,59,Medium,0.5895,5,Month-to-month,DSL,44.8,Offer a term contract; Add Online Security (incentive)
4070-OKWVH,59,Medium,0.5894,52,Month-to-month,Fiber optic,94.6,Offer a term contract; Add Online Security (incentive)
2988-PLAHS,59,Medium,0.5884,3,One year,DSL,69.95,Add Online Security (incentive); Add Tech Support
6704-UTUKK,59,Medium,0.5883,29,Month-to-month,DSL,45.9,Offer a term contract; Add Online Security (incentive)
7905-TVXTA,59,Medium,0.5876,5,Month-to-month,DSL,64.35,Offer a term contract; Move to automatic payment
6537-QLGEX,59,Medium,0.5874,16,Month-to-month,DSL,38.9,Offer a term contract; Add Tech Support
3594-KADLU,59,Medium,0.5862,3,Month-to-month,DSL,35.1,Offer a term contract; Move to automatic payment
6578-KRMAW,59,Medium,0.5857,32,Month-to-month,Fiber optic,93.4,Offer a term contract; Add Tech Support
3956-CJUST,59,Medium,0.5856,23,Month-to-month,Fiber optic,75.4,Offer a term contract; Add Tech Support
9522-BNTHX,59,Medium,0.5855,34,Month-to-month,DSL,56.25,Offer a term contract; Add Online Security (incentive)
7813-ZGGAW,59,Medium,0.5855,31,Month-to-month,Fiber optic,96.6,Offer a term contract; Add Online Security (incentive)
3797-FKOGQ,59,Medium,0.5855,11,Month-to-month,Fiber optic,86.2,Offer a term contract; Add Online Security (incentive)
8800-JOOCF,59,Medium,0.5852,12,Month-to-month,Fiber optic,84.05,Offer a term contract; Add Online Security (incentive)
9584-EXCDZ,58,Medium,0.5847,17,Month-to-month,Fiber optic,70.5,Offer a term contract; Add Online Security (incentive)
2178-PMGCJ,58,Medium,0.5839,22,Month-to-month,Fiber optic,69.7,Offer a term contract; Add Online Security (incentive)
7814-LEEVE,58,Medium,0.5834,1,Month-to-month,No,20.3,Offer a term contract
1320-REHCS,58,Medium,0.5832,52,Month-to-month,Fiber optic,110.75,Offer a term contract; Add Online Security (incentive)
2378-HTWFW,58,Medium,0.5832,35,Month-to-month,Fiber optic,91.0,Offer a term contract; Add Tech Support
7501-VTYLJ,58,Medium,0.583,2,Month-to-month,DSL,51.55,Offer a term contract; Add Online Security (incentive)
2519-LBNQL,58,Medium,0.5826,60,One year,Fiber optic,104.35,Add Online Security (incentive); Add Tech Support
9659-QEQSY,58,Medium,0.5819,45,Month-to-month,Fiber optic,115.65,Offer a term contract; Move to automatic payment
0468-YRPXN,58,Medium,0.5817,29,Month-to-month,Fiber optic,98.8,Offer a term contract; Add Online Security (incentive)
7075-BNDVQ,58,Medium,0.5815,4,Month-to-month,DSL,35.0,Offer a term contract; Add Tech Support
1215-FIGMP,58,Medium,0.5812,60,Month-to-month,Fiber optic,89.9,Offer a term contract; Add Online Security (incentive)
8388-FYNPZ,58,Medium,0.5812,4,Month-to-month,DSL,56.75,Offer a term contract; Add Tech Support
4220-TINQT,58,Medium,0.5806,61,Month-to-month,Fiber optic,106.35,Offer a term contract; Add Online Security (incentive)
5628-RKIFK,58,Medium,0.5803,49,Month-to-month,Fiber optic,101.55,Offer a term contract; Add Tech Support
2227-JRSJX,58,Medium,0.5802,21,Month-to-month,Fiber optic,99.15,Offer a term contract; Add Online Security (incentive)
7733-UDMTP,58,Medium,0.5795,57,Month-to-month,DSL,55.0,Offer a term contract; Add Online Security (incentive)
3247-MHJKM,58,Medium,0.5794,1,Month-to-month,No,20.2,Offer a term contract; Move to automatic payment
5172-MIGPM,58,Medium,0.5793,4,Month-to-month,DSL,65.55,Offer a term contract; Add Online Security (incentive)
9643-AVVWI,58,Medium,0.5791,3,Month-to-month,Fiber optic,80.0,Offer a term contract; Add Online Security (incentive)
7346-MEDWM,58,Medium,0.5787,59,Month-to-month,Fiber optic,83.25,Offer a term contract; Add Online Security (incentive)
4826-TZEVA,58,Medium,0.5785,40,Month-to-month,Fiber optic,74.8,Offer a term contract; Add Online Security (incentive)
2455-USLMV,58,Medium,0.5782,31,Month-to-month,Fiber optic,84.75,Offer a term contract; Add Tech Support
2582-FFFZR,58,Medium,0.5781,22,Month-to-month,DSL,50.6,Offer a term contract; Add Online Security (incentive)
7176-WIONM,58,Medium,0.5781,12,Month-to-month,DSL,49.85,Offer a term contract; Add Online Security (incentive)
7009-LGECI,58,Medium,0.5781,4,Month-to-month,DSL,50.55,Offer a term contract; Add Tech Support
0365-GXEZS,58,Medium,0.5778,18,Month-to-month,Fiber optic,78.2,Offer a term contract; Add Online Security (incentive)
8048-DSDFQ,58,Medium,0.5776,1,Month-to-month,No,20.2,Offer a term contract; Move to automatic payment
2277-DJJDL,58,Medium,0.5776,60,Month-to-month,Fiber optic,99.0,Offer a term contract; Add Online Security (incentive)
7850-VWJUU,58,Medium,0.5771,23,Month-to-month,Fiber optic,75.0,Offer a term contract; Add Tech Support
7096-UCLNH,58,Medium,0.5769,1,Month-to-month,No,20.05,Offer a term contract; Move to automatic payment
4680-KUTAJ,58,Medium,0.5767,11,Month-to-month,DSL,55.6,Offer a term contract; Add Tech Support
3692-JHONH,58,Medium,0.5762,52,One year,Fiber optic,106.5,Add Online Security (incentive); Add Tech Support
3055-MJDSB,58,Medium,0.576,9,Month-to-month,DSL,24.6,Offer a term contract; Add Online Security (incentive)
5996-DAOQL,58,Medium,0.5756,1,Month-to-month,No,20.45,Offer a term contract; Move to automatic payment
5071-FBJFS,58,Medium,0.5755,4,Month-to-month,DSL,50.3,Offer a term contract; Add Tech Support
9777-WJJPR,58,Medium,0.5755,31,Month-to-month,Fiber optic,88.65,Offer a term contract; Add Online Security (incentive)
7326-RIGQZ,58,Medium,0.5752,6,Month-to-month,Fiber optic,69.8,Offer a term contract; Add Online Security (incentive)
8885-QSQBX,57,Medium,0.575,1,Month-to-month,DSL,49.55,Offer a term contract; Add Tech Support
4452-QIIEB,57,Medium,0.574,7,Month-to-month,DSL,43.9,Offer a term contract; Add Online Security (incentive)
7318-EIVKO,57,Medium,0.5739,8,Month-to-month,DSL,59.25,Offer a term contract; Add Online Security (incentive)
8212-DJRCH,57,Medium,0.5736,5,Month-to-month,Fiber optic,90.35,Offer a term contract; Add Tech Support
9822-WMWVG,57,Medium,0.5734,41,Month-to-month,Fiber optic,106.5,Offer a term contract; Move to automatic payment
4256-ZWTZI,57,Medium,0.5734,5,Month-to-month,DSL,51.0,Offer a term contract; Add Online Security (incentive)
2190-BCXEC,57,Medium,0.5733,40,Month-to-month,Fiber optic,78.85,Offer a term contract; Add Online Security (incentive)
2761-XECQW,57,Medium,0.573,8,Month-to-month,DSL,43.35,Offer a term contract; Add Online Security (incentive)
1329-VHWNP,57,Medium,0.573,7,Month-to-month,DSL,25.05,Offer a term contract; Add Online Security (incentive)
1025-FALIX,57,Medium,0.5727,26,Month-to-month,Fiber optic,69.05,Offer a term contract; Add Online Security (incentive)
9500-LTVBP,57,Medium,0.5724,35,Month-to-month,Fiber optic,80.05,Offer a term contract; Add Online Security (incentive)
5076-YVXCM,57,Medium,0.5722,51,Month-to-month,Fiber optic,83.4,Offer a term contract; Add Online Security (incentive)
3043-TYBNO,57,Medium,0.5712,3,Month-to-month,DSL,60.65,Offer a term contract; Add Online Security (incentive)
3144-KMTWZ,57,Medium,0.5706,71,Month-to-month,Fiber optic,93.25,Offer a term contract; Add Online Security (incentive)
6218-KNUBD,57,Medium,0.5704,6,Month-to-month,DSL,59.45,Offer a term contract; Add Online Security (incentive)
5886-VLQVU,57,Medium,0.5696,35,Month-to-month,Fiber optic,89.85,Offer a term contract; Add Online Security (incentive)
8620-RJPZN,57,Medium,0.5691,1,Month-to-month,No,20.7,Offer a term contract; Move to automatic payment
5035-PGZXH,57,Medium,0.5686,56,One year,Fiber optic,106.8,Add Online Security (incentive); Add Tech Support
4329-YPDDQ,57,Medium,0.5684,20,Month-to-month,Fiber optic,108.2,Offer a term contract
1427-VERSM,57,Medium,0.5674,56,Month-to-month,Fiber optic,98.7,Offer a term contract; Add Online Security (incentive)
8160-HOWOX,57,Medium,0.5669,7,Month-to-month,DSL,66.85,Offer a term contract; Add Online Security (incentive)
8262-COGGB,57,Medium,0.5665,1,Month-to-month,No,20.45,Offer a term contract; Move to automatic payment
0541-FITGH,57,Medium,0.5657,2,Month-to-month,DSL,62.15,Offer a term contract; Add Tech Support
4468-YDOVK,57,Medium,0.5657,5,Month-to-month,DSL,48.65,Offer a term contract; Add Online Security (incentive)
6135-OZQVA,57,Medium,0.5656,7,Month-to-month,DSL,53.65,Offer a term contract; Add Tech Support
0867-LDTTC,57,Medium,0.5652,5,Month-to-month,DSL,75.15,Offer a term contract; Add Online Security (incentive)
7272-QDCKA,57,Medium,0.5651,28,One year,Fiber optic,100.2,Add Online Security (incentive); Add Tech Support
2674-MLXMN,56,Medium,0.5648,71,Month-to-month,Fiber optic,99.65,Offer a term contract; Add Online Security (incentive)
1935-IMVBB,56,Medium,0.5643,56,Month-to-month,Fiber optic,89.7,Offer a term contract; Add Online Security (incentive)
8910-LEDAG,56,Medium,0.5642,34,Month-to-month,Fiber optic,71.55,Offer a term contract; Add Online Security (incentive)
1855-AGAWH,56,Medium,0.5641,31,One year,Fiber optic,93.8,Add Online Security (incentive); Add Tech Support
9356-AXGMP,56,Medium,0.564,38,One year,Fiber optic,110.7,Move to automatic payment
5055-MGMGF,56,Medium,0.5634,65,Month-to-month,Fiber optic,105.05,Offer a term contract; Add Tech Support
1442-BQPVU,56,Medium,0.5629,13,Month-to-month,DSL,29.15,Offer a term contract; Add Online Security (incentive)
4811-JBUVU,56,Medium,0.5627,30,Month-to-month,Fiber optic,89.9,Offer a term contract; Add Online Security (incentive)
1421-HCERK,56,Medium,0.5618,30,Month-to-month,Fiber optic,105.7,Offer a term contract
6360-SVNWV,56,Medium,0.5617,31,Month-to-month,Fiber optic,73.55,Offer a term contract; Add Tech Support
1357-BIJKI,56,Medium,0.5616,50,One year,Fiber optic,98.25,Add Online Security (incentive); Add Tech Support
6286-SUUWT,56,Medium,0.561,1,Month-to-month,No,19.95,Offer a term contract; Move to automatic payment
0419-YAAPX,56,Medium,0.561,49,Month-to-month,Fiber optic,85.3,Offer a term contract; Add Online Security (incentive)
3808-HFKDE,56,Medium,0.5609,20,Month-to-month,DSL,44.35,Offer a term contract; Add Online Security (incentive)
4488-KQFDT,56,Medium,0.5608,61,One year,Fiber optic,103.95,Add Online Security (incentive); Add Tech Support
5981-ZVXOT,56,Medium,0.56,35,One year,Fiber optic,108.35,Add Tech Support; Move to automatic payment
9644-UMGQA,56,Medium,0.5599,6,Month-to-month,DSL,49.15,Offer a term contract; Add Tech Support
4781-ZXYGU,56,Medium,0.5596,1,Month-to-month,No,20.15,Offer a term contract
5542-DHSXL,56,Medium,0.5595,4,Month-to-month,DSL,54.7,Offer a term contract; Add Tech Support
8535-SFUTN,56,Medium,0.5586,61,Month-to-month,Fiber optic,106.45,Offer a term contract; Add Tech Support
3976-NLDEZ,56,Medium,0.5581,1,Month-to-month,No,20.6,Offer a term contract; Move to automatic payment
3351-NGXYI,56,Medium,0.5572,16,Month-to-month,DSL,54.1,Offer a term contract; Add Tech Support
3761-FLYZI,56,Medium,0.557,65,Month-to-month,Fiber optic,108.8,Offer a term contract; Add Online Security (incentive)
3583-KRKMD,56,Medium,0.5563,18,Month-to-month,Fiber optic,75.9,Offer a term contract; Add Online Security (incentive)
6168-YBYNP,56,Medium,0.5561,59,Month-to-month,Fiber optic,111.35,Offer a term contract; Add Online Security (incentive)
6637-KYRCV,56,Medium,0.556,5,Month-to-month,DSL,30.5,Offer a term contract; Add Online Security (incentive)
7159-FVYPK,56,Medium,0.5554,3,Month-to-month,DSL,69.15,Offer a term contract; Add Online Security (incentive)
9753-OYLBX,55,Medium,0.555,1,Month-to-month,No,20.5,Offer a term contract; Move to automatic payment
1791-PQHBB,55,Medium,0.5543,2,Month-to-month,DSL,61.2,Offer a term contract; Add Tech Support
5173-WXOQV,55,Medium,0.554,2,Month-to-month,DSL,64.2,Offer a term contract; Add Online Security (incentive)
9767-FFLEM,55,Medium,0.5535,38,Month-to-month,Fiber optic,69.5,Offer a term contract; Add Online Security (incentive)
8203-XJZRC,55,Medium,0.5534,1,Month-to-month,No,20.25,Offer a term contract; Move to automatic payment
5141-ZUVBH,55,Medium,0.5525,9,Month-to-month,Fiber optic,93.0,Offer a term contract
5002-GCQFH,55,Medium,0.5512,49,Month-to-month,Fiber optic,93.85,Offer a term contract; Add Tech Support
2386-OWURY,55,Medium,0.5497,58,Month-to-month,Fiber optic,95.3,Offer a term contract; Add Online Security (incentive)
0215-BQKGS,55,Medium,0.5494,30,Month-to-month,Fiber optic,84.3,Offer a term contract; Add Tech Support
9629-NHXFW,55,Medium,0.5491,1,Month-to-month,No,19.4,Offer a term contract; Move to automatic payment
9327-QSDED,55,Medium,0.5491,8,Month-to-month,DSL,43.55,Offer a term contract; Add Online Security (incentive)
3162-KKZXO,55,Medium,0.5486,55,One year,Fiber optic,100.15,Add Online Security (incentive); Add Tech Support
7621-VPNET,55,Medium,0.5485,42,Month-to-month,Fiber optic,85.9,Offer a term contract; Add Online Security (incentive)
1047-NNCBF,55,Medium,0.5485,20,Month-to-month,Fiber optic,70.55,Offer a term contract; Add Online Security (incentive)
5201-FRKKS,55,Medium,0.5484,25,Month-to-month,Fiber optic,74.3,Offer a term contract; Add Tech Support
4176-FXYBO,55,Medium,0.5481,54,Month-to-month,Fiber optic,109.55,Offer a term contract; Add Tech Support
8725-JEDFD,55,Medium,0.5477,27,Month-to-month,Fiber optic,69.05,Offer a term contract; Add Online Security (incentive)
4013-GUXND,55,Medium,0.5475,1,Month-to-month,No,20.8,Offer a term contract; Move to automatic payment
5575-TPIZQ,55,Medium,0.5474,46,Month-to-month,Fiber optic,89.15,Offer a term contract; Add Tech Support
0365-TRTPY,55,Medium,0.5473,37,Month-to-month,Fiber optic,91.2,Offer a term contract; Add Tech Support
6288-LBEAR,55,Medium,0.5473,23,Month-to-month,Fiber optic,79.1,Offer a term contract; Add Online Security (incentive)
8217-QYOHV,55,Medium,0.5472,5,Month-to-month,DSL,55.75,Offer a term contract; Move to automatic payment
9026-LHEVG,55,Medium,0.5467,9,Month-to-month,DSL,40.75,Offer a term contract; Add Online Security (incentive)
6351-SCJKT,55,Medium,0.5467,3,Month-to-month,DSL,41.35,Offer a term contract; Move to automatic payment
5533-NHFRF,55,Medium,0.5465,7,Month-to-month,DSL,44.4,Offer a term contract; Add Online Security (incentive)
9375-MHRRS,55,Medium,0.5465,6,Month-to-month,DSL,50.05,Offer a term contract; Add Online Security (incentive)
3717-LNXKW,55,Medium,0.5464,38,Month-to-month,Fiber optic,91.7,Offer a term contract; Add Tech Support
3694-DELSO,55,Medium,0.5461,4,Month-to-month,DSL,38.55,Offer a term contract; Add Tech Support
6591-QGOYB,55,Medium,0.5461,17,Month-to-month,Fiber optic,106.65,Offer a term contract
1135-LMECX,55,Medium,0.546,1,Month-to-month,No,19.85,Offer a term contract; Move to automatic payment
9681-KYGYB,55,Medium,0.5458,49,Month-to-month,Fiber optic,88.2,Offer a term contract; Add Tech Support
3589-PPVKW,55,Medium,0.5456,9,Month-to-month,DSL,44.4,Offer a term contract; Add Online Security (incentive)
8645-KWHJO,55,Medium,0.5456,14,Month-to-month,DSL,55.0,Offer a term contract; Add Online Security (incentive)
9776-OJUZI,55,Medium,0.5455,65,Month-to-month,Fiber optic,95.45,Offer a term contract; Add Online Security (incentive)
7880-XSOJX,55,Medium,0.5454,4,Month-to-month,DSL,42.4,Offer a term contract; Move to automatic payment
2027-WKXMW,54,Medium,0.545,63,Month-to-month,Fiber optic,108.75,Offer a term contract; Add Online Security (incentive)
5168-MSWXT,54,Medium,0.5449,8,Month-to-month,Fiber optic,94.75,Offer a term contract; Add Online Security (incentive)
6128-AQBMT,54,Medium,0.5448,41,Month-to-month,DSL,53.95,Offer a term contract; Add Online Security (incentive)
0734-OXWBT,54,Medium,0.5443,3,Month-to-month,DSL,70.7,Offer a term contract; Add Online Security (incentive)
5201-USSQZ,54,Medium,0.5442,26,Month-to-month,Fiber optic,85.9,Offer a term contract; Add Online Security (incentive)
2592-YKDIF,54,Medium,0.5436,1,Month-to-month,No,20.35,Offer a term contract; Move to automatic payment
1724-IQWNM,54,Medium,0.5434,1,Month-to-month,No,19.3,Offer a term contract; Move to automatic payment
5067-XJQFU,54,Medium,0.5432,66,One year,Fiber optic,108.45,Add Online Security (incentive); Move to automatic payment
6633-SYEUS,54,Medium,0.5428,23,Month-to-month,Fiber optic,83.2,Offer a term contract; Add Online Security (incentive)
2731-GJRDG,54,Medium,0.5425,32,One year,Fiber optic,109.55,Relationship check-in
5515-RUGKN,54,Medium,0.5425,8,Month-to-month,DSL,54.75,Offer a term contract; Add Online Security (incentive)
3452-SRFEG,54,Medium,0.5424,49,Month-to-month,Fiber optic,74.6,Offer a term contract; Add Online Security (incentive)
7426-GSWPO,54,Medium,0.5423,64,Month-to-month,Fiber optic,103.5,Offer a term contract; Add Tech Support
9547-ITEFG,54,Medium,0.5421,9,Month-to-month,Fiber optic,102.6,Offer a term contract; Add Online Security (incentive)
1216-BGTSP,54,Medium,0.542,45,Month-to-month,Fiber optic,108.45,Offer a term contract
6815-ABQFQ,54,Medium,0.5418,56,One year,Fiber optic,107.25,Add Online Security (incentive); Move to automatic payment
6847-KJLTS,54,Medium,0.5417,58,Month-to-month,Fiber optic,100.4,Offer a term contract; Add Online Security (incentive)
7721-DVEKZ,54,Medium,0.5417,1,Month-to-month,No,19.65,Offer a term contract; Move to automatic payment
0929-PECLO,54,Medium,0.5416,63,Month-to-month,Fiber optic,89.6,Offer a term contract; Add Online Security (incentive)
0924-BJCRC,54,Medium,0.5416,60,Month-to-month,Fiber optic,89.45,Offer a term contract; Add Online Security (incentive)
2669-OIDSD,54,Medium,0.5415,48,Month-to-month,Fiber optic,100.05,Offer a term contract; Add Online Security (incentive)
2373-NTKOD,54,Medium,0.5412,8,Month-to-month,DSL,66.25,Offer a term contract; Add Online Security (incentive)
4282-ACRXS,54,Medium,0.5409,38,Month-to-month,DSL,24.85,Offer a term contract; Add Online Security (incentive)
2325-WINES,54,Medium,0.5404,32,One year,Fiber optic,104.05,Add Online Security (incentive); Add Tech Support
2000-MPKCA,54,Medium,0.5402,58,One year,Fiber optic,107.75,Add Tech Support; Move to automatic payment
7617-EYGLW,54,Medium,0.54,1,Month-to-month,No,19.45,Offer a term contract; Move to automatic payment
5780-INQIK,54,Medium,0.54,8,Month-to-month,DSL,49.4,Offer a term contract; Add Online Security (incentive)
6124-ACRHJ,54,Medium,0.5398,1,Month-to-month,No,19.75,Offer a term contract; Move to automatic payment
2478-EEWWM,54,Medium,0.5397,59,Month-to-month,DSL,44.3,Offer a term contract; Add Online Security (incentive)
0856-NAOES,54,Medium,0.5397,6,Month-to-month,DSL,60.9,Offer a term contract; Add Online Security (incentive)
3537-HPKQT,54,Medium,0.5392,55,Month-to-month,Fiber optic,77.75,Offer a term contract; Add Online Security (incentive)
4931-TRZWN,54,Medium,0.539,13,Month-to-month,DSL,71.95,Offer a term contract; Add Tech Support
2669-QVCRG,54,Medium,0.5389,41,Month-to-month,Fiber optic,81.3,Offer a term contract; Add Tech Support
3058-WQDRE,54,Medium,0.5389,13,Month-to-month,DSL,25.15,Offer a term contract; Add Online Security (incentive)
2085-BOJKI,54,Medium,0.5388,17,One year,Fiber optic,96.65,Add Online Security (incentive); Add Tech Support
7064-FRRSW,54,Medium,0.5387,48,One year,Fiber optic,99.0,Add Online Security (incentive); Add Tech Support
3842-QTGDL,54,Medium,0.5387,16,Month-to-month,Fiber optic,80.75,Offer a term contract; Add Tech Support
8751-EDEKA,54,Medium,0.5387,28,Month-to-month,Fiber optic,89.9,Offer a term contract; Add Online Security (incentive)
2770-NSVDG,54,Medium,0.5386,24,Month-to-month,DSL,29.1,Offer a term contract; Add Online Security (incentive)
3349-ANQNH,54,Medium,0.5385,59,One year,Fiber optic,99.5,Add Online Security (incentive); Add Tech Support
2267-FPIMA,54,Medium,0.5364,50,Month-to-month,Fiber optic,94.4,Offer a term contract; Add Tech Support
1548-FEHVL,54,Medium,0.5364,61,Month-to-month,Fiber optic,106.2,Offer a term contract; Add Tech Support
2014-MKGMH,54,Medium,0.536,46,One year,Fiber optic,101.1,Add Online Security (incentive); Add Tech Support
8393-JMVMB,54,Medium,0.536,1,Month-to-month,No,19.45,Offer a term contract; Move to automatic payment
7047-FWEYA,54,Medium,0.536,46,One year,Fiber optic,103.15,Add Online Security (incentive); Move to automatic payment
0080-OROZO,54,Medium,0.5359,35,One year,Fiber optic,99.25,Add Online Security (incentive); Move to automatic payment
7072-MBHEV,54,Medium,0.5358,11,Month-to-month,Fiber optic,78.1,Offer a term contract; Add Online Security (incentive)
2971-SGAFL,54,Medium,0.5358,13,Month-to-month,DSL,78.75,Offer a term contract; Add Tech Support
3679-XASPY,54,Medium,0.5354,1,Month-to-month,No,19.45,Offer a term contract; Move to automatic payment
0673-IGUQO,54,Medium,0.5351,1,Month-to-month,No,20.45,Offer a term contract; Move to automatic payment
7975-TZMLR,53,Medium,0.535,47,One year,Fiber optic,103.1,Add Online Security (incentive); Add Tech Support
1310-QRITU,53,Medium,0.5348,18,Month-to-month,DSL,50.3,Offer a term contract; Add Online Security (incentive)
1423-BMPBQ,53,Medium,0.5348,1,Month-to-month,No,19.0,Offer a term contract; Move to automatic payment
4391-LNRXK,53,Medium,0.5346,22,Month-to-month,Fiber optic,94.95,Offer a term contract; Add Online Security (incentive)
2806-MLNTI,53,Medium,0.5343,52,One year,Fiber optic,105.1,Add Online Security (incentive); Add Tech Support
2360-RDGRO,53,Medium,0.534,65,Month-to-month,Fiber optic,104.25,Offer a term contract; Add Tech Support
8033-VCZGH,53,Medium,0.5339,50,One year,Fiber optic,103.95,Add Tech Support; Move to automatic payment
5371-VYLSX,53,Medium,0.5338,50,Month-to-month,Fiber optic,83.4,Offer a term contract; Add Tech Support
7398-LXGYX,53,Medium,0.5337,44,Month-to-month,Fiber optic,84.8,Offer a term contract; Add Tech Support
0060-FUALY,53,Medium,0.5333,59,Month-to-month,Fiber optic,94.75,Offer a term contract; Add Tech Support
4724-WXVWF,53,Medium,0.5332,48,Month-to-month,Fiber optic,95.4,Offer a term contract; Move to automatic payment
0319-QZTCO,53,Medium,0.5329,3,Month-to-month,DSL,58.7,Offer a term contract; Add Online Security (incentive)
5149-TGWDZ,53,Medium,0.5328,21,One year,Fiber optic,104.55,Add Online Security (incentive); Move to automatic payment
3590-TCXTB,53,Medium,0.5315,1,Month-to-month,No,20.35,Offer a term contract; Move to automatic payment
3688-FTHLT,53,Medium,0.5314,16,Month-to-month,DSL,63.05,Offer a term contract; Add Online Security (incentive)
6549-NNDYT,53,Medium,0.5314,13,Month-to-month,DSL,30.85,Offer a term contract; Add Tech Support
5046-NUHWD,53,Medium,0.5311,29,Month-to-month,DSL,45.0,Offer a term contract; Add Tech Support
9821-BESNZ,53,Medium,0.5309,66,One year,Fiber optic,104.25,Add Online Security (incentive); Move to automatic payment
5243-SAOTC,53,Medium,0.5303,54,Month-to-month,Fiber optic,79.85,Offer a term contract; Add Online Security (incentive)
8705-DWKTI,53,Medium,0.5303,52,Month-to-month,Fiber optic,83.8,Offer a term contract; Add Online Security (incentive)
7601-WFVZV,53,Medium,0.5303,1,Month-to-month,No,19.55,Offer a term contract; Move to automatic payment
9142-KZXOP,53,Medium,0.5301,44,Month-to-month,Fiber optic,68.85,Offer a term contract; Add Online Security (incentive)
1698-XFZCI,53,Medium,0.5298,61,One year,Fiber optic,107.75,Add Tech Support; Move to automatic payment
6199-IWKGC,53,Medium,0.5296,46,One year,Fiber optic,100.25,Add Online Security (incentive); Move to automatic payment
8250-ZNGGW,53,Medium,0.5288,5,Month-to-month,DSL,59.9,Offer a term contract
3069-SSVSN,53,Medium,0.5287,1,One year,DSL,25.85,Add Online Security (incentive); Add Tech Support
9962-BFPDU,53,Medium,0.5284,1,Month-to-month,No,20.05,Offer a term contract; Move to automatic payment
0295-QVKPB,53,Medium,0.5283,5,Month-to-month,DSL,63.95,Offer a term contract; Add Online Security (incentive)
1100-DDVRV,53,Medium,0.5283,17,Month-to-month,DSL,49.8,Offer a term contract; Add Online Security (incentive)
6921-OZMFH,53,Medium,0.5277,5,Month-to-month,DSL,55.7,Offer a term contract; Add Online Security (incentive)
1399-UBQIU,53,Medium,0.5276,11,Month-to-month,DSL,69.35,Offer a term contract; Add Online Security (incentive)
0668-OGMHD,53,Medium,0.5273,21,Month-to-month,DSL,28.5,Offer a term contract; Add Tech Support
1024-KPRBB,53,Medium,0.5269,38,One year,Fiber optic,89.1,Add Online Security (incentive); Add Tech Support
2676-ISHSF,53,Medium,0.5268,1,Month-to-month,No,20.3,Offer a term contract; Move to automatic payment
0100-DUVFC,53,Medium,0.5264,70,One year,Fiber optic,104.8,Add Online Security (incentive); Add Tech Support
1548-ARAGG,53,Medium,0.5264,4,Month-to-month,DSL,58.5,Offer a term contract; Add Online Security (incentive)
4191-XOVOM,53,Medium,0.5264,63,Month-to-month,Fiber optic,105.4,Offer a term contract; Add Online Security (incentive)
6821-JPCDC,53,Medium,0.5263,48,One year,Fiber optic,97.05,Add Online Security (incentive); Add Tech Support
8152-UOBNY,53,Medium,0.5263,50,One year,Fiber optic,106.8,Add Online Security (incentive); Move to automatic payment
1784-EZDKJ,53,Medium,0.5262,51,One year,Fiber optic,106.8,Add Online Security (incentive); Add Tech Support
7077-XJMET,53,Medium,0.525,12,Month-to-month,DSL,74.15,Offer a term contract; Add Online Security (incentive)
9441-QHEVC,52,Medium,0.5245,1,Month-to-month,No,19.1,Offer a term contract; Move to automatic payment
1663-MHLHE,52,Medium,0.5245,1,Month-to-month,No,19.2,Offer a term contract; Move to automatic payment
0015-UOCOJ,52,Medium,0.5244,7,Month-to-month,DSL,48.2,Offer a term contract; Add Tech Support
6745-JEFZB,52,Medium,0.5243,35,Month-to-month,Fiber optic,91.5,Offer a term contract; Add Online Security (incentive)
8979-CAMGB,52,Medium,0.5242,64,One year,Fiber optic,102.1,Add Online Security (incentive); Move to automatic payment
7742-MYPGI,52,Medium,0.5238,6,Month-to-month,DSL,48.8,Offer a term contract; Add Online Security (incentive)
8242-JSVBO,52,Medium,0.5237,7,Month-to-month,DSL,44.65,Offer a term contract; Add Online Security (incentive)
5156-UMKOW,52,Medium,0.5236,3,Month-to-month,DSL,29.65,Offer a term contract; Add Online Security (incentive)
7243-LCGGZ,52,Medium,0.523,1,Month-to-month,No,20.9,Offer a term contract; Move to automatic payment
0423-UDIJQ,52,Medium,0.5227,9,Month-to-month,DSL,49.2,Offer a term contract; Add Online Security (incentive)
0314-TKOSI,52,Medium,0.5227,6,Month-to-month,DSL,55.15,Offer a term contract; Add Tech Support
1600-DILPE,52,Medium,0.5226,12,Month-to-month,DSL,45.0,Offer a term contract; Add Online Security (incentive)
9122-UMROB,52,Medium,0.5226,1,Month-to-month,No,20.3,Offer a term contract; Move to automatic payment
4619-EVPHY,52,Medium,0.5225,20,One year,Fiber optic,91.0,Add Online Security (incentive); Add Tech Support
5088-QZLRL,52,Medium,0.5225,1,Month-to-month,No,20.65,Offer a term contract; Move to automatic payment
2111-DWYHN,52,Medium,0.5221,1,Month-to-month,No,21.1,Offer a term contract; Move to automatic payment
2720-FVBQP,52,Medium,0.5216,6,Month-to-month,DSL,48.95,Offer a term contract; Add Online Security (incentive)
8734-DKSTZ,52,Medium,0.5208,10,Month-to-month,Fiber optic,85.95,Offer a term contract; Add Online Security (incentive)
8065-BVEPF,52,Medium,0.5207,65,Month-to-month,Fiber optic,99.1,Offer a term contract; Add Online Security (incentive)
6710-HSJRD,52,Medium,0.5206,61,Month-to-month,Fiber optic,114.1,Offer a term contract; Add Online Security (incentive)
2782-LFZVW,52,Medium,0.5205,11,Month-to-month,DSL,58.95,Offer a term contract; Add Online Security (incentive)
4957-TREIR,52,Medium,0.5201,3,Month-to-month,DSL,64.4,Offer a term contract
2018-PZKMU,52,Medium,0.5195,9,Month-to-month,Fiber optic,103.1,Offer a term contract; Add Online Security (incentive)
1422-DGUBX,52,Medium,0.5195,32,One year,Fiber optic,79.25,Add Online Security (incentive); Move to automatic payment
8597-CWYHH,52,Medium,0.5192,43,One year,Fiber optic,94.35,Add Online Security (incentive); Add Tech Support
7351-MHQVU,52,Medium,0.5191,6,Month-to-month,DSL,50.95,Offer a term contract
7302-ZHMHP,52,Medium,0.519,1,Month-to-month,No,19.15,Offer a term contract; Move to automatic payment
5445-GLVOT,52,Medium,0.5189,22,Month-to-month,DSL,49.8,Offer a term contract; Add Tech Support
0380-NEAVX,52,Medium,0.5186,34,One year,Fiber optic,99.85,Add Online Security (incentive); Add Tech Support
6579-JPICP,52,Medium,0.5185,1,Month-to-month,No,20.4,Offer a term contract; Move to automatic payment
9169-BSVIN,52,Medium,0.5185,12,Month-to-month,DSL,74.75,Offer a term contract; Add Online Security (incentive)
5527-ACHSO,52,Medium,0.5178,11,Month-to-month,DSL,70.5,Offer a term contract; Add Online Security (incentive)
7291-CDTMJ,52,Medium,0.5177,1,Month-to-month,No,19.65,Offer a term contract
3727-JEZTU,52,Medium,0.5177,1,Month-to-month,No,20.4,Offer a term contract; Move to automatic payment
2668-TZSPS,52,Medium,0.5171,1,Month-to-month,No,20.45,Offer a term contract; Move to automatic payment
9281-PKKZE,52,Medium,0.5165,46,Month-to-month,DSL,43.95,Offer a term contract; Add Online Security (incentive)
3858-XHYJO,52,Medium,0.5162,40,One year,Fiber optic,105.75,Add Tech Support
8868-GAGIO,52,Medium,0.516,45,Month-to-month,Fiber optic,84.55,Offer a term contract; Add Tech Support
1156-ZFYDO,52,Medium,0.5158,1,Month-to-month,No,19.75,Offer a term contract; Move to automatic payment
7853-WNZSY,52,Medium,0.5158,1,Month-to-month,No,19.75,Offer a term contract
6897-UUBNU,52,Medium,0.5154,29,Month-to-month,Fiber optic,89.65,Offer a term contract; Add Online Security (incentive)
8096-LOIST,52,Medium,0.515,19,Month-to-month,DSL,56.2,Offer a term contract; Add Online Security (incentive)
4010-YLMVT,51,Medium,0.515,56,Month-to-month,Fiber optic,106.6,Offer a term contract; Add Tech Support
1849-RJYIG,51,Medium,0.5149,8,Month-to-month,DSL,60.0,Offer a term contract; Add Tech Support
0999-QXNSA,51,Medium,0.5149,7,Month-to-month,DSL,45.75,Offer a term contract; Add Online Security (incentive)
7789-HKSBS,51,Medium,0.5143,42,One year,Fiber optic,105.2,Add Tech Support
5022-JNQEQ,51,Medium,0.514,9,Month-to-month,Fiber optic,75.85,Offer a term contract; Add Online Security (incentive)
9332-GYWLO,51,Medium,0.5138,6,Month-to-month,DSL,54.85,Offer a term contract; Add Online Security (incentive)
7798-JVXYM,51,Medium,0.5135,14,Month-to-month,DSL,69.65,Offer a term contract; Add Online Security (incentive)
7895-VONWT,51,Medium,0.513,25,Month-to-month,DSL,48.25,Offer a term contract; Add Online Security (incentive)
0771-WLCLA,51,Medium,0.5129,16,Month-to-month,Fiber optic,112.95,Offer a term contract; Move to automatic payment
2826-DXLQO,51,Medium,0.5127,7,Month-to-month,DSL,29.8,Offer a term contract; Add Tech Support
7693-QPEFS,51,Medium,0.5119,52,Month-to-month,Fiber optic,72.95,Offer a term contract; Add Online Security (incentive)
7245-JMTTQ,51,Medium,0.5113,51,One year,Fiber optic,111.5,Add Online Security (incentive); Move to automatic payment
4138-NAXED,51,Medium,0.5112,51,Month-to-month,Fiber optic,81.0,Offer a term contract; Add Online Security (incentive)
0927-CNGRH,51,Medium,0.5106,1,Month-to-month,No,19.55,Offer a term contract; Move to automatic payment
4393-RYCRE,51,Medium,0.5105,44,One year,Fiber optic,106.05,Add Tech Support; Move to automatic payment
1170-SASML,51,Medium,0.5104,69,Month-to-month,Fiber optic,85.4,Offer a term contract; Add Online Security (incentive)
5370-IIVVL,51,Medium,0.5104,37,One year,Fiber optic,104.5,Add Online Security (incentive)
5651-CPDND,51,Medium,0.5102,10,Month-to-month,DSL,46.0,Offer a term contract; Add Online Security (incentive)
9278-VZKCD,51,Medium,0.5101,52,Month-to-month,Fiber optic,109.1,Offer a term contract; Add Tech Support
7594-LZNWR,51,Medium,0.5099,34,Month-to-month,Fiber optic,69.15,Offer a term contract; Add Online Security (incentive)
5027-YOCXN,51,Medium,0.5098,51,One year,Fiber optic,110.05,Relationship check-in
0130-SXOUN,51,Medium,0.5097,66,Month-to-month,Fiber optic,89.4,Offer a term contract; Add Online Security (incentive)
6652-YFFJO,51,Medium,0.5095,11,Month-to-month,DSL,64.9,Offer a term contract; Add Online Security (incentive)
4320-QMLLA,51,Medium,0.5094,7,Month-to-month,DSL,54.85,Offer a term contract; Add Online Security (incentive)
9374-YOLBJ,51,Medium,0.5094,1,Month-to-month,No,19.25,Offer a term contract; Move to automatic payment
0003-MKNFE,51,Medium,0.5092,9,Month-to-month,DSL,59.9,Offer a term contract; Add Online Security (incentive)
4647-XXZAM,51,Medium,0.5088,6,Month-to-month,DSL,45.5,Offer a term contract; Add Online Security (incentive)
2067-QYTCF,51,Medium,0.5075,64,Month-to-month,Fiber optic,111.15,Offer a term contract; Add Online Security (incentive)
0621-HJWXJ,51,Medium,0.5074,63,Month-to-month,Fiber optic,81.55,Offer a term contract; Add Online Security (incentive)
5973-EJGDP,51,Medium,0.5074,51,Month-to-month,Fiber optic,87.35,Offer a term contract; Add Online Security (incentive)
2866-IKBTM,51,Medium,0.5073,1,Month-to-month,No,19.55,Offer a term contract; Move to automatic payment
9494-BDNNC,51,Medium,0.5072,66,One year,Fiber optic,95.3,Add Online Security (incentive); Add Tech Support
8807-ARQET,51,Medium,0.507,41,Month-to-month,DSL,40.35,Offer a term contract; Add Online Security (incentive)
0330-BGYZE,51,Medium,0.5069,60,One year,Fiber optic,102.5,Add Online Security (incentive); Add Tech Support
2931-FSOHN,51,Medium,0.5067,13,Month-to-month,DSL,59.9,Offer a term contract; Add Online Security (incentive)
6143-JQKEA,51,Medium,0.5066,10,Month-to-month,DSL,45.8,Offer a term contract; Add Online Security (incentive)
7251-XFOIL,51,Medium,0.5063,61,Month-to-month,Fiber optic,89.2,Offer a term contract; Add Online Security (incentive)
3055-OYMSE,51,Medium,0.506,53,Month-to-month,Fiber optic,73.8,Offer a term contract; Add Online Security (incentive)
5802-ADBRC,51,Medium,0.5058,50,One year,Fiber optic,104.4,Add Tech Support; Move to automatic payment
0512-FLFDW,51,Medium,0.5056,60,One year,Fiber optic,100.5,Add Online Security (incentive); Add Tech Support
0326-VDYXE,51,Medium,0.5052,70,One year,Fiber optic,97.65,Add Online Security (incentive); Add Tech Support
6133-OZILE,51,Medium,0.505,18,Month-to-month,DSL,35.2,Offer a term contract; Add Online Security (incentive)
1230-QAJDW,50,Medium,0.5046,3,Month-to-month,DSL,65.25,Offer a term contract; Add Online Security (incentive)
0463-ZSDNT,50,Medium,0.5045,10,Month-to-month,DSL,56.75,Offer a term contract; Add Online Security (incentive)
0239-OXEXL,50,Medium,0.5043,46,Month-to-month,Fiber optic,84.25,Offer a term contract; Add Tech Support
4468-KAZHE,50,Medium,0.5042,20,Month-to-month,DSL,60.0,Offer a term contract; Add Online Security (incentive)
7636-OWBPG,50,Medium,0.5036,12,Month-to-month,DSL,29.35,Offer a term contract; Add Online Security (incentive)
5440-VHLUL,50,Medium,0.503,69,One year,Fiber optic,105.2,Add Online Security (incentive)
5868-YTYKS,50,Medium,0.5028,1,Month-to-month,No,20.25,Offer a term contract; Move to automatic payment
2105-PHWON,50,Medium,0.5025,33,Month-to-month,Fiber optic,95.0,Offer a term contract; Add Online Security (incentive)
2625-TRCZQ,50,Medium,0.5021,51,Month-to-month,DSL,49.65,Offer a term contract; Add Online Security (incentive)
9873-MNDKV,50,Medium,0.5019,11,Month-to-month,DSL,44.65,Offer a term contract; Add Online Security (incentive)
8677-HDZEE,50,Medium,0.5018,56,Month-to-month,Fiber optic,105.45,Offer a term contract; Add Online Security (incentive)
1685-VAYJF,50,Medium,0.5017,11,Month-to-month,DSL,45.2,Offer a term contract; Add Online Security (incentive)
2883-ILGWO,50,Medium,0.5017,57,Month-to-month,Fiber optic,104.9,Offer a term contract; Add Online Security (incentive)
4522-AKYLR,50,Medium,0.5015,13,Month-to-month,DSL,54.8,Offer a term contract; Add Online Security (incentive)
0422-UXFAP,50,Medium,0.5009,51,One year,Fiber optic,98.85,Add Online Security (incentive); Add Tech Support
5074-FBGHB,50,Medium,0.5008,64,One year,Fiber optic,104.65,Add Online Security (incentive)
2750-BJLSB,50,Medium,0.5004,47,One year,Fiber optic,103.7,Move to automatic payment
7103-IPXPJ,50,Medium,0.5004,50,One year,Fiber optic,99.4,Add Online Security (incentive); Move to automatic payment
0970-QXPXW,50,Medium,0.5002,1,Month-to-month,No,19.65,Offer a term contract; Move to automatic payment
1169-WCVAK,50,Medium,0.5002,19,Month-to-month,Fiber optic,88.8,Offer a term contract
1394-SUIUH,50,Medium,0.4993,44,Month-to-month,Fiber optic,85.15,Offer a term contract; Move to automatic payment
6859-RKMZJ,50,Medium,0.4992,11,Month-to-month,DSL,55.05,Offer a term contract; Add Online Security (incentive)
2712-SYWAY,50,Medium,0.4991,1,Month-to-month,No,25.7,Offer a term contract; Move to automatic payment
6728-WYQBC,50,Medium,0.499,1,Month-to-month,No,20.95,Offer a term contract
5136-GFPMB,50,Medium,0.499,54,Month-to-month,Fiber optic,89.4,Offer a term contract; Add Online Security (incentive)
4324-AHJKS,50,Medium,0.4986,5,Month-to-month,DSL,55.8,Offer a term contract; Add Tech Support
5285-MVEHD,50,Medium,0.4985,56,One year,Fiber optic,105.6,Add Tech Support
7188-CBBBA,50,Medium,0.4984,65,One year,Fiber optic,95.5,Add Online Security (incentive); Add Tech Support
2654-VBVPB,50,Medium,0.4982,1,Month-to-month,No,19.9,Offer a term contract
8992-CEUEN,50,Medium,0.498,1,Month-to-month,No,18.85,Offer a term contract; Move to automatic payment
4188-FRABG,50,Medium,0.4973,57,Month-to-month,Fiber optic,103.05,Offer a term contract; Move to automatic payment
3604-WLABM,50,Medium,0.4973,10,Month-to-month,DSL,54.25,Offer a term contract; Add Online Security (incentive)
1049-FYSYG,50,Medium,0.4972,17,Month-to-month,DSL,35.65,Offer a term contract; Add Online Security (incentive)
1907-YLNYW,50,Medium,0.4968,8,Month-to-month,DSL,66.7,Offer a term contract; Add Tech Support
2270-CHBFN,49,Medium,0.495,44,Month-to-month,Fiber optic,95.1,Offer a term contract
6713-OKOMC,49,Medium,0.495,10,Month-to-month,DSL,29.75,Offer a term contract; Add Tech Support
2460-NGXBJ,49,Medium,0.4948,11,Month-to-month,Fiber optic,75.2,Offer a term contract; Add Online Security (incentive)
1564-HJUVY,49,Medium,0.4945,4,Month-to-month,DSL,63.75,Offer a term contract; Add Online Security (incentive)
0247-SLUJI,49,Medium,0.4944,1,Month-to-month,No,19.7,Offer a term contract; Move to automatic payment
8069-YQQAJ,49,Medium,0.4944,14,Month-to-month,DSL,31.1,Offer a term contract; Add Online Security (incentive)
8124-NZVGJ,49,Medium,0.4939,6,One year,DSL,49.25,Add Online Security (incentive); Move to automatic payment
2475-MROZF,49,Medium,0.4937,30,Month-to-month,Fiber optic,95.0,Offer a term contract
4976-LNFVV,49,Medium,0.4935,19,Month-to-month,DSL,34.3,Offer a term contract; Add Online Security (incentive)
1356-MKYSK,49,Medium,0.4933,6,Month-to-month,DSL,78.65,Offer a term contract
9505-SQFSW,49,Medium,0.4933,3,Month-to-month,DSL,40.3,Offer a term contract; Add Online Security (incentive)
6217-TOWGS,49,Medium,0.493,17,Month-to-month,DSL,75.4,Offer a term contract; Add Online Security (incentive)
1950-KSVVJ,49,Medium,0.4927,45,One year,Fiber optic,113.3,Move to automatic payment
4673-KKSLS,49,Medium,0.4925,31,Month-to-month,Fiber optic,87.6,Offer a term contract; Move to automatic payment
2452-SNHFZ,49,Medium,0.492,47,Month-to-month,Fiber optic,75.45,Offer a term contract; Add Tech Support
3090-LETTY,49,Medium,0.4917,2,Month-to-month,DSL,60.95,Offer a term contract; Add Tech Support
4118-CEVPF,49,Medium,0.491,35,One year,Fiber optic,110.8,Relationship check-in
3308-MHOOC,49,Medium,0.4909,1,Month-to-month,No,19.2,Offer a term contract; Move to automatic payment
0356-ERHVT,49,Medium,0.4908,11,Month-to-month,DSL,45.9,Offer a term contract; Add Online Security (incentive)
2615-YVMYX,49,Medium,0.4899,71,Month-to-month,Fiber optic,107.5,Offer a term contract; Add Tech Support
9780-FKVVF,49,Medium,0.4899,6,Month-to-month,DSL,59.15,Offer a term contract; Add Tech Support
5671-UUNXD,49,Medium,0.4897,50,One year,Fiber optic,100.65,Add Online Security (incentive); Move to automatic payment
6537-OTKMY,49,Medium,0.4894,15,One year,DSL,50.75,Add Online Security (incentive); Add Tech Support
8455-HIRAQ,49,Medium,0.4894,8,Month-to-month,DSL,44.45,Offer a term contract; Add Online Security (incentive)
9643-YBLUR,49,Medium,0.4894,9,Month-to-month,DSL,69.05,Offer a term contract; Add Online Security (incentive)
6647-ZEDXT,49,Medium,0.4893,30,One year,Fiber optic,110.45,Add Online Security (incentive)
8158-WPEZG,49,Medium,0.4893,11,Month-to-month,DSL,35.65,Offer a term contract; Add Online Security (incentive)
8887-IPQNC,49,Medium,0.4888,7,Month-to-month,DSL,44.25,Offer a term contract; Add Online Security (incentive)
4007-NHVHI,49,Medium,0.4887,56,Month-to-month,Fiber optic,96.85,Offer a term contract; Add Tech Support
7748-UMTRK,49,Medium,0.4882,30,Month-to-month,Fiber optic,101.3,Offer a term contract; Add Online Security (incentive)
5882-CMAZQ,49,Medium,0.4877,5,Month-to-month,DSL,34.25,Offer a term contract; Add Online Security (incentive)
1853-ARAAQ,49,Medium,0.4876,26,Month-to-month,DSL,50.35,Offer a term contract; Add Online Security (incentive)
1304-BCCFO,49,Medium,0.4876,9,Month-to-month,DSL,70.05,Offer a term contract; Add Online Security (incentive)
2709-UQGNP,49,Medium,0.4868,10,Month-to-month,DSL,51.65,Offer a term contract; Add Tech Support
3845-FXCYS,49,Medium,0.4868,2,Month-to-month,No,19.65,Offer a term contract; Move to automatic payment
3071-VBYPO,49,Medium,0.4865,3,Month-to-month,Fiber optic,89.85,Offer a term contract; Add Tech Support
6917-IAYHD,49,Medium,0.4865,1,Month-to-month,DSL,33.6,Offer a term contract; Add Online Security (incentive)
9761-XUJWD,49,Medium,0.4862,5,Month-to-month,DSL,65.6,Offer a term contract; Add Online Security (incentive)
9975-SKRNR,49,Medium,0.4858,1,Month-to-month,No,18.9,Offer a term contract; Move to automatic payment
4291-HPAXL,49,Medium,0.4854,1,Month-to-month,No,19.85,Offer a term contract; Move to automatic payment
1194-SPVSP,49,Medium,0.4853,1,Month-to-month,No,19.65,Offer a term contract
0708-LGSMF,49,Medium,0.4853,13,Month-to-month,DSL,65.85,Offer a term contract; Add Tech Support
7950-XWOVN,49,Medium,0.4851,11,Month-to-month,DSL,34.7,Offer a term contract; Add Online Security (incentive)
3016-KSVCP,48,Medium,0.4845,29,Month-to-month,DSL,33.75,Offer a term contract; Add Online Security (incentive)
9402-CXWPL,48,Medium,0.4839,70,One year,Fiber optic,98.9,Add Online Security (incentive); Add Tech Support
3511-APPBJ,48,Medium,0.4835,23,One year,Fiber optic,99.95,Add Tech Support
9842-EFSYY,48,Medium,0.4834,4,Month-to-month,DSL,57.2,Offer a term contract; Add Tech Support
2172-EJXVF,48,Medium,0.4834,71,One year,Fiber optic,105.9,Add Online Security (incentive); Add Tech Support
1169-SAOCL,48,Medium,0.4833,49,One year,Fiber optic,106.65,Add Online Security (incentive)
2692-PFYTJ,48,Medium,0.4833,1,Month-to-month,No,25.75,Offer a term contract; Move to automatic payment
6789-HJBWG,48,Medium,0.4832,12,Month-to-month,DSL,49.4,Offer a term contract; Add Online Security (incentive)
1370-GGAWX,48,Medium,0.4826,46,One year,Fiber optic,94.15,Add Online Security (incentive); Add Tech Support
8095-WANWK,48,Medium,0.4823,10,Month-to-month,DSL,45.25,Offer a term contract; Add Online Security (incentive)
0898-XCGTF,48,Medium,0.482,61,One year,Fiber optic,96.5,Add Online Security (incentive); Add Tech Support
5198-EFNBM,48,Medium,0.482,57,One year,Fiber optic,90.65,Add Online Security (incentive); Add Tech Support
2988-GBIVW,48,Medium,0.4816,70,Month-to-month,Fiber optic,90.85,Offer a term contract; Add Tech Support
6624-JDRDS,48,Medium,0.4813,6,Month-to-month,DSL,29.45,Offer a term contract; Add Tech Support
8564-LDKFL,48,Medium,0.4809,40,One year,Fiber optic,106.0,Add Online Security (incentive); Add Tech Support
2075-RMJIK,48,Medium,0.4809,5,Month-to-month,DSL,49.4,Offer a term contract; Add Tech Support
9833-TGFHX,48,Medium,0.4804,42,One year,Fiber optic,97.1,Add Tech Support; Move to automatic payment
4109-CYRBD,48,Medium,0.4802,29,Month-to-month,DSL,51.6,Offer a term contract; Add Online Security (incentive)
4003-FUSHP,48,Medium,0.48,19,Month-to-month,DSL,61.55,Offer a term contract; Add Online Security (incentive)
7966-YOTQW,48,Medium,0.4798,10,Month-to-month,DSL,54.5,Offer a term contract; Add Tech Support
8189-HBVRW,48,Medium,0.4797,53,Month-to-month,Fiber optic,90.8,Offer a term contract; Add Tech Support
7041-TXQJH,48,Medium,0.4795,37,Month-to-month,DSL,40.2,Offer a term contract; Add Online Security (incentive)
6954-OOYZZ,48,Medium,0.4791,18,Month-to-month,DSL,44.35,Offer a term contract; Add Online Security (incentive)
0575-CUQOV,48,Medium,0.4788,60,One year,Fiber optic,97.95,Add Online Security (incentive); Add Tech Support
9591-YVTEB,48,Medium,0.4786,55,Month-to-month,DSL,44.85,Offer a term contract; Add Tech Support
3946-JEWRQ,48,Medium,0.4785,47,One year,Fiber optic,95.2,Add Online Security (incentive); Add Tech Support
5968-XQIVE,48,Medium,0.4781,72,One year,Fiber optic,89.7,Add Online Security (incentive); Add Tech Support
8985-OOPOS,48,Medium,0.4781,1,One year,DSL,74.1,Add Online Security (incentive)
5569-IDSEY,48,Medium,0.4777,71,One year,Fiber optic,105.7,Add Online Security (incentive); Add Tech Support
4123-FCVCB,48,Medium,0.4772,12,One year,DSL,75.85,Add Online Security (incentive); Move to automatic payment
8982-NHAVY,48,Medium,0.4772,27,One year,Fiber optic,100.5,Add Online Security (incentive); Add Tech Support
5325-UWTWJ,48,Medium,0.4768,31,Month-to-month,Fiber optic,90.55,Offer a term contract
2924-KHUVI,48,Medium,0.4757,56,One year,Fiber optic,100.55,Add Tech Support; Move to automatic payment
1217-VASWC,48,Medium,0.4756,43,One year,Fiber optic,100.55,Add Online Security (incentive); Add Tech Support
7876-BEUTG,48,Medium,0.4756,15,Month-to-month,DSL,48.8,Offer a term contract; Add Online Security (incentive)
1360-JYXKQ,48,Medium,0.475,54,One year,Fiber optic,99.1,Add Online Security (incentive); Move to automatic payment
1436-ZMJAN,47,Medium,0.4749,10,Month-to-month,DSL,67.8,Offer a term contract; Add Online Security (incentive)
1051-GEJLJ,47,Medium,0.4739,2,Month-to-month,No,19.5,Offer a term contract; Move to automatic payment
2927-QRRQV,47,Medium,0.4738,46,One year,Fiber optic,94.65,Add Online Security (incentive); Add Tech Support
6383-ZTSIW,47,Medium,0.4737,39,One year,Fiber optic,99.1,Add Tech Support; Move to automatic payment
6344-SFJVH,47,Medium,0.4737,20,Month-to-month,DSL,24.9,Offer a term contract; Add Online Security (incentive)
9103-CXVOK,47,Medium,0.4735,1,Month-to-month,No,19.75,Offer a term contract; Move to automatic payment
4646-QZXTF,47,Medium,0.4727,7,Month-to-month,DSL,81.25,Offer a term contract
4832-VRBMR,47,Medium,0.4722,65,One year,Fiber optic,103.15,Add Online Security (incentive); Add Tech Support
1091-SOZGA,47,Medium,0.472,56,One year,Fiber optic,99.8,Add Online Security (incentive); Add Tech Support
6599-GZWCM,47,Medium,0.4715,13,One year,Fiber optic,74.65,Add Online Security (incentive); Add Tech Support
2195-VVRJF,47,Medium,0.4715,18,Month-to-month,DSL,59.1,Offer a term contract; Add Tech Support
2272-UOINI,47,Medium,0.4714,7,Month-to-month,DSL,78.5,Offer a term contract; Move to automatic payment
5188-HGMLP,47,Medium,0.4711,54,Month-to-month,Fiber optic,74.0,Offer a term contract; Add Online Security (incentive)
7634-WSWDB,47,Medium,0.471,8,Month-to-month,DSL,38.5,Offer a term contract; Add Tech Support
9233-PSYHO,47,Medium,0.4706,45,One year,Fiber optic,100.15,Add Online Security (incentive); Add Tech Support
1379-FRVEB,47,Medium,0.4706,15,Month-to-month,Fiber optic,91.0,Offer a term contract; Add Online Security (incentive)
1559-DTODC,47,Medium,0.4705,19,Month-to-month,DSL,25.15,Offer a term contract; Add Online Security (incentive)
0853-NWIFK,47,Medium,0.4702,45,One year,Fiber optic,100.3,Add Tech Support; Move to automatic payment
8679-LZBMD,47,Medium,0.4701,44,One year,Fiber optic,90.65,Add Online Security (incentive); Add Tech Support
5843-TTHGI,47,Medium,0.4698,18,Month-to-month,DSL,50.0,Offer a term contract; Add Online Security (incentive)
4983-CLMLV,47,Medium,0.4697,52,Month-to-month,Fiber optic,102.7,Offer a term contract; Add Online Security (incentive)
6728-VOIFY,47,Medium,0.4694,63,One year,Fiber optic,96.0,Add Online Security (incentive); Add Tech Support
5438-QMDDL,47,Medium,0.4693,19,Month-to-month,DSL,59.8,Offer a term contract; Add Online Security (incentive)
5443-SCMKX,47,Medium,0.4691,58,One year,Fiber optic,94.3,Add Online Security (incentive); Add Tech Support
0804-XBFBV,47,Medium,0.4687,11,Month-to-month,DSL,25.2,Offer a term contract; Add Online Security (incentive)
5402-HTOTQ,47,Medium,0.4684,16,Month-to-month,DSL,55.3,Offer a term contract; Add Online Security (incentive)
2480-EJWYP,47,Medium,0.4681,58,One year,Fiber optic,97.8,Add Online Security (incentive); Add Tech Support
2623-DRYAM,47,Medium,0.4676,70,One year,Fiber optic,101.75,Add Online Security (incentive); Add Tech Support
2858-EIMXH,47,Medium,0.4674,53,One year,Fiber optic,95.85,Add Online Security (incentive); Add Tech Support
4450-YOOHP,47,Medium,0.4674,39,Month-to-month,DSL,50.65,Offer a term contract; Add Online Security (incentive)
8755-IWJHN,47,Medium,0.4665,69,Month-to-month,Fiber optic,95.35,Offer a term contract; Add Online Security (incentive)
9079-LWTFD,47,Medium,0.4664,47,Month-to-month,Fiber optic,100.75,Offer a term contract; Move to automatic payment
0959-WHOKV,47,Medium,0.4663,42,One year,Fiber optic,99.0,Add Tech Support; Move to automatic payment
9163-GHAYE,47,Medium,0.4661,15,Month-to-month,DSL,48.85,Offer a term contract; Add Online Security (incentive)
3689-MOZGR,47,Medium,0.466,29,Month-to-month,DSL,31.2,Offer a term contract; Add Online Security (incentive)
5334-JLAXU,47,Medium,0.466,60,Month-to-month,Fiber optic,94.1,Offer a term contract; Add Tech Support
5686-CMAWK,47,Medium,0.466,17,One year,Fiber optic,86.75,Add Online Security (incentive); Move to automatic payment
1848-LBZHY,47,Medium,0.466,7,Month-to-month,DSL,50.3,Offer a term contract; Add Tech Support
3345-PBBFH,47,Medium,0.4659,8,Month-to-month,DSL,49.55,Offer a term contract; Add Online Security (incentive)
1596-OQSPS,47,Medium,0.4654,11,Month-to-month,DSL,51.1,Offer a term contract; Add Online Security (incentive)
2293-IJWPS,47,Medium,0.4654,57,One year,Fiber optic,100.75,Add Online Security (incentive); Add Tech Support
8229-MYEJZ,47,Medium,0.4651,10,Month-to-month,DSL,51.2,Offer a term contract; Add Online Security (incentive)
2812-SFXMJ,46,Medium,0.4648,1,Month-to-month,No,20.05,Offer a term contract; Move to automatic payment
3584-WKTTW,46,Medium,0.4647,51,One year,Fiber optic,111.55,Move to automatic payment
7134-MJPDY,46,Medium,0.4646,66,One year,Fiber optic,102.85,Add Online Security (incentive)
0237-YFUTL,46,Medium,0.4642,50,Month-to-month,Fiber optic,109.65,Offer a term contract
4360-QRAVE,46,Medium,0.464,37,Month-to-month,DSL,36.65,Offer a term contract; Add Online Security (incentive)
6807-SIWJI,46,Medium,0.4639,38,One year,Fiber optic,104.85,Add Tech Support; Move to automatic payment
4987-GQWPO,46,Medium,0.4636,17,Month-to-month,DSL,25.1,Offer a term contract; Add Online Security (incentive)
6029-CSMJE,46,Medium,0.4635,17,Month-to-month,DSL,25.65,Offer a term contract; Add Online Security (incentive)
9943-VSZUV,46,Medium,0.4634,67,Month-to-month,Fiber optic,75.7,Offer a term contract; Add Online Security (incentive)
0916-QOFDP,46,Medium,0.463,14,Month-to-month,Fiber optic,95.8,Offer a term contract; Add Online Security (incentive)
5133-VRSAB,46,Medium,0.4624,8,Month-to-month,DSL,29.35,Offer a term contract; Add Tech Support
7203-OYKCT,46,Medium,0.4623,72,One year,Fiber optic,104.95,Add Online Security (incentive); Add Tech Support
7025-IWFHT,46,Medium,0.4623,41,One year,Fiber optic,89.55,Add Online Security (incentive); Move to automatic payment
2828-SLQPF,46,Medium,0.4613,19,Month-to-month,DSL,45.0,Offer a term contract; Add Online Security (incentive)
7766-CLTIC,46,Medium,0.4611,10,Month-to-month,DSL,60.95,Offer a term contract; Add Online Security (incentive)
9825-YCXWZ,46,Medium,0.4611,41,One year,Fiber optic,101.1,Add Online Security (incentive)
9323-HGFWY,46,Medium,0.4607,27,One year,Fiber optic,101.9,Relationship check-in
9114-VEPUF,46,Medium,0.4606,62,One year,Fiber optic,96.1,Add Tech Support; Move to automatic payment
8920-NAVAY,46,Medium,0.4605,62,One year,Fiber optic,110.75,Add Online Security (incentive)
2673-CXQEU,46,Medium,0.4599,56,One year,Fiber optic,110.5,Add Tech Support; Move to automatic payment
4455-BFSPD,46,Medium,0.4597,61,One year,Fiber optic,101.15,Add Online Security (incentive)
8967-SZQAS,46,Medium,0.4594,14,Month-to-month,DSL,50.45,Offer a term contract; Add Online Security (incentive)
5630-AHZIL,46,Medium,0.4593,3,Month-to-month,DSL,64.5,Offer a term contract
6198-PNNSZ,46,Medium,0.459,56,One year,Fiber optic,109.8,Add Tech Support
2604-XVDAM,46,Medium,0.4586,12,Month-to-month,DSL,43.8,Offer a term contract; Add Online Security (incentive)
7821-DPRQE,46,Medium,0.4586,68,Month-to-month,Fiber optic,107.7,Offer a term contract; Move to automatic payment
0899-WZRSD,46,Medium,0.4583,56,Month-to-month,Fiber optic,105.35,Offer a term contract; Move to automatic payment
8671-KKKOS,46,Medium,0.4582,46,Month-to-month,DSL,45.55,Offer a term contract; Add Tech Support
9828-QHFBK,46,Medium,0.4582,24,Month-to-month,DSL,51.15,Offer a term contract; Add Tech Support
6898-MDLZW,46,Medium,0.4581,12,Month-to-month,DSL,53.75,Offer a term contract; Add Online Security (incentive)
4480-MBMLB,46,Medium,0.4581,36,One year,Fiber optic,104.8,Add Online Security (incentive); Add Tech Support
8952-WCVCD,46,Medium,0.458,41,One year,Fiber optic,104.45,Add Tech Support
5186-EJEGL,46,Medium,0.4579,9,Month-to-month,DSL,69.5,Offer a term contract; Move to automatic payment
8706-HRADD,46,Medium,0.4579,21,Month-to-month,DSL,43.55,Offer a term contract; Move to automatic payment
7537-CBQUZ,46,Medium,0.4578,63,Month-to-month,Fiber optic,109.4,Offer a term contract; Add Tech Support
0880-FVFWF,46,Medium,0.4576,56,Month-to-month,Fiber optic,86.4,Offer a term contract; Add Tech Support
0471-ARVMX,46,Medium,0.4575,62,One year,Fiber optic,104.85,Add Tech Support; Move to automatic payment
8905-IAZPF,46,Medium,0.4569,69,One year,Fiber optic,95.65,Add Online Security (incentive); Add Tech Support
7018-WBJNK,46,Medium,0.4569,13,Month-to-month,Fiber optic,78.3,Offer a term contract; Add Online Security (incentive)
6952-OMNWB,46,Medium,0.4569,68,Month-to-month,Fiber optic,80.35,Offer a term contract; Add Online Security (incentive)
1110-KYLGQ,46,Medium,0.4566,63,Month-to-month,Fiber optic,108.25,Offer a term contract; Add Tech Support
2640-LYMOV,46,Medium,0.4566,2,Month-to-month,No,19.65,Offer a term contract; Move to automatic payment
9795-VOWON,46,Medium,0.4561,7,One year,DSL,24.35,Add Online Security (incentive); Add Tech Support
5651-WYIPH,46,Medium,0.4558,18,Month-to-month,DSL,49.85,Offer a term contract; Add Online Security (incentive)
2716-GFZOR,46,Medium,0.4551,43,Month-to-month,Fiber optic,86.1,Offer a term contract; Add Tech Support
0537-QYZZN,46,Medium,0.455,24,Month-to-month,Fiber optic,79.85,Offer a term contract; Add Tech Support
3521-MNKLV,45,Medium,0.4548,24,Month-to-month,DSL,49.7,Offer a term contract; Add Online Security (incentive)
4080-IIARD,45,Medium,0.4548,13,Month-to-month,DSL,76.2,Offer a term contract; Move to automatic payment
5311-IHLEI,45,Medium,0.4547,12,Month-to-month,DSL,50.95,Offer a term contract
3566-VVORZ,45,Medium,0.4544,12,Month-to-month,DSL,45.9,Offer a term contract; Add Online Security (incentive)
6689-VRRTK,45,Medium,0.4544,44,One year,Fiber optic,109.8,Add Tech Support
5730-RIITO,45,Medium,0.4542,43,Month-to-month,DSL,33.45,Offer a term contract; Add Tech Support
0691-NIKRI,45,Medium,0.4538,40,One year,Fiber optic,105.95,Add Online Security (incentive)
0851-DFJKB,45,Medium,0.4535,15,Month-to-month,DSL,58.95,Offer a term contract; Move to automatic payment
7596-LDUXP,45,Medium,0.4532,12,One year,Fiber optic,85.15,Add Tech Support
6726-WEXXK,45,Medium,0.4531,27,One year,Fiber optic,85.9,Add Tech Support; Move to automatic payment
2657-VPXTA,45,Medium,0.4527,10,Month-to-month,Fiber optic,88.85,Offer a term contract; Add Online Security (incentive)
3890-RTCMS,45,Medium,0.4526,16,Month-to-month,DSL,49.45,Offer a term contract; Add Online Security (incentive)
2144-BFDSO,45,Medium,0.4526,50,Month-to-month,Fiber optic,108.75,Offer a term contract; Add Tech Support
1335-HQMKX,45,Medium,0.4526,72,One year,Fiber optic,101.35,Add Online Security (incentive); Add Tech Support
6874-SGLHU,45,Medium,0.4523,30,One year,Fiber optic,97.0,Add Online Security (incentive); Add Tech Support
0931-MHTEM,45,Medium,0.4517,54,One year,Fiber optic,100.05,Add Tech Support
8329-UTMVM,45,Medium,0.4516,27,One year,Fiber optic,104.65,Add Online Security (incentive)
9036-CSKBW,45,Medium,0.4513,51,One year,Fiber optic,107.45,Add Tech Support
4869-EPIUS,45,Medium,0.4513,56,One year,Fiber optic,80.9,Add Online Security (incentive); Add Tech Support
2432-TFSMK,45,Medium,0.4507,18,One year,Fiber optic,89.6,Add Online Security (incentive); Add Tech Support
0887-WBJVH,45,Medium,0.4507,53,One year,Fiber optic,93.45,Add Online Security (incentive); Move to automatic payment
8547-NSBBO,45,Medium,0.4506,35,Month-to-month,Fiber optic,96.75,Offer a term contract; Move to automatic payment
8896-BQTTI,45,Medium,0.4505,1,Month-to-month,No,25.0,Offer a term contract; Move to automatic payment
5816-SCGFC,45,Medium,0.4502,7,Month-to-month,DSL,51.3,Offer a term contract; Add Online Security (incentive)
7351-KYHQH,45,Medium,0.4501,7,Month-to-month,DSL,64.95,Offer a term contract; Add Online Security (incentive)
6917-YACBP,45,Medium,0.4501,59,Month-to-month,Fiber optic,89.75,Offer a term contract; Add Tech Support
6300-BWMJX,45,Medium,0.4497,59,Month-to-month,Fiber optic,93.35,Offer a term contract; Add Online Security (incentive)
5778-BVOFB,45,Medium,0.4497,9,Month-to-month,DSL,59.5,Offer a term contract; Add Online Security (incentive)
4462-CYWMH,45,Medium,0.4496,62,Month-to-month,Fiber optic,89.8,Offer a term contract; Add Online Security (incentive)
5701-ZIKJE,45,Medium,0.4491,13,Month-to-month,DSL,50.55,Offer a term contract; Add Online Security (incentive)
9396-ZSFLL,45,Medium,0.4491,15,Month-to-month,DSL,48.85,Offer a term contract; Add Online Security (incentive)
4672-FOTSD,45,Medium,0.4486,12,Month-to-month,DSL,67.25,Offer a term contract; Move to automatic payment
3717-OFRTN,45,Medium,0.4485,1,Month-to-month,No,19.75,Offer a term contract
4307-KWMXE,45,Medium,0.4484,10,Month-to-month,DSL,35.75,Offer a term contract; Add Online Security (incentive)
5447-WZAFP,45,Medium,0.4482,53,One year,Fiber optic,100.3,Add Online Security (incentive); Add Tech Support
2585-KTFRE,45,Medium,0.4482,1,Month-to-month,DSL,70.45,Offer a term contract
4132-POCZS,45,Medium,0.4481,52,Month-to-month,DSL,39.9,Offer a term contract; Add Tech Support
2305-MRGLV,45,Medium,0.4478,28,Month-to-month,Fiber optic,76.55,Offer a term contract; Add Online Security (incentive)
1015-OWJKI,45,Medium,0.4473,1,Month-to-month,No,19.05,Offer a term contract; Move to automatic payment
1656-DRSMG,45,Medium,0.4463,63,Month-to-month,Fiber optic,109.85,Offer a term contract; Add Online Security (incentive)
8799-OXZMD,45,Medium,0.4461,28,Month-to-month,DSL,29.75,Offer a term contract; Add Online Security (incentive)
8294-UIMBA,45,Medium,0.4457,30,One year,Fiber optic,94.4,Add Online Security (incentive)
7409-JURKQ,45,Medium,0.4456,53,One year,Fiber optic,111.8,Add Online Security (incentive)
5366-OBVMR,45,Medium,0.4455,18,Month-to-month,DSL,50.3,Offer a term contract; Add Online Security (incentive)
7964-VEXDG,45,Medium,0.4452,21,Month-to-month,Fiber optic,80.35,Offer a term contract; Add Tech Support
6625-UTXEW,44,Medium,0.4449,12,Month-to-month,DSL,51.25,Offer a term contract; Add Online Security (incentive)
8715-KKTFG,44,Medium,0.4446,61,One year,Fiber optic,103.3,Add Online Security (incentive)
0481-SUMCB,44,Medium,0.4445,45,One year,Fiber optic,102.15,Add Online Security (incentive); Add Tech Support
7310-EGVHZ,44,Medium,0.4444,1,Month-to-month,No,20.2,Offer a term contract
6128-DAFVY,44,Medium,0.4443,56,Month-to-month,DSL,44.85,Offer a term contract; Add Online Security (incentive)
9052-VKDUW,44,Medium,0.4443,65,Month-to-month,Fiber optic,109.4,Offer a term contract; Add Tech Support
5206-XZZQI,44,Medium,0.4439,53,Month-to-month,Fiber optic,80.6,Offer a term contract; Add Online Security (incentive)
8118-TJAFG,44,Medium,0.4438,9,Month-to-month,Fiber optic,101.5,Offer a term contract; Add Online Security (incentive)
1919-RTPQD,44,Medium,0.4438,7,Month-to-month,DSL,44.75,Offer a term contract; Add Online Security (incentive)
6284-KMNUF,44,Medium,0.4435,56,One year,Fiber optic,98.0,Add Tech Support; Move to automatic payment
1986-PHGZF,44,Medium,0.4426,18,Month-to-month,DSL,58.4,Offer a term contract; Add Tech Support
6797-UCJHZ,44,Medium,0.4422,66,One year,Fiber optic,104.6,Add Online Security (incentive); Add Tech Support
4918-FYJNT,44,Medium,0.442,55,Month-to-month,Fiber optic,90.45,Offer a term contract; Add Online Security (incentive)
9708-KFDBY,44,Medium,0.4419,1,Month-to-month,No,20.55,Offer a term contract
4683-WYDOU,44,Medium,0.4415,62,Two year,Fiber optic,107.6,Add Online Security (incentive)
6563-VNPMN,44,Medium,0.4415,45,Month-to-month,Fiber optic,85.7,Offer a term contract
9701-CDXHR,44,Medium,0.4414,51,Month-to-month,Fiber optic,69.15,Offer a term contract; Add Online Security (incentive)
4685-ERGHK,44,Medium,0.441,57,One year,Fiber optic,86.9,Add Online Security (incentive); Add Tech Support
2087-QAREY,44,Medium,0.4409,22,Month-to-month,DSL,54.7,Offer a term contract; Add Online Security (incentive)
2542-HYGIQ,44,Medium,0.4404,1,Month-to-month,No,19.95,Offer a term contract
8735-IJJEG,44,Medium,0.4404,14,Month-to-month,DSL,50.2,Offer a term contract; Add Online Security (incentive)
2252-JHJGE,44,Medium,0.4404,61,One year,Fiber optic,104.0,Add Tech Support; Move to automatic payment
3807-XHCJH,44,Medium,0.4403,1,Month-to-month,No,20.0,Offer a term contract; Move to automatic payment
8008-ESFLK,44,Medium,0.4394,53,One year,Fiber optic,110.5,Move to automatic payment
5934-RMPOV,44,Medium,0.4387,22,Month-to-month,Fiber optic,84.75,Offer a term contract; Add Online Security (incentive)
3873-NFTGI,44,Medium,0.4385,14,Month-to-month,DSL,55.5,Offer a term contract; Add Online Security (incentive)
2560-PPCHE,44,Medium,0.4384,65,One year,Fiber optic,105.05,Add Online Security (incentive)
7241-AJHFS,44,Medium,0.4381,32,Month-to-month,Fiber optic,87.65,Offer a term contract
0567-GGCAC,44,Medium,0.4379,7,Month-to-month,DSL,61.4,Offer a term contract; Add Tech Support
4177-JPDFU,44,Medium,0.4375,12,Month-to-month,DSL,34.0,Offer a term contract; Add Online Security (incentive)
8375-KVTHK,44,Medium,0.4371,68,One year,Fiber optic,100.3,Add Online Security (incentive); Move to automatic payment
5939-XAIXZ,44,Medium,0.4369,19,Month-to-month,DSL,56.1,Offer a term contract; Add Online Security (incentive)
2346-DJQTB,44,Medium,0.4369,35,Month-to-month,DSL,24.15,Offer a term contract; Add Online Security (incentive)
5424-RLQLC,44,Medium,0.4368,10,Month-to-month,DSL,59.65,Offer a term contract; Add Online Security (incentive)
4280-DLSHD,44,Medium,0.4368,8,Month-to-month,DSL,54.75,Offer a term contract; Add Online Security (incentive)
7879-CGSFV,44,Medium,0.4365,55,One year,Fiber optic,100.9,Add Tech Support; Move to automatic payment
4524-QCSSM,44,Medium,0.4362,26,Month-to-month,DSL,44.65,Offer a term contract; Add Tech Support
8267-KFGYD,44,Medium,0.4358,1,Month-to-month,No,21.05,Offer a term contract; Move to automatic payment
7928-VJYAB,44,Medium,0.4356,11,Month-to-month,Fiber optic,90.6,Offer a term contract; Add Online Security (incentive)
6341-AEVKX,44,Medium,0.4353,62,One year,Fiber optic,104.3,Move to automatic payment
6008-NAIXK,43,Medium,0.4343,54,One year,DSL,55.45,Add Online Security (incentive); Add Tech Support
1355-KUSBG,43,Medium,0.4341,7,Month-to-month,DSL,48.8,Offer a term contract; Add Online Security (incentive)
5945-AZYHT,43,Medium,0.4335,71,One year,Fiber optic,109.6,Add Tech Support; Move to automatic payment
2522-AHJXR,43,Medium,0.4332,60,Month-to-month,Fiber optic,109.45,Offer a term contract
6733-LRIZX,43,Medium,0.4331,35,Two year,Fiber optic,108.95,Move to automatic payment
9475-NNDGC,43,Medium,0.433,71,One year,Fiber optic,113.15,Add Online Security (incentive)
3629-WEAAM,43,Medium,0.433,8,Month-to-month,DSL,64.1,Offer a term contract; Add Online Security (incentive)
7395-XWZOY,43,Medium,0.4327,20,Month-to-month,DSL,55.0,Offer a term contract
1465-LNTLJ,43,Medium,0.4327,8,Month-to-month,DSL,64.4,Offer a term contract; Add Online Security (incentive)
8791-GFXLZ,43,Medium,0.4326,12,Month-to-month,DSL,49.05,Offer a term contract; Add Online Security (incentive)
1098-TDVUQ,43,Medium,0.4325,1,Month-to-month,No,19.25,Offer a term contract
0191-ZHSKZ,43,Medium,0.4325,30,Month-to-month,DSL,74.75,Offer a term contract; Add Tech Support
3170-GWYKC,43,Medium,0.4325,60,Month-to-month,Fiber optic,104.95,Offer a term contract
3001-UNBTL,43,Medium,0.4324,29,Month-to-month,Fiber optic,103.95,Offer a term contract; Add Online Security (incentive)
3164-YAXFY,43,Medium,0.4321,57,Month-to-month,DSL,53.75,Offer a term contract; Add Tech Support
8980-WQFWL,43,Medium,0.4319,35,Month-to-month,DSL,62.1,Offer a term contract; Add Online Security (incentive)
4753-PADAS,43,Medium,0.4314,67,One year,Fiber optic,105.7,Add Online Security (incentive); Add Tech Support
5215-LNLDJ,43,Medium,0.4312,7,Month-to-month,DSL,24.7,Offer a term contract; Add Online Security (incentive)
6743-HHQPF,43,Medium,0.4308,42,Month-to-month,DSL,25.1,Offer a term contract; Add Online Security (incentive)
7054-ENNGU,43,Medium,0.4308,9,Month-to-month,DSL,50.85,Offer a term contract; Add Online Security (incentive)
1360-XFJMR,43,Medium,0.4304,67,One year,Fiber optic,109.7,Add Online Security (incentive)
0106-GHRQR,43,Medium,0.4302,16,Month-to-month,DSL,71.4,Offer a term contract; Add Online Security (incentive)
5481-NTDOH,43,Medium,0.4302,67,One year,Fiber optic,107.05,Add Tech Support
6655-LHBYW,43,Medium,0.4301,50,One year,Fiber optic,114.35,Relationship check-in
8999-XXGNS,43,Medium,0.4301,72,One year,Fiber optic,105.75,Add Online Security (incentive); Add Tech Support
3756-VNWDH,43,Medium,0.4301,65,One year,Fiber optic,100.75,Add Tech Support; Move to automatic payment
7251-LJBQN,43,Medium,0.43,40,One year,Fiber optic,103.75,Add Online Security (incentive)
5732-IKGQH,43,Medium,0.4298,52,One year,Fiber optic,104.45,Relationship check-in
7382-DFJTU,43,Medium,0.4292,18,Month-to-month,DSL,55.2,Offer a term contract; Add Online Security (incentive)
2279-AXJJK,43,Medium,0.4291,52,Month-to-month,Fiber optic,95.65,Offer a term contract; Add Online Security (incentive)
0058-EVZWM,43,Medium,0.4289,55,Month-to-month,Fiber optic,89.8,Offer a term contract; Add Tech Support
4415-WNGVR,43,Medium,0.4286,12,One year,DSL,79.2,Move to automatic payment
4402-FTBXC,43,Medium,0.4283,54,Month-to-month,Fiber optic,89.8,Offer a term contract; Add Tech Support
9058-HRZSV,43,Medium,0.4282,65,Month-to-month,Fiber optic,94.4,Offer a term contract; Add Tech Support
0872-JCPIB,43,Medium,0.4279,17,Month-to-month,DSL,65.75,Offer a term contract; Add Tech Support
3528-HFRIQ,43,Medium,0.4279,71,Month-to-month,DSL,52.3,Offer a term contract; Add Online Security (incentive)
5568-DMXZS,43,Medium,0.4277,8,Month-to-month,DSL,65.45,Offer a term contract; Add Online Security (incentive)
1229-RCALF,43,Medium,0.4275,64,One year,Fiber optic,115.0,Move to automatic payment
3807-BPOMJ,43,Medium,0.427,55,One year,Fiber optic,94.75,Add Tech Support; Move to automatic payment
2229-VWQJH,43,Medium,0.4268,24,Month-to-month,DSL,49.3,Offer a term contract; Add Online Security (incentive)
2220-IAHLS,43,Medium,0.4265,1,Month-to-month,No,19.4,Offer a term contract
3199-NPKCN,43,Medium,0.4264,67,One year,Fiber optic,111.25,Move to automatic payment
1976-AZZPJ,43,Medium,0.4264,7,Month-to-month,DSL,34.2,Offer a term contract; Add Tech Support
8627-ZYGSZ,43,Medium,0.4257,47,One year,Fiber optic,78.9,Add Online Security (incentive); Add Tech Support
5828-DWPIL,43,Medium,0.4253,62,Month-to-month,Fiber optic,89.1,Offer a term contract; Add Tech Support
2676-OXPPQ,43,Medium,0.4252,6,Month-to-month,DSL,55.7,Offer a term contract; Add Tech Support
6569-KTMDU,42,Medium,0.425,1,Month-to-month,No,19.1,Offer a term contract; Move to automatic payment
7296-PIXQY,42,Medium,0.4245,14,Month-to-month,Fiber optic,70.2,Offer a term contract; Add Online Security (incentive)
2519-ERQOJ,42,Medium,0.4239,33,Month-to-month,DSL,54.6,Offer a term contract; Add Online Security (incentive)
1803-BGNBD,42,Medium,0.4238,12,Month-to-month,DSL,54.3,Offer a term contract; Add Online Security (incentive)
9097-ZUBYC,42,Medium,0.4237,14,Month-to-month,DSL,48.8,Offer a term contract; Add Online Security (incentive)
7130-CTCUS,42,Medium,0.4232,16,Month-to-month,DSL,54.55,Offer a term contract; Add Tech Support
5897-ZYEKH,42,Medium,0.4231,67,One year,Fiber optic,105.6,Add Tech Support; Move to automatic payment
4819-HJPIW,42,Medium,0.423,18,Month-to-month,DSL,25.15,Offer a term contract; Add Online Security (incentive)
9128-CPXKI,42,Medium,0.4227,59,Two year,Fiber optic,95.8,Add Online Security (incentive); Add Tech Support
5309-TAIKL,42,Medium,0.4224,7,Month-to-month,DSL,62.8,Offer a term contract; Add Online Security (incentive)
9501-UKKNL,42,Medium,0.4222,59,Month-to-month,DSL,51.7,Offer a term contract; Add Online Security (incentive)
4439-YRNVD,42,Medium,0.4221,10,Month-to-month,DSL,36.25,Offer a term contract; Add Online Security (incentive)
8166-ORCHU,42,Medium,0.4212,33,One year,Fiber optic,93.55,Move to automatic payment
7799-DSEWS,42,Medium,0.421,18,Month-to-month,DSL,68.35,Offer a term contract; Move to automatic payment
4801-JZAZL,42,Medium,0.4208,11,Month-to-month,DSL,29.6,Offer a term contract; Add Tech Support
6942-LBFDP,42,Medium,0.4207,2,Month-to-month,No,20.55,Offer a term contract; Move to automatic payment
9659-ZTWSM,42,Medium,0.4206,66,One year,Fiber optic,107.35,Add Online Security (incentive)
9489-UTFKA,42,Medium,0.4199,8,Month-to-month,DSL,60.9,Offer a term contract; Add Tech Support
3644-QXEHN,42,Medium,0.4197,13,Month-to-month,Fiber optic,97.0,Offer a term contract; Add Online Security (incentive)
0103-CSITQ,42,Medium,0.4194,57,One year,Fiber optic,109.4,Add Online Security (incentive)
6227-FBDXH,42,Medium,0.4192,69,One year,Fiber optic,99.5,Add Online Security (incentive); Add Tech Support
4350-ZTLPI,42,Medium,0.419,53,One year,Fiber optic,108.95,Add Online Security (incentive)
7661-CPURM,42,Medium,0.4189,19,One year,Fiber optic,87.7,Add Online Security (incentive)
6345-HOVES,42,Medium,0.4185,34,Month-to-month,DSL,25.05,Offer a term contract; Add Online Security (incentive)
0871-OPBXW,42,Medium,0.4185,2,Month-to-month,No,20.05,Offer a term contract; Move to automatic payment
8023-QHAIO,42,Medium,0.4182,56,Month-to-month,Fiber optic,76.85,Offer a term contract; Add Online Security (incentive)
2957-JIRMN,42,Medium,0.418,62,One year,Fiber optic,84.45,Add Online Security (incentive); Add Tech Support
2257-BOVXD,42,Medium,0.4179,14,Month-to-month,DSL,66.6,Offer a term contract; Add Online Security (incentive)
4950-BDEUX,42,Medium,0.4175,35,Month-to-month,DSL,49.2,Offer a term contract; Add Online Security (incentive)
8769-KKTPH,42,Medium,0.4171,63,One year,Fiber optic,99.65,Add Tech Support
6202-DYYFX,42,Medium,0.417,22,One year,Fiber optic,76.0,Add Online Security (incentive); Add Tech Support
9099-FTUHS,42,Medium,0.417,23,Month-to-month,DSL,54.4,Offer a term contract; Add Tech Support
1258-YMZNM,42,Medium,0.417,27,One year,Fiber optic,110.5,Add Tech Support
8016-NCFVO,42,Medium,0.4169,55,Month-to-month,Fiber optic,116.5,Offer a term contract; Move to automatic payment
6469-MRVET,42,Medium,0.4169,1,One year,No,20.2,Move to automatic payment
1020-JPQOW,42,Medium,0.4167,56,Month-to-month,Fiber optic,90.55,Offer a term contract; Add Online Security (incentive)
3007-FDPEA,42,Medium,0.4166,2,Month-to-month,No,20.7,Offer a term contract
5966-EMAZU,42,Medium,0.4166,64,One year,Fiber optic,108.5,Move to automatic payment
5206-HPJKM,42,Medium,0.4165,17,Month-to-month,DSL,55.5,Offer a term contract; Add Tech Support
0487-RPVUM,42,Medium,0.4165,61,Month-to-month,Fiber optic,99.4,Offer a term contract
5140-FOMCQ,42,Medium,0.4163,59,One year,Fiber optic,109.15,Add Tech Support
2324-EFHVG,42,Medium,0.4159,64,Two year,Fiber optic,104.4,Add Online Security (incentive); Add Tech Support
6137-MFAJN,42,Medium,0.4153,48,Month-to-month,DSL,44.8,Offer a term contract; Add Tech Support
7883-ROJOC,42,Medium,0.4152,19,Month-to-month,DSL,44.9,Offer a term contract; Add Online Security (incentive)
0409-WTMPL,42,Medium,0.4152,58,One year,Fiber optic,110.65,Add Tech Support
3657-COGMW,41,Medium,0.4144,52,Month-to-month,Fiber optic,108.1,Offer a term contract; Add Tech Support
1641-RQDAY,41,Medium,0.4143,32,Month-to-month,Fiber optic,100.4,Offer a term contract; Add Online Security (incentive)
1710-RCXUS,41,Medium,0.4135,51,One year,Fiber optic,90.35,Add Online Security (incentive); Add Tech Support
5298-GSTLM,41,Medium,0.4134,60,One year,Fiber optic,101.4,Add Tech Support
7921-LMDFQ,41,Medium,0.413,51,One year,Fiber optic,94.0,Add Online Security (incentive); Add Tech Support
6583-SZVGP,41,Medium,0.4129,48,Two year,Fiber optic,108.1,Add Online Security (incentive); Add Tech Support
4338-EYCER,41,Medium,0.4123,21,Month-to-month,DSL,54.6,Offer a term contract; Add Online Security (incentive)
3645-DEYGF,41,Medium,0.4119,1,Month-to-month,No,20.75,Offer a term contract; Move to automatic payment
6067-NGCEU,41,Medium,0.4119,65,Month-to-month,Fiber optic,111.05,Offer a term contract; Add Tech Support
2303-PJYHN,41,Medium,0.4117,2,Month-to-month,No,19.85,Offer a term contract
1095-WGNGG,41,Medium,0.4108,61,Two year,Fiber optic,101.05,Add Online Security (incentive); Add Tech Support
8904-OPDCK,41,Medium,0.4106,54,Month-to-month,DSL,24.95,Offer a term contract; Add Online Security (incentive)
8059-UDZFY,41,Medium,0.4102,33,Month-to-month,Fiber optic,105.35,Offer a term contract; Add Online Security (incentive)
8562-GHPPI,41,Medium,0.4101,1,Month-to-month,No,19.8,Offer a term contract
2758-RNWXS,41,Medium,0.41,35,One year,Fiber optic,89.2,Move to automatic payment
8402-EIVQS,41,Medium,0.4099,67,One year,Fiber optic,100.9,Add Tech Support
6854-EXGSF,41,Medium,0.4099,8,Month-to-month,DSL,65.5,Offer a term contract; Add Tech Support
2186-QZEYA,41,Medium,0.4097,29,Month-to-month,DSL,58.55,Offer a term contract; Add Tech Support
6439-LAJXL,41,Medium,0.4092,9,Month-to-month,DSL,68.95,Offer a term contract; Move to automatic payment
0052-DCKON,41,Medium,0.4092,66,One year,Fiber optic,115.8,Relationship check-in
3316-UWXUY,41,Medium,0.4092,50,Month-to-month,Fiber optic,93.5,Offer a term contract
2700-LUEVA,41,Medium,0.4091,1,Month-to-month,No,20.75,Offer a term contract
7074-STDCN,41,Medium,0.409,39,Month-to-month,DSL,40.6,Offer a term contract; Add Online Security (incentive)
3256-EZDBI,41,Medium,0.4088,51,Month-to-month,DSL,29.45,Offer a term contract; Add Online Security (incentive)
3090-QFUVD,41,Medium,0.4083,1,Month-to-month,No,20.3,Offer a term contract
3179-GBRWV,41,Medium,0.4078,21,Month-to-month,DSL,64.95,Offer a term contract; Add Tech Support
8111-BKVDS,41,Medium,0.4071,10,Month-to-month,DSL,40.7,Offer a term contract; Add Tech Support
4929-ROART,41,Medium,0.407,18,Month-to-month,DSL,56.25,Offer a term contract; Add Tech Support
2259-OUUSZ,41,Medium,0.4065,7,One year,DSL,35.5,Add Online Security (incentive)
8070-AAWZP,41,Medium,0.4062,24,Month-to-month,DSL,34.25,Offer a term contract; Add Online Security (incentive)
0678-RLHVP,41,Medium,0.406,53,Two year,Fiber optic,105.55,Add Online Security (incentive); Add Tech Support
2320-SLKMB,41,Medium,0.4058,26,Month-to-month,DSL,44.45,Offer a term contract; Add Online Security (incentive)
3936-QQFLL,41,Medium,0.4054,2,Month-to-month,No,19.75,Offer a term contract; Move to automatic payment
8565-HBFNN,41,Medium,0.4054,69,One year,Fiber optic,107.2,Relationship check-in
6614-VBEGU,40,Medium,0.4048,24,Month-to-month,DSL,69.45,Offer a term contract; Add Online Security (incentive)
8739-QOTTN,40,Medium,0.4048,2,Month-to-month,No,20.35,Offer a term contract; Move to automatic payment
1958-RNRKS,40,Medium,0.4047,30,Month-to-month,DSL,49.9,Offer a term contract; Add Online Security (incentive)
5423-BHIXO,40,Medium,0.4044,32,Month-to-month,DSL,54.2,Offer a term contract; Add Online Security (incentive)
8495-PRWFH,40,Medium,0.4044,42,Month-to-month,DSL,55.65,Offer a term contract; Add Online Security (incentive)
0909-SDHNU,40,Medium,0.4044,7,Month-to-month,DSL,29.8,Offer a term contract; Add Tech Support
4710-NKCAW,40,Medium,0.4041,5,Month-to-month,DSL,64.4,Offer a term contract
7285-KLOTR,40,Medium,0.404,12,One year,DSL,78.85,Add Tech Support; Move to automatic payment
2284-VFLKH,40,Medium,0.4036,49,One year,Fiber optic,99.25,Add Online Security (incentive)
8992-OBVDG,40,Medium,0.4034,21,Month-to-month,DSL,61.65,Offer a term contract; Add Online Security (incentive)
4232-JGKIY,40,Medium,0.4032,1,Month-to-month,No,19.2,Offer a term contract; Move to automatic payment
0308-GIQJT,40,Medium,0.4029,71,One year,Fiber optic,105.75,Add Online Security (incentive)
9115-YQHGA,40,Medium,0.4025,40,Month-to-month,DSL,51.1,Offer a term contract; Add Online Security (incentive)
5985-BEHZK,40,Medium,0.4024,72,One year,Fiber optic,105.0,Add Online Security (incentive); Add Tech Support
5223-UZAVK,40,Medium,0.4023,64,One year,Fiber optic,100.3,Add Tech Support
8190-ZTQFB,40,Medium,0.4016,41,One year,DSL,51.35,Add Online Security (incentive); Add Tech Support
1202-KKGFU,40,Medium,0.4014,12,Month-to-month,DSL,54.2,Offer a term contract
4833-QTJNO,40,Medium,0.4013,67,Month-to-month,Fiber optic,83.85,Offer a term contract; Add Tech Support
4881-JVQOD,40,Medium,0.4011,10,Month-to-month,DSL,34.55,Offer a term contract; Add Online Security (incentive)
7143-BQIBA,40,Medium,0.4011,10,Month-to-month,DSL,62.25,Offer a term contract
2586-CWXVV,40,Medium,0.401,54,Month-to-month,DSL,30.4,Offer a term contract; Add Online Security (incentive)
0228-MAUWC,40,Medium,0.4009,19,Month-to-month,DSL,59.55,Offer a term contract; Add Online Security (incentive)
9314-QDMDW,40,Medium,0.4008,11,One year,DSL,61.25,Add Online Security (incentive); Add Tech Support
8268-YDIXR,40,Medium,0.4007,56,One year,Fiber optic,93.15,Add Tech Support; Move to automatic payment
8344-WFMFH,40,Medium,0.4007,9,Month-to-month,DSL,50.1,Offer a term contract; Add Online Security (incentive)
0178-CIIKR,40,Medium,0.4005,3,Month-to-month,No,19.95,Offer a term contract; Move to automatic payment
3307-TLCUD,40,Medium,0.4005,17,Month-to-month,DSL,34.4,Offer a term contract; Add Tech Support
6480-YAGIY,40,Medium,0.4004,45,One year,Fiber optic,112.2,Relationship check-in
7622-NXQZR,40,Medium,0.4002,28,Month-to-month,DSL,30.1,Offer a term contract; Add Online Security (incentive)
0222-CNVPT,40,Medium,0.4001,52,Month-to-month,DSL,48.8,Offer a term contract; Add Tech Support
9738-QLWTP,40,Medium,0.399,39,One year,Fiber optic,81.9,Add Online Security (incentive); Move to automatic payment
2402-TAIRZ,40,Medium,0.3986,37,One year,Fiber optic,80.05,Add Online Security (incentive); Add Tech Support
6723-WSNTY,40,Medium,0.3985,66,One year,Fiber optic,108.1,Add Online Security (incentive)
9069-LGEUL,40,Medium,0.3982,23,Month-to-month,DSL,59.95,Offer a term contract; Add Tech Support
0786-IVLAW,40,Medium,0.3979,66,One year,Fiber optic,108.1,Add Online Security (incentive); Add Tech Support
8735-DCXNF,40,Medium,0.3973,10,Month-to-month,DSL,54.95,Offer a term contract
1346-PJWTK,40,Medium,0.397,61,Month-to-month,Fiber optic,94.15,Offer a term contract; Add Online Security (incentive)
4692-NNQRU,40,Medium,0.3968,21,One year,Fiber optic,79.2,Add Online Security (incentive); Move to automatic payment
3606-SBKRY,40,Medium,0.3967,31,One year,DSL,50.05,Add Online Security (incentive); Add Tech Support
9391-YZEJW,40,Medium,0.3966,62,One year,Fiber optic,94.0,Add Online Security (incentive); Add Tech Support
6627-CFOSN,40,Medium,0.3965,59,Month-to-month,Fiber optic,99.45,Offer a term contract; Add Tech Support
0623-EJQEG,40,Medium,0.3961,65,One year,Fiber optic,93.55,Move to automatic payment
1629-DQQVB,40,Medium,0.396,14,Month-to-month,DSL,50.1,Offer a term contract; Add Tech Support
1810-BOHSY,40,Medium,0.3956,51,One year,Fiber optic,96.4,Add Tech Support
3195-TQDZX,40,Medium,0.3951,3,Month-to-month,No,20.25,Offer a term contract; Move to automatic payment
7905-NJMXS,39,Medium,0.3949,7,Month-to-month,DSL,64.2,Offer a term contract; Move to automatic payment
1304-SEGFY,39,Medium,0.3948,72,Two year,Fiber optic,97.85,Add Online Security (incentive); Add Tech Support
5176-LDKUH,39,Medium,0.3948,48,One year,Fiber optic,75.15,Add Online Security (incentive); Add Tech Support
7718-UPSKJ,39,Medium,0.3943,69,One year,Fiber optic,106.4,Relationship check-in
3893-JRNFS,39,Medium,0.3943,68,Month-to-month,DSL,39.9,Offer a term contract; Add Online Security (incentive)
5702-SKUOB,39,Medium,0.3942,4,Month-to-month,No,19.6,Offer a term contract; Move to automatic payment
3709-OIJEA,39,Medium,0.3941,26,One year,Fiber optic,85.2,Add Online Security (incentive); Move to automatic payment
3570-YUEKJ,39,Medium,0.394,42,Month-to-month,DSL,49.55,Offer a term contract; Add Online Security (incentive)
1768-HNVGJ,39,Medium,0.3939,45,Month-to-month,DSL,70.05,Offer a term contract; Move to automatic payment
6322-PJJDJ,39,Medium,0.3933,49,Two year,Fiber optic,94.8,Add Online Security (incentive); Add Tech Support
8878-RYUKI,39,Medium,0.3931,52,Month-to-month,DSL,59.45,Offer a term contract; Add Online Security (incentive)
4075-JFPGR,39,Medium,0.393,51,One year,Fiber optic,93.5,Add Tech Support; Move to automatic payment
8205-MQUGY,39,Medium,0.393,12,Month-to-month,DSL,49.2,Offer a term contract; Add Tech Support
1353-LJWEM,39,Medium,0.3927,11,Month-to-month,DSL,60.9,Offer a term contract; Add Online Security (incentive)
6906-MPARY,39,Medium,0.3921,40,One year,Fiber optic,89.6,Add Online Security (incentive)
5433-KYGHE,39,Medium,0.3915,14,Month-to-month,Fiber optic,86.0,Offer a term contract; Move to automatic payment
7017-VFULY,39,Medium,0.3914,2,Month-to-month,No,20.1,Offer a term contract
0442-ZXKVS,39,Medium,0.3913,54,One year,Fiber optic,115.6,Relationship check-in
6728-DKUCO,39,Medium,0.391,72,One year,Fiber optic,104.15,Add Tech Support; Move to automatic payment
9373-WSLOY,39,Medium,0.3907,33,Month-to-month,DSL,50.0,Offer a term contract; Add Online Security (incentive)
7869-ZYDST,39,Medium,0.3905,31,Month-to-month,DSL,59.05,Offer a term contract; Add Online Security (incentive)
4283-IVYCI,39,Medium,0.3904,9,Month-to-month,DSL,64.95,Offer a term contract; Move to automatic payment
2692-AQCPF,39,Medium,0.3904,65,One year,Fiber optic,108.05,Add Online Security (incentive)
8631-WUXGY,39,Medium,0.3899,46,Month-to-month,Fiber optic,99.8,Offer a term contract; Add Online Security (incentive)
3339-EAQNV,39,Medium,0.3895,72,One year,Fiber optic,97.25,Add Online Security (incentive); Add Tech Support
8992-VONJD,39,Medium,0.3889,13,Month-to-month,DSL,56.0,Offer a term contract; Add Tech Support
2019-HDCZY,39,Medium,0.3887,63,Two year,Fiber optic,102.6,Add Online Security (incentive); Add Tech Support
4945-RVMTE,39,Medium,0.3885,28,Month-to-month,DSL,59.55,Offer a term contract; Add Online Security (incentive)
7319-VENRZ,39,Medium,0.3883,7,Month-to-month,DSL,64.3,Offer a term contract; Add Online Security (incentive)
2045-BMBTJ,39,Medium,0.3883,33,Month-to-month,DSL,59.45,Offer a term contract; Add Tech Support
7811-JIVPF,39,Medium,0.3883,23,Month-to-month,DSL,49.7,Offer a term contract; Add Online Security (incentive)
7808-DVWEP,39,Medium,0.388,3,Month-to-month,No,20.0,Offer a term contract
9314-IJWSQ,39,Medium,0.3877,14,Month-to-month,Fiber optic,84.8,Offer a term contract; Add Online Security (incentive)
0750-EBAIU,39,Medium,0.3877,52,One year,Fiber optic,91.25,Add Tech Support; Move to automatic payment
2294-SALNE,39,Medium,0.3874,23,One year,Fiber optic,86.8,Add Online Security (incentive); Move to automatic payment
5619-PTMIK,39,Medium,0.387,46,Month-to-month,DSL,53.1,Offer a term contract; Add Tech Support
9938-EKRGF,39,Medium,0.3865,15,Month-to-month,DSL,84.45,Offer a term contract; Move to automatic payment
0822-QGCXA,39,Medium,0.3863,27,Month-to-month,DSL,83.85,Offer a term contract; Add Online Security (incentive)
9571-EDEBV,39,Medium,0.3857,71,One year,Fiber optic,98.65,Add Online Security (incentive); Add Tech Support
1480-IVEVR,39,Medium,0.3855,35,One year,Fiber optic,81.6,Add Online Security (incentive); Add Tech Support
9881-VCZEP,39,Medium,0.3855,25,Month-to-month,DSL,54.1,Offer a term contract; Add Online Security (incentive)
6705-LNMDD,39,Medium,0.3853,20,Month-to-month,DSL,50.0,Offer a term contract; Add Online Security (incentive)
0265-PSUAE,39,Medium,0.385,16,Month-to-month,Fiber optic,100.7,Offer a term contract; Add Tech Support
7926-IJOOU,38,Medium,0.3848,1,Month-to-month,No,19.3,Offer a term contract
5294-IMHHT,38,Medium,0.3844,53,One year,Fiber optic,97.75,Add Online Security (incentive)
5734-EJKXG,38,Medium,0.3843,61,One year,Fiber optic,118.6,Move to automatic payment
8644-XYTSV,38,Medium,0.3842,42,Month-to-month,DSL,40.15,Offer a term contract; Add Tech Support
1796-JANOW,38,Medium,0.3837,2,Month-to-month,No,19.95,Offer a term contract; Move to automatic payment
4501-VCPFK,38,Medium,0.3834,26,Month-to-month,DSL,35.75,Offer a term contract; Add Online Security (incentive)
0956-ACVZC,38,Medium,0.3833,54,One year,Fiber optic,94.1,Add Online Security (incentive); Add Tech Support
0895-LMRSF,38,Medium,0.3832,23,One year,DSL,64.9,Add Online Security (incentive); Add Tech Support
6333-YDVLT,38,Medium,0.3831,65,One year,Fiber optic,110.0,Relationship check-in
7746-AWNQW,38,Medium,0.3828,28,Month-to-month,DSL,35.75,Offer a term contract; Add Online Security (incentive)
4476-OSWTN,38,Medium,0.3821,69,One year,Fiber optic,110.55,Move to automatic payment
5949-HGVJL,38,Medium,0.382,26,Month-to-month,DSL,73.05,Offer a term contract; Add Online Security (incentive)
2843-CQMEG,38,Medium,0.3819,24,Month-to-month,DSL,49.7,Offer a term contract; Add Online Security (incentive)
4282-MSACW,38,Medium,0.3818,68,One year,Fiber optic,117.2,Relationship check-in
0277-BKSQP,38,Medium,0.3817,8,Month-to-month,DSL,54.4,Offer a term contract; Add Online Security (incentive)
2773-OVBPK,38,Medium,0.3817,67,Two year,Fiber optic,111.3,Add Online Security (incentive)
2972-YDYUW,38,Medium,0.3816,57,One year,Fiber optic,94.7,Add Online Security (incentive); Move to automatic payment
3758-CKOQL,38,Medium,0.3814,59,One year,Fiber optic,107.0,Relationship check-in
6576-FBXOJ,38,Medium,0.3813,17,One year,DSL,54.6,Add Online Security (incentive); Move to automatic payment
1703-MGIAB,38,Medium,0.3811,17,Month-to-month,DSL,69.0,Offer a term contract; Add Online Security (incentive)
8263-OKETD,38,Medium,0.3807,20,Month-to-month,DSL,68.9,Offer a term contract; Add Online Security (incentive)
8091-TTVAX,38,Medium,0.3804,58,One year,Fiber optic,100.35,Add Online Security (incentive); Add Tech Support
7740-BTPUX,38,Medium,0.3799,55,Two year,Fiber optic,113.6,Add Online Security (incentive); Move to automatic payment
3594-IVHJZ,38,Medium,0.3798,2,Month-to-month,No,20.45,Offer a term contract; Move to automatic payment
6184-DYUOB,38,Medium,0.3796,3,Month-to-month,No,19.6,Offer a term contract; Move to automatic payment
7109-MFBYV,38,Medium,0.3796,26,Month-to-month,DSL,45.45,Offer a term contract; Add Online Security (incentive)
7797-EJMDP,38,Medium,0.3794,8,Month-to-month,DSL,66.05,Offer a term contract
4558-CGYCZ,38,Medium,0.3793,4,Month-to-month,No,19.75,Offer a term contract; Move to automatic payment
0550-DCXLH,38,Medium,0.3786,13,Month-to-month,DSL,73.35,Offer a term contract; Add Online Security (incentive)
6959-GQEGV,38,Medium,0.3783,45,Month-to-month,DSL,75.95,Offer a term contract; Add Tech Support
4986-MXSFP,38,Medium,0.3783,2,Month-to-month,No,20.0,Offer a term contract; Move to automatic payment
4226-KKDON,38,Medium,0.3778,8,Month-to-month,DSL,66.65,Offer a term contract; Add Online Security (incentive)
8148-BPLZQ,38,Medium,0.3775,34,Month-to-month,DSL,49.8,Offer a term contract; Add Online Security (incentive)
9896-UYMIE,38,Medium,0.3774,66,One year,Fiber optic,114.3,Relationship check-in
4323-OHFOW,38,Medium,0.3773,70,One year,Fiber optic,105.55,Add Online Security (incentive)
6429-SHBCB,38,Medium,0.3771,19,Month-to-month,DSL,69.6,Offer a term contract; Add Online Security (incentive)
1767-TGTKO,38,Medium,0.3768,8,Month-to-month,DSL,45.45,Offer a term contract; Add Online Security (incentive)
9770-LXDBK,38,Medium,0.3767,3,Month-to-month,No,20.4,Offer a term contract; Move to automatic payment
4693-VWVBO,38,Medium,0.3765,3,Month-to-month,No,19.55,Offer a term contract; Move to automatic payment
0013-MHZWF,38,Medium,0.3757,9,Month-to-month,DSL,69.4,Offer a term contract; Add Online Security (incentive)
0557-ASKVU,38,Medium,0.3756,18,One year,DSL,54.4,Add Online Security (incentive)
8107-RZLNV,38,Medium,0.3755,72,Two year,Fiber optic,106.3,Add Online Security (incentive); Add Tech Support
3221-CJMSG,38,Medium,0.3752,24,Month-to-month,DSL,51.1,Offer a term contract; Add Online Security (incentive)
1518-OMDIK,37,Medium,0.3748,33,Month-to-month,DSL,44.55,Offer a term contract; Add Online Security (incentive)
2446-ZKVAF,37,Medium,0.3745,18,Month-to-month,DSL,56.8,Offer a term contract; Add Online Security (incentive)
9970-QBCDA,37,Medium,0.3744,6,Month-to-month,No,19.7,Offer a term contract
0516-UXRMT,37,Medium,0.3741,62,One year,Fiber optic,92.05,Add Tech Support; Move to automatic payment
4374-YMUSQ,37,Medium,0.3741,34,One year,Fiber optic,116.25,Relationship check-in
5360-LJCNJ,37,Medium,0.3739,71,Two year,Fiber optic,105.15,Add Online Security (incentive); Add Tech Support
8894-JVDCV,37,Medium,0.3737,62,One year,Fiber optic,115.05,Relationship check-in
1867-TJHTS,37,Medium,0.3731,58,Month-to-month,Fiber optic,79.8,Offer a term contract; Add Tech Support
2371-KFUOG,37,Medium,0.3728,58,One year,Fiber optic,99.15,Add Tech Support
0795-GMVQO,37,Medium,0.3726,67,One year,Fiber optic,109.9,Add Tech Support
2252-ISRNH,37,Medium,0.3724,9,One year,Fiber optic,90.35,Add Online Security (incentive); Add Tech Support
3680-CTHUH,37,Medium,0.3723,60,One year,Fiber optic,116.6,Relationship check-in
6806-YDEUL,37,Medium,0.3722,6,Month-to-month,No,19.5,Offer a term contract
5066-GFJMM,37,Medium,0.3717,3,Month-to-month,No,19.9,Offer a term contract; Move to automatic payment
6734-CKRSM,37,Medium,0.3717,3,Month-to-month,No,20.0,Offer a term contract; Move to automatic payment
1347-KTTTA,37,Medium,0.3716,64,One year,Fiber optic,102.45,Add Online Security (incentive)
8495-LJDFO,37,Medium,0.3714,64,Month-to-month,Fiber optic,108.95,Offer a term contract
9633-DENPU,37,Medium,0.3712,47,Month-to-month,DSL,58.6,Offer a term contract; Add Online Security (incentive)
5067-DGXLL,37,Medium,0.3712,2,Month-to-month,No,20.25,Offer a term contract; Move to automatic payment
2801-NISEI,37,Medium,0.3705,24,Month-to-month,DSL,54.95,Offer a term contract; Move to automatic payment
3941-XTSKM,37,Medium,0.3702,42,One year,DSL,45.1,Add Online Security (incentive); Add Tech Support
0523-VNGTF,37,Medium,0.37,52,Month-to-month,DSL,50.5,Offer a term contract; Add Online Security (incentive)
2342-CKIAO,37,Medium,0.3699,2,Month-to-month,No,20.3,Offer a term contract; Move to automatic payment
2001-MCUUW,37,Medium,0.3699,46,Two year,Fiber optic,108.65,Add Online Security (incentive); Move to automatic payment
1543-LLLFT,37,Medium,0.3699,61,One year,Fiber optic,98.3,Add Online Security (incentive); Move to automatic payment
1428-IEDPR,37,Medium,0.3697,52,Two year,Fiber optic,109.3,Move to automatic payment
0440-QEXBZ,37,Medium,0.3696,44,Month-to-month,DSL,50.15,Offer a term contract; Add Online Security (incentive)
3174-RKMOW,37,Medium,0.3696,35,Month-to-month,Fiber optic,109.95,Offer a term contract; Add Online Security (incentive)
3865-ZYKAD,37,Medium,0.3695,69,Month-to-month,Fiber optic,84.9,Offer a term contract; Add Tech Support
2782-JEEBU,37,Medium,0.369,21,Month-to-month,DSL,36.0,Offer a term contract; Add Online Security (incentive)
1134-YWTYF,37,Medium,0.3689,27,Month-to-month,DSL,53.8,Offer a term contract; Add Online Security (incentive)
7740-KKCXF,37,Medium,0.3688,51,Month-to-month,DSL,30.05,Offer a term contract; Add Online Security (incentive)
4712-AUQZO,37,Medium,0.3685,18,Month-to-month,DSL,33.6,Offer a term contract; Add Tech Support
9137-NOQKA,37,Medium,0.3677,2,Month-to-month,No,19.2,Offer a term contract; Move to automatic payment
9342-VNIMQ,37,Medium,0.3676,33,Month-to-month,DSL,54.65,Offer a term contract; Add Online Security (incentive)
2621-UDNLU,37,Medium,0.3671,3,Month-to-month,No,20.85,Offer a term contract; Move to automatic payment
3070-BDOQC,37,Medium,0.3671,60,Two year,Fiber optic,99.65,Add Online Security (incentive); Add Tech Support
7872-RDDLZ,37,Medium,0.367,67,Month-to-month,DSL,54.9,Offer a term contract; Add Online Security (incentive)
7605-SNLQG,37,Medium,0.3668,45,Month-to-month,DSL,50.25,Offer a term contract; Add Online Security (incentive)
5533-RJFTJ,37,Medium,0.3668,49,Month-to-month,DSL,30.2,Offer a term contract; Add Online Security (incentive)
0345-XMMUG,37,Medium,0.3664,46,Two year,Fiber optic,108.9,Add Online Security (incentive)
2393-DIVAI,37,Medium,0.3663,3,Month-to-month,No,20.0,Offer a term contract; Move to automatic payment
4827-USJHP,37,Medium,0.3662,20,Month-to-month,DSL,51.8,Offer a term contract; Add Online Security (incentive)
7868-BGSZA,37,Medium,0.3659,43,One year,DSL,80.2,Add Tech Support; Move to automatic payment
9909-DFRJA,37,Medium,0.3659,26,One year,Fiber optic,95.85,Relationship check-in
3865-QBWSJ,37,Medium,0.3659,38,Month-to-month,Fiber optic,80.45,Offer a term contract; Add Tech Support
0282-NVSJS,37,Medium,0.3657,12,Month-to-month,DSL,29.3,Offer a term contract; Add Online Security (incentive)
4016-BJKTZ,37,Medium,0.3655,25,Two year,Fiber optic,108.9,Add Online Security (incentive); Move to automatic payment
3096-YXENJ,37,Medium,0.365,65,Two year,Fiber optic,107.65,Add Online Security (incentive)
5701-SVCWR,36,Medium,0.365,1,Month-to-month,No,24.0,Offer a term contract; Move to automatic payment
8006-PYCSW,36,Medium,0.365,2,Month-to-month,No,20.1,Offer a term contract; Move to automatic payment
5947-SGKCL,36,Medium,0.3647,15,Month-to-month,Fiber optic,105.35,Offer a term contract; Add Online Security (incentive)
5562-BETPV,36,Medium,0.3646,1,One year,No,19.65,Move to automatic payment
2458-EOMRE,36,Medium,0.3645,11,Month-to-month,DSL,64.05,Offer a term contract; Add Tech Support
1153-GNOLC,36,Medium,0.3644,33,One year,DSL,39.1,Add Online Security (incentive); Add Tech Support
2908-ZTPNF,36,Medium,0.3642,36,Month-to-month,DSL,34.85,Offer a term contract; Add Online Security (incentive)
7892-QVYKW,36,Medium,0.3641,23,Month-to-month,Fiber optic,85.6,Offer a term contract; Add Online Security (incentive)
2576-HXMPA,36,Medium,0.3639,1,Month-to-month,No,19.55,Offer a term contract
9848-JQJTX,36,Medium,0.3639,72,Two year,Fiber optic,100.9,Add Online Security (incentive); Add Tech Support
7856-GANIL,36,Medium,0.3637,45,One year,Fiber optic,98.7,Add Online Security (incentive)
3744-ZBHON,36,Medium,0.3633,3,Month-to-month,No,20.2,Offer a term contract; Move to automatic payment
2791-SFVEW,36,Medium,0.3633,9,Month-to-month,No,20.15,Offer a term contract
0186-CAERR,36,Medium,0.3631,71,One year,Fiber optic,116.3,Relationship check-in
9786-IJYDL,36,Medium,0.3631,35,Two year,Fiber optic,113.2,Move to automatic payment
3345-JHUEO,36,Medium,0.3626,4,Month-to-month,No,20.2,Offer a term contract; Move to automatic payment
2732-ISEZX,36,Medium,0.3625,5,Month-to-month,No,20.5,Offer a term contract; Move to automatic payment
2027-CWDNU,36,Medium,0.3619,18,Month-to-month,Fiber optic,85.6,Offer a term contract; Add Online Security (incentive)
5921-NGYRH,36,Medium,0.3617,64,Month-to-month,Fiber optic,73.55,Offer a term contract; Add Tech Support
8970-ANWXO,36,Medium,0.3613,23,One year,DSL,73.75,Add Online Security (incentive); Move to automatic payment
1679-JRFBR,36,Medium,0.3611,70,One year,Fiber optic,108.15,Add Tech Support
6728-CZFEI,36,Medium,0.361,15,One year,DSL,56.15,Add Online Security (incentive); Add Tech Support
2001-EWBQU,36,Medium,0.361,60,Two year,Fiber optic,104.7,Add Online Security (incentive); Add Tech Support
7663-ZTEGJ,36,Medium,0.3605,29,One year,Fiber optic,100.55,Add Online Security (incentive)
5168-MQQCA,36,Medium,0.36,72,One year,Fiber optic,108.5,Add Online Security (incentive)
5663-QBGIS,36,Medium,0.3596,72,Two year,Fiber optic,98.35,Add Online Security (incentive); Add Tech Support
2805-EDJPQ,36,Medium,0.359,56,One year,Fiber optic,99.75,Add Online Security (incentive)
6131-FOYAS,36,Medium,0.3589,35,Month-to-month,DSL,59.6,Offer a term contract; Add Tech Support
3373-YZZYM,36,Medium,0.358,1,Month-to-month,No,19.2,Offer a term contract; Move to automatic payment
6211-WHMYA,36,Medium,0.3579,64,Month-to-month,DSL,43.85,Offer a term contract; Add Online Security (incentive)
6281-FKEWS,36,Medium,0.3579,44,One year,DSL,49.05,Add Online Security (incentive); Add Tech Support
5951-AOFIH,36,Medium,0.3577,33,Month-to-month,DSL,66.4,Offer a term contract; Add Online Security (incentive)
7824-PANSQ,36,Medium,0.3573,58,Month-to-month,Fiber optic,80.65,Offer a term contract; Add Online Security (incentive)
3301-LSLWQ,36,Medium,0.3572,29,Month-to-month,DSL,66.1,Offer a term contract; Add Tech Support
3736-BLEPA,36,Medium,0.3572,28,One year,Fiber optic,91.25,Add Online Security (incentive)
3780-YVMFA,36,Medium,0.3568,8,Month-to-month,DSL,68.55,Offer a term contract; Add Online Security (incentive)
5678-VFNEQ,36,Medium,0.3567,71,One year,Fiber optic,104.1,Add Tech Support
3086-RUCRN,36,Medium,0.3565,66,Month-to-month,Fiber optic,103.1,Offer a term contract
4083-BFNYK,36,Medium,0.3563,38,One year,Fiber optic,95.0,Add Tech Support
9853-JFZDU,36,Medium,0.3563,35,Month-to-month,DSL,56.85,Offer a term contract; Add Online Security (incentive)
7016-NVRIC,36,Medium,0.3562,29,One year,Fiber optic,90.1,Add Tech Support
6603-QWSPR,36,Medium,0.3554,46,Two year,Fiber optic,104.4,Add Online Security (incentive)
0384-RVBPI,36,Medium,0.3554,20,Month-to-month,DSL,64.4,Offer a term contract; Add Tech Support
9700-ZCLOT,36,Medium,0.3553,2,Month-to-month,No,20.0,Offer a term contract; Move to automatic payment
9488-FYQAU,35,Medium,0.3543,63,Two year,Fiber optic,109.25,Add Online Security (incentive)
5913-INRQV,35,Medium,0.3541,34,One year,Fiber optic,90.15,Move to automatic payment
3391-JSQEW,35,Medium,0.3537,40,Month-to-month,DSL,50.15,Offer a term contract; Add Online Security (incentive)
8623-ULFNQ,35,Medium,0.3535,26,Month-to-month,DSL,66.05,Offer a term contract; Add Online Security (incentive)
3786-WOVKF,35,Medium,0.3531,72,One year,Fiber optic,106.85,Add Tech Support
9481-IEBZY,35,Medium,0.3531,72,Month-to-month,Fiber optic,112.9,Offer a term contract
7159-NOKYQ,35,Medium,0.353,67,Two year,Fiber optic,93.15,Add Online Security (incentive); Add Tech Support
4237-CLSMM,35,Medium,0.3528,2,Month-to-month,No,20.0,Offer a term contract; Move to automatic payment
2155-AMQRX,35,Medium,0.3528,28,Month-to-month,DSL,54.9,Offer a term contract; Add Online Security (incentive)
6469-QJKZW,35,Medium,0.3527,4,Month-to-month,No,20.15,Offer a term contract; Move to automatic payment
2486-WYVVE,35,Medium,0.3523,31,One year,DSL,79.3,Add Online Security (incentive); Move to automatic payment
0206-TBWLC,35,Medium,0.3522,54,One year,Fiber optic,114.65,Move to automatic payment
3466-WAESX,35,Medium,0.3522,16,Month-to-month,DSL,69.1,Offer a term contract; Add Tech Support
2937-FTHUR,35,Medium,0.3518,18,Month-to-month,DSL,64.8,Offer a term contract; Add Tech Support
6794-HKIAJ,35,Medium,0.3515,62,Month-to-month,Fiber optic,90.7,Offer a term contract; Add Tech Support
7516-GMHUV,35,Medium,0.3513,50,Two year,Fiber optic,105.05,Add Tech Support
0297-RBCSG,35,Medium,0.3511,19,One year,DSL,65.35,Add Online Security (incentive)
1400-WIVLL,35,Medium,0.3508,57,Two year,Fiber optic,107.95,Add Online Security (incentive); Move to automatic payment
2832-SCUCO,35,Medium,0.3507,2,Month-to-month,No,19.9,Offer a term contract; Move to automatic payment
2080-SRCDE,35,Medium,0.3503,1,Month-to-month,No,25.4,Offer a term contract; Move to automatic payment
9798-DRYDS,35,Medium,0.3503,17,One year,DSL,61.95,Add Online Security (incentive); Move to automatic payment
9818-XQCUV,35,Medium,0.3501,2,Month-to-month,No,20.35,Offer a term contract; Move to automatic payment
0699-NDKJM,35,Medium,0.3498,57,Month-to-month,DSL,58.75,Offer a term contract; Add Tech Support
1142-IHLOO,35,Medium,0.3495,51,One year,Fiber optic,87.55,Add Online Security (incentive); Add Tech Support
5697-GOMBF,35,Medium,0.3494,28,Month-to-month,DSL,35.9,Offer a term contract; Add Online Security (incentive)
7208-PSIHR,35,Medium,0.3492,70,Two year,Fiber optic,104.3,Add Online Security (incentive)
5149-CUZUJ,35,Medium,0.349,28,One year,Fiber optic,92.9,Add Online Security (incentive)
9480-BQJEI,35,Medium,0.3489,62,One year,Fiber optic,92.3,Add Tech Support
1557-EMYVT,35,Medium,0.3488,43,Two year,Fiber optic,115.05,Relationship check-in
1707-HABPF,35,Medium,0.3487,46,One year,Fiber optic,91.3,Add Online Security (incentive); Add Tech Support
3806-YAZOV,35,Medium,0.3486,3,Month-to-month,No,18.8,Offer a term contract; Move to automatic payment
7673-LPRNY,35,Medium,0.3477,23,One year,DSL,78.55,Add Tech Support; Move to automatic payment
6394-HHHZM,35,Medium,0.3475,3,Month-to-month,No,20.7,Offer a term contract; Move to automatic payment
5919-VCZYM,35,Medium,0.3474,2,Month-to-month,No,20.05,Offer a term contract; Move to automatic payment
4908-XAXAY,35,Medium,0.3473,49,One year,Fiber optic,89.85,Add Online Security (incentive); Add Tech Support
3794-NFNCH,35,Medium,0.3473,30,Month-to-month,DSL,50.0,Offer a term contract; Add Online Security (incentive)
4676-MQUEA,35,Medium,0.347,50,One year,Fiber optic,101.9,Add Tech Support
1409-PHXTF,35,Medium,0.3468,54,Two year,Fiber optic,110.45,Add Online Security (incentive); Move to automatic payment
7402-PWYJJ,35,Medium,0.3466,53,One year,Fiber optic,91.15,Add Online Security (incentive); Move to automatic payment
0188-GWFLE,35,Medium,0.3466,2,Month-to-month,No,20.05,Offer a term contract; Move to automatic payment
6620-JDYNW,35,Medium,0.3464,18,Month-to-month,DSL,60.6,Offer a term contract; Add Tech Support
9972-VAFJJ,35,Medium,0.3462,53,One year,Fiber optic,94.0,Add Online Security (incentive); Move to automatic payment
4822-LPTYJ,35,Medium,0.3458,72,Two year,Fiber optic,103.75,Add Online Security (incentive); Add Tech Support
8984-EYLLL,35,Medium,0.3457,64,Two year,Fiber optic,105.25,Add Online Security (incentive); Move to automatic payment
7519-JTWQH,35,Medium,0.3455,69,Two year,Fiber optic,110.5,Add Online Security (incentive)
7951-VRDVK,35,Medium,0.3453,36,One year,DSL,85.85,Relationship check-in
3038-PQIUY,35,Medium,0.3452,38,Month-to-month,DSL,66.15,Offer a term contract; Add Tech Support
7820-ZYGNY,35,Medium,0.3451,63,One year,Fiber optic,90.45,Add Online Security (incentive); Add Tech Support
7343-EOBEU,35,Medium,0.3451,3,Month-to-month,No,23.6,Offer a term contract; Move to automatic payment
6377-KSLXC,34,Medium,0.345,5,Month-to-month,No,19.95,Offer a term contract; Move to automatic payment
3977-QCRSL,34,Medium,0.3447,5,Month-to-month,No,20.15,Offer a term contract; Move to automatic payment
0708-SJDIS,34,Medium,0.3444,34,Month-to-month,DSL,65.0,Offer a term contract; Add Online Security (incentive)
4332-MUOEZ,34,Medium,0.3436,20,One year,Fiber optic,94.3,Relationship check-in
1116-DXXDF,34,Medium,0.3432,39,Two year,Fiber optic,100.45,Add Tech Support; Move to automatic payment
0655-YDGFJ,34,Medium,0.3427,29,Month-to-month,DSL,48.95,Offer a term contract; Add Online Security (incentive)
0670-ANMUU,34,Medium,0.3426,71,One year,Fiber optic,97.65,Relationship check-in
0289-IVARM,34,Medium,0.3423,35,Month-to-month,DSL,60.55,Offer a term contract; Add Tech Support
5353-WILCI,34,Medium,0.3422,28,Month-to-month,DSL,56.05,Offer a term contract; Add Tech Support
5268-DSMNQ,34,Medium,0.3422,62,One year,Fiber optic,97.95,Add Online Security (incentive); Add Tech Support
1336-EZFZY,34,Medium,0.3421,4,Month-to-month,No,20.05,Offer a term contract; Move to automatic payment
2379-GYFLQ,34,Medium,0.3419,46,One year,Fiber optic,94.9,Add Online Security (incentive); Add Tech Support
7013-PSXHK,34,Medium,0.3419,40,One year,DSL,80.75,Add Online Security (incentive); Move to automatic payment
6497-TILVL,34,Medium,0.3419,7,Month-to-month,DSL,50.7,Offer a term contract; Add Tech Support
3714-XPXBW,34,Medium,0.3415,37,Month-to-month,DSL,78.9,Offer a term contract
1697-NVVGY,34,Medium,0.3415,19,Month-to-month,DSL,66.4,Offer a term contract; Add Tech Support
5850-BDWCY,34,Medium,0.3413,6,Month-to-month,No,20.2,Offer a term contract; Move to automatic payment
3642-GKTCT,34,Medium,0.3412,61,One year,Fiber optic,115.1,Move to automatic payment
3428-MMGUB,34,Medium,0.3412,60,Two year,Fiber optic,89.55,Add Online Security (incentive); Add Tech Support
9774-NRNAU,34,Medium,0.341,27,Month-to-month,DSL,84.8,Offer a term contract; Add Online Security (incentive)
9143-CANJF,34,Medium,0.3406,24,Month-to-month,DSL,55.15,Offer a term contract; Move to automatic payment
0811-GSDTP,34,Medium,0.3404,13,Month-to-month,DSL,30.15,Offer a term contract; Add Online Security (incentive)
2792-VPPET,34,Medium,0.3401,3,Month-to-month,No,20.5,Offer a term contract; Move to automatic payment
3723-BFBGR,34,Medium,0.34,24,Month-to-month,DSL,54.8,Offer a term contract; Add Online Security (incentive)
5343-SGUBI,34,Medium,0.3399,52,One year,Fiber optic,80.2,Add Online Security (incentive); Add Tech Support
2307-FYNNL,34,Medium,0.3396,65,Two year,Fiber optic,109.05,Move to automatic payment
9391-DXGGG,34,Medium,0.3396,44,One year,Fiber optic,89.15,Add Online Security (incentive); Add Tech Support
8108-UXRQN,34,Medium,0.3393,11,Month-to-month,DSL,50.55,Offer a term contract; Add Tech Support
5222-JCXZT,34,Medium,0.339,4,Month-to-month,No,19.0,Offer a term contract; Move to automatic payment
7175-NTIXE,34,Medium,0.339,25,Month-to-month,DSL,76.15,Offer a term contract
0701-TJSEF,34,Medium,0.3381,9,Month-to-month,DSL,68.25,Offer a term contract
0396-HUJBP,34,Medium,0.3381,2,Month-to-month,No,19.3,Offer a term contract; Move to automatic payment
0810-BDHAW,34,Medium,0.338,24,One year,DSL,78.4,Add Tech Support; Move to automatic payment
7636-XUHWW,34,Medium,0.3377,2,Month-to-month,No,19.9,Offer a term contract
7526-IVLYU,34,Medium,0.3375,3,Month-to-month,No,19.65,Offer a term contract; Move to automatic payment
9054-FOWNV,34,Medium,0.3372,22,Month-to-month,Fiber optic,88.75,Offer a term contract; Add Online Security (incentive)
5382-TEMLV,34,Medium,0.3371,45,Month-to-month,DSL,50.9,Offer a term contract; Add Tech Support
0030-FNXPP,34,Medium,0.3369,3,Month-to-month,No,19.85,Offer a term contract; Move to automatic payment
6261-LHRTG,34,Medium,0.3369,26,Month-to-month,DSL,54.75,Offer a term contract; Add Online Security (incentive)
2896-TBNBE,34,Medium,0.3367,40,One year,Fiber optic,80.8,Add Online Security (incentive); Add Tech Support
3537-RYBHH,34,Medium,0.3365,47,Month-to-month,DSL,67.45,Offer a term contract; Add Tech Support
7502-BNYGS,34,Medium,0.3365,46,Month-to-month,DSL,69.1,Offer a term contract; Add Online Security (incentive)
2208-NQBCT,34,Medium,0.3362,26,Month-to-month,Fiber optic,81.95,Offer a term contract; Add Tech Support
2978-XXSOG,34,Medium,0.3362,22,Month-to-month,DSL,59.05,Offer a term contract; Move to automatic payment
0002-ORFBO,34,Medium,0.336,9,One year,DSL,65.6,Add Online Security (incentive); Move to automatic payment
4431-EDMIQ,34,Medium,0.3359,7,Month-to-month,DSL,75.7,Offer a term contract; Move to automatic payment
4043-MKDTV,34,Medium,0.3358,71,Two year,Fiber optic,105.25,Add Online Security (incentive); Move to automatic payment
2108-GLPQB,34,Medium,0.3357,25,Month-to-month,DSL,55.55,Offer a term contract; Add Online Security (incentive)
0096-FCPUF,34,Medium,0.3354,30,Month-to-month,DSL,64.5,Offer a term contract; Add Tech Support
6749-UTDVX,34,Medium,0.3352,72,Two year,Fiber optic,103.65,Add Online Security (incentive); Add Tech Support
7446-YPODE,33,Medium,0.3349,11,Month-to-month,DSL,60.25,Offer a term contract; Add Tech Support
2851-MMUTZ,33,Medium,0.3344,27,Month-to-month,DSL,56.15,Offer a term contract; Add Online Security (incentive)
7789-CRUVC,33,Medium,0.3341,61,Month-to-month,Fiber optic,94.2,Offer a term contract
7674-YTAFD,33,Medium,0.3341,33,One year,Fiber optic,79.95,Add Online Security (incentive)
2474-LCNUE,33,Medium,0.3335,23,Month-to-month,DSL,73.65,Offer a term contract; Add Online Security (incentive)
0665-XHDJU,33,Medium,0.3333,72,Two year,Fiber optic,99.4,Add Online Security (incentive); Add Tech Support
7089-XXAYG,33,Medium,0.3331,25,One year,DSL,38.1,Add Online Security (incentive); Add Tech Support
8582-KRHPJ,33,Medium,0.3331,50,Month-to-month,DSL,35.0,Offer a term contract; Add Tech Support
2599-CZABP,33,Medium,0.3327,14,One year,DSL,44.6,Add Online Security (incentive); Add Tech Support
7080-TNUWP,33,Medium,0.3326,70,One year,Fiber optic,95.0,Add Online Security (incentive); Add Tech Support
2851-STERV,33,Medium,0.3325,35,One year,DSL,73.0,Add Online Security (incentive); Move to automatic payment
5345-BMKWB,33,Medium,0.3325,8,Month-to-month,No,20.25,Offer a term contract; Move to automatic payment
8259-NFJTV,33,Medium,0.3325,7,Month-to-month,DSL,34.65,Offer a term contract; Move to automatic payment
9107-UKCKY,33,Medium,0.3324,61,One year,DSL,79.8,Add Online Security (incentive); Add Tech Support
1060-ENTOF,33,Medium,0.3322,67,One year,Fiber optic,105.4,Relationship check-in
7993-NQLJE,33,Medium,0.3318,15,Month-to-month,Fiber optic,75.1,Offer a term contract; Add Tech Support
0824-VWDPO,33,Medium,0.3317,45,One year,Fiber optic,96.75,Add Tech Support
2616-UUTFK,33,Medium,0.3315,33,Month-to-month,DSL,72.75,Offer a term contract; Add Tech Support
9039-ZVJDC,33,Medium,0.3314,3,Month-to-month,No,19.1,Offer a term contract; Move to automatic payment
5136-RGMZO,33,Medium,0.3313,31,Month-to-month,DSL,71.05,Offer a term contract; Add Online Security (incentive)
6551-GNYDG,33,Medium,0.3312,14,Month-to-month,Fiber optic,80.9,Offer a term contract; Add Online Security (incentive)
8910-ICHIU,33,Medium,0.3309,46,One year,Fiber optic,95.65,Add Tech Support
3413-CSSTH,33,Medium,0.3308,41,Month-to-month,DSL,55.7,Offer a term contract; Add Online Security (incentive)
1452-KIOVK,33,Medium,0.3307,22,Month-to-month,Fiber optic,89.1,Offer a term contract; Add Online Security (incentive)
1097-FSPVW,33,Medium,0.3301,42,Month-to-month,DSL,54.55,Offer a term contract; Add Tech Support
5151-HQRDG,33,Medium,0.33,37,Month-to-month,DSL,55.05,Offer a term contract; Add Tech Support
4828-FAZPK,33,Medium,0.3299,16,Month-to-month,Fiber optic,79.95,Offer a term contract; Add Online Security (incentive)
9971-ZWPBF,33,Medium,0.3297,34,Month-to-month,Fiber optic,108.9,Offer a term contract; Add Online Security (incentive)
3635-JBPSG,33,Medium,0.3291,15,Two year,DSL,38.8,Add Online Security (incentive); Add Tech Support
7787-BNTZM,33,Medium,0.329,6,Month-to-month,No,20.15,Offer a term contract
8017-UVSZU,33,Medium,0.329,40,Month-to-month,DSL,56.6,Offer a term contract; Add Online Security (incentive)
7233-IOQNP,33,Medium,0.3289,43,Month-to-month,DSL,34.0,Offer a term contract
7629-WIXZF,33,Medium,0.3283,7,One year,DSL,59.1,Add Tech Support; Move to automatic payment
8150-QUDFX,33,Medium,0.3275,2,Month-to-month,No,19.85,Offer a term contract; Move to automatic payment
7036-TYDEC,33,Medium,0.3275,69,Two year,Fiber optic,104.0,Add Online Security (incentive); Move to automatic payment
7727-SHVZV,33,Medium,0.3273,9,Month-to-month,No,19.5,Offer a term contract
9101-NTIXF,33,Medium,0.327,2,Month-to-month,No,19.4,Offer a term contract; Move to automatic payment
0366-NQSHS,33,Medium,0.3267,2,Month-to-month,No,19.35,Offer a term contract; Move to automatic payment
1472-TNCWL,33,Medium,0.3265,36,Month-to-month,Fiber optic,94.7,Offer a term contract; Add Online Security (incentive)
5651-CRHKQ,33,Medium,0.3263,41,One year,Fiber optic,86.2,Add Online Security (incentive)
3417-TSCIC,33,Medium,0.3262,29,One year,DSL,24.85,Add Online Security (incentive); Add Tech Support
7123-WQUHX,33,Medium,0.3261,38,One year,Fiber optic,95.0,Add Online Security (incentive)
3327-YBAKM,33,Medium,0.3258,64,One year,Fiber optic,96.9,Move to automatic payment
2065-MMKGR,33,Medium,0.3255,29,One year,DSL,71.0,Add Online Security (incentive); Add Tech Support
9076-AXYIK,33,Medium,0.3253,64,Two year,Fiber optic,102.1,Add Online Security (incentive); Move to automatic payment
8133-ANHHJ,33,Medium,0.3251,49,One year,Fiber optic,103.0,Relationship check-in
5624-RYAMH,33,Medium,0.3251,9,Month-to-month,No,19.5,Offer a term contract; Move to automatic payment
9931-KGHOA,32,Medium,0.3244,46,Month-to-month,DSL,55.0,Offer a term contract; Add Tech Support
2320-YKQBO,32,Medium,0.3244,7,Month-to-month,No,19.3,Offer a term contract; Move to automatic payment
9481-SFCQY,32,Medium,0.3241,14,Month-to-month,DSL,59.8,Offer a term contract; Add Online Security (incentive)
7049-GKVZY,32,Medium,0.324,17,One year,DSL,79.85,Relationship check-in
9779-DPNEJ,32,Medium,0.3239,22,Month-to-month,Fiber optic,80.15,Offer a term contract; Add Online Security (incentive)
0816-TSPHQ,32,Medium,0.3237,2,Month-to-month,No,20.75,Offer a term contract; Move to automatic payment
4159-NAAIX,32,Medium,0.3235,63,Two year,Fiber optic,97.45,Add Online Security (incentive); Add Tech Support
1371-WEPDS,32,Medium,0.3229,40,One year,DSL,55.8,Add Online Security (incentive); Add Tech Support
6483-OATDN,32,Medium,0.3225,8,Month-to-month,DSL,51.3,Offer a term contract; Add Tech Support
4608-LCIMN,32,Medium,0.3225,8,Month-to-month,DSL,44.65,Offer a term contract; Add Online Security (incentive)
0842-IWYCP,32,Medium,0.3222,46,Month-to-month,DSL,44.95,Offer a term contract; Add Online Security (incentive)
1925-LFCZZ,32,Medium,0.3221,55,One year,DSL,50.05,Add Online Security (incentive); Add Tech Support
4726-DLWQN,32,Medium,0.3218,50,Month-to-month,DSL,70.35,Offer a term contract; Add Tech Support
8152-VETUR,32,Medium,0.3216,72,Two year,Fiber optic,97.7,Add Online Security (incentive); Add Tech Support
6873-UDNLD,32,Medium,0.3214,40,Month-to-month,DSL,67.45,Offer a term contract; Add Tech Support
3638-DIMPH,32,Medium,0.3214,13,One year,DSL,43.8,Add Online Security (incentive); Add Tech Support
8847-GEOOQ,32,Medium,0.3214,60,Month-to-month,DSL,60.2,Offer a term contract; Add Online Security (incentive)
1840-BIUOG,32,Medium,0.3212,20,One year,DSL,68.7,Add Online Security (incentive); Move to automatic payment
7587-AOVVU,32,Medium,0.321,27,Month-to-month,Fiber optic,100.75,Offer a term contract; Move to automatic payment
2946-KIQSP,32,Medium,0.3205,35,Month-to-month,DSL,33.45,Offer a term contract; Add Online Security (incentive)
3450-WXOAT,32,Medium,0.3205,46,Month-to-month,DSL,45.2,Offer a term contract; Add Online Security (incentive)
1666-JZPZT,32,Medium,0.3204,27,Month-to-month,DSL,49.0,Offer a term contract; Add Online Security (incentive)
5160-UXJED,32,Medium,0.3201,17,One year,DSL,44.6,Add Online Security (incentive); Add Tech Support
8224-IVVPA,32,Medium,0.3197,27,Month-to-month,DSL,56.7,Offer a term contract; Add Tech Support
0723-VSOBE,32,Medium,0.3196,45,One year,DSL,34.2,Add Online Security (incentive); Add Tech Support
4660-IRIBM,32,Medium,0.3194,18,Month-to-month,Fiber optic,87.9,Offer a term contract; Add Tech Support
0201-MIBOL,32,Medium,0.3189,66,Two year,Fiber optic,102.4,Add Tech Support
9426-SXNHE,32,Medium,0.3185,2,Month-to-month,No,18.75,Offer a term contract
0440-MOGPM,32,Medium,0.3184,41,One year,DSL,80.55,Add Online Security (incentive); Add Tech Support
6473-ULUHT,32,Medium,0.3184,16,Month-to-month,DSL,84.9,Offer a term contract; Move to automatic payment
6088-BXMRG,32,Medium,0.3183,32,Month-to-month,Fiber optic,98.85,Offer a term contract; Add Online Security (incentive)
5081-NWSUP,32,Medium,0.3182,10,One year,DSL,64.9,Add Online Security (incentive); Move to automatic payment
0565-JUPYD,32,Medium,0.3181,63,One year,Fiber optic,104.5,Relationship check-in
3896-RCYYE,32,Medium,0.318,67,Month-to-month,DSL,53.4,Offer a term contract; Add Online Security (incentive)
3186-AJIEK,32,Medium,0.3175,66,Two year,Fiber optic,105.65,Relationship check-in
2651-ZCBXV,32,Medium,0.3175,54,Two year,Fiber optic,108.0,Relationship check-in
7102-JJVTX,32,Medium,0.3173,9,One year,DSL,48.6,Add Tech Support; Move to automatic payment
0584-BJQGZ,32,Medium,0.3173,25,Month-to-month,DSL,78.35,Offer a term contract
0725-CXOTM,32,Medium,0.3164,36,One year,DSL,89.65,Relationship check-in
2266-SJNAT,32,Medium,0.3164,72,One year,Fiber optic,109.15,Add Online Security (incentive)
8731-WBBMB,32,Medium,0.3162,26,Month-to-month,DSL,81.9,Offer a term contract; Add Online Security (incentive)
8819-ZBYNA,32,Medium,0.3159,58,Two year,Fiber optic,109.1,Relationship check-in
4396-KLSEH,32,Medium,0.3158,4,Month-to-month,No,19.85,Offer a term contract; Move to automatic payment
6447-GORXK,32,Medium,0.3155,31,Month-to-month,DSL,25.0,Offer a term contract; Add Online Security (incentive)
4860-YZGZM,32,Medium,0.3154,10,Month-to-month,No,20.0,Offer a term contract; Move to automatic payment
1376-HHBDV,32,Medium,0.3152,30,Month-to-month,DSL,48.8,Offer a term contract; Add Tech Support
6575-SUVOI,32,Medium,0.3152,25,Month-to-month,DSL,69.5,Offer a term contract
4795-WRNVT,32,Medium,0.3152,40,Month-to-month,DSL,65.1,Offer a term contract; Add Tech Support
1386-ZIKUV,32,Medium,0.3151,7,Month-to-month,No,18.95,Offer a term contract; Move to automatic payment
1696-MZVAU,32,Medium,0.315,39,One year,DSL,25.25,Add Online Security (incentive); Add Tech Support
4429-WYGFR,31,Medium,0.3149,26,Month-to-month,DSL,49.15,Offer a term contract; Add Online Security (incentive)
1732-FEKLD,31,Medium,0.3148,54,One year,Fiber optic,94.75,Add Online Security (incentive); Add Tech Support
6907-CQGPN,31,Medium,0.3148,29,Month-to-month,DSL,34.3,Offer a term contract; Add Online Security (incentive)
5092-STPKP,31,Medium,0.3147,24,Month-to-month,DSL,56.35,Offer a term contract
3639-XJHKQ,31,Medium,0.3147,19,Month-to-month,DSL,60.6,Offer a term contract; Add Tech Support
9644-KVCNC,31,Medium,0.3146,66,One year,Fiber optic,92.15,Add Online Security (incentive); Add Tech Support
1852-XEMDW,31,Medium,0.3142,22,Month-to-month,DSL,65.05,Offer a term contract; Add Tech Support
4622-YNKIJ,31,Medium,0.314,33,Two year,Fiber optic,88.95,Move to automatic payment
9504-DSHWM,31,Medium,0.3135,20,Month-to-month,DSL,59.2,Offer a term contract
2419-FSORS,31,Medium,0.3135,72,Two year,Fiber optic,108.4,Add Online Security (incentive); Move to automatic payment
3402-XRIUO,31,Medium,0.3134,22,Month-to-month,DSL,63.55,Offer a term contract; Move to automatic payment
1530-ZTDOZ,31,Medium,0.3133,49,Month-to-month,DSL,40.65,Offer a term contract; Add Tech Support
2911-WDXMV,31,Medium,0.3132,18,Month-to-month,Fiber optic,80.55,Offer a term contract; Add Online Security (incentive)
6075-QMNRR,31,Medium,0.3131,52,Month-to-month,DSL,49.75,Offer a term contract; Add Tech Support
0440-UEDAI,31,Medium,0.3129,53,One year,Fiber optic,94.45,Add Online Security (incentive)
9904-EHEVJ,31,Medium,0.3126,32,Month-to-month,Fiber optic,91.35,Offer a term contract; Add Online Security (incentive)
3545-CNWRG,31,Medium,0.3124,49,Month-to-month,Fiber optic,98.35,Offer a term contract; Add Online Security (incentive)
2967-MXRAV,31,Medium,0.3123,1,One year,No,18.8,Move to automatic payment
4821-SJHJV,31,Medium,0.3123,32,Month-to-month,Fiber optic,89.6,Offer a term contract; Add Tech Support
0690-SRQID,31,Medium,0.3123,4,Month-to-month,No,19.65,Offer a term contract; Move to automatic payment
8591-NXRCV,31,Medium,0.3121,41,Month-to-month,DSL,74.65,Offer a term contract
0603-OLQDC,31,Medium,0.312,12,Month-to-month,DSL,69.85,Offer a term contract; Add Tech Support
4747-LCAQL,31,Medium,0.3118,25,Month-to-month,DSL,79.0,Offer a term contract; Move to automatic payment
0308-IVGOK,31,Medium,0.3118,11,One year,DSL,40.4,Add Online Security (incentive)
5832-TRLPB,31,Medium,0.3115,29,One year,DSL,75.35,Add Online Security (incentive)
3126-WQMGH,31,Medium,0.3114,49,Month-to-month,DSL,52.15,Offer a term contract; Add Online Security (incentive)
8350-NYMVI,31,Medium,0.3114,39,Month-to-month,DSL,41.1,Offer a term contract; Add Online Security (incentive)
0027-KWYKW,31,Medium,0.3112,23,Month-to-month,Fiber optic,83.75,Offer a term contract; Add Online Security (incentive)
0799-DDIHE,31,Medium,0.311,15,Month-to-month,DSL,46.3,Offer a term contract; Add Online Security (incentive)
9357-UJRUN,31,Medium,0.3109,24,One year,DSL,58.35,Move to automatic payment
8410-BGQXN,31,Medium,0.3107,4,Month-to-month,No,19.4,Offer a term contract; Move to automatic payment
9408-HRXRK,31,Medium,0.3106,45,Month-to-month,Fiber optic,105.15,Offer a term contract; Add Tech Support
6870-ECSHE,31,Medium,0.3106,2,One year,No,20.45,Move to automatic payment
9089-UOWJG,31,Medium,0.3105,12,Month-to-month,DSL,58.35,Offer a term contract; Add Online Security (incentive)
3097-PYWXL,31,Medium,0.3104,4,Month-to-month,No,19.95,Offer a term contract; Move to automatic payment
5996-NRVXR,31,Medium,0.3102,40,One year,Fiber optic,98.15,Relationship check-in
3160-TYXLT,31,Medium,0.3102,53,Month-to-month,DSL,46.3,Offer a term contract; Add Tech Support
6050-FFXES,31,Medium,0.3101,69,Two year,Fiber optic,105.35,Add Online Security (incentive)
5478-JJVZK,31,Medium,0.31,33,Month-to-month,DSL,60.9,Offer a term contract; Add Tech Support
3750-RNQKR,31,Medium,0.31,12,Month-to-month,No,19.45,Offer a term contract; Move to automatic payment
1866-NXPSP,31,Medium,0.3098,36,One year,DSL,75.55,Move to automatic payment
3694-GLTJM,31,Medium,0.3098,5,Month-to-month,No,19.65,Offer a term contract
6968-MHOMU,31,Medium,0.3092,58,One year,DSL,45.0,Add Online Security (incentive); Add Tech Support
4316-XCSLJ,31,Medium,0.3091,17,Month-to-month,DSL,50.3,Offer a term contract; Add Tech Support
7228-PAQPD,31,Medium,0.3091,14,One year,DSL,59.1,Add Online Security (incentive)
1814-DKOLC,31,Medium,0.3089,5,Month-to-month,No,25.45,Offer a term contract; Move to automatic payment
5590-ZSKRV,31,Medium,0.3088,8,Month-to-month,DSL,54.65,Offer a term contract; Add Tech Support
0128-MKWSG,31,Medium,0.3088,26,Month-to-month,DSL,45.8,Offer a term contract; Move to automatic payment
7669-LCRSD,31,Medium,0.3084,12,Month-to-month,DSL,56.3,Offer a term contract; Add Online Security (incentive)
8089-UZWLX,31,Medium,0.3083,71,Two year,Fiber optic,104.05,Add Online Security (incentive); Add Tech Support
5144-PQCDZ,31,Medium,0.3081,4,Month-to-month,No,19.95,Offer a term contract; Move to automatic payment
1855-CFULU,31,Medium,0.3081,4,Month-to-month,No,20.05,Offer a term contract; Move to automatic payment
7036-ZZKBD,31,Medium,0.3079,31,Month-to-month,DSL,66.4,Offer a term contract; Add Online Security (incentive)
8474-UMLNT,31,Medium,0.3077,13,Month-to-month,DSL,67.8,Offer a term contract
5161-XEUVX,31,Medium,0.3073,37,Two year,Fiber optic,94.3,Add Online Security (incentive); Move to automatic payment
8200-KLNYW,31,Medium,0.307,21,One year,DSL,80.9,Move to automatic payment
1099-BTKWT,31,Medium,0.3068,68,One year,DSL,54.4,Add Tech Support; Move to automatic payment
1730-VFMWO,31,Medium,0.3067,34,Month-to-month,DSL,50.2,Offer a term contract; Add Online Security (incentive)
5195-KPUNQ,31,Medium,0.3067,53,One year,Fiber optic,96.75,Move to automatic payment
5639-NTUPK,31,Medium,0.3065,13,Month-to-month,DSL,52.1,Offer a term contract; Add Tech Support
8707-RMEZH,31,Medium,0.3063,69,One year,Fiber optic,87.3,Add Tech Support
8756-RDDLT,31,Medium,0.3062,68,Month-to-month,DSL,44.95,Offer a term contract; Add Online Security (incentive)
6231-WFGFH,31,Medium,0.3061,4,Month-to-month,No,20.5,Offer a term contract; Move to automatic payment
2323-ARSVR,31,Medium,0.3057,67,Two year,Fiber optic,111.05,Move to automatic payment
7750-EYXWZ,31,Medium,0.3057,12,One year,DSL,60.65,Add Online Security (incentive); Move to automatic payment
9762-YAQAA,31,Medium,0.3057,39,One year,Fiber optic,81.4,Add Online Security (incentive); Add Tech Support
8663-UPDGF,31,Medium,0.3055,26,Month-to-month,DSL,69.5,Offer a term contract; Add Tech Support
5240-CAOYT,31,Medium,0.3053,57,Month-to-month,Fiber optic,87.55,Offer a term contract
9921-EZKBY,31,Medium,0.3051,33,Month-to-month,Fiber optic,95.3,Offer a term contract; Add Tech Support
6035-BXTTY,30,Medium,0.305,32,Month-to-month,DSL,54.65,Offer a term contract; Add Online Security (incentive)
7964-YESJC,30,Medium,0.3049,24,Month-to-month,DSL,66.3,Offer a term contract; Add Tech Support
2577-GVSIL,30,Medium,0.3045,35,One year,DSL,73.45,Add Online Security (incentive)
0310-VQXAM,30,Medium,0.3044,9,Month-to-month,No,19.85,Offer a term contract; Move to automatic payment
2308-STERM,30,Medium,0.3043,2,Month-to-month,No,19.4,Offer a term contract; Move to automatic payment
6968-URWQU,30,Medium,0.3041,43,One year,DSL,56.35,Add Online Security (incentive); Add Tech Support
6475-VHUIZ,30,Medium,0.304,23,Month-to-month,DSL,54.25,Offer a term contract; Add Online Security (incentive)
2159-TURXX,30,Medium,0.304,5,Month-to-month,No,20.05,Offer a term contract
4670-TABXH,30,Medium,0.3038,72,Two year,Fiber optic,109.75,Add Online Security (incentive)
6368-NWMCE,30,Medium,0.3026,38,Month-to-month,DSL,68.15,Offer a term contract; Add Online Security (incentive)
3703-TTEPD,30,Medium,0.3022,21,Month-to-month,DSL,65.35,Offer a term contract; Add Tech Support
1591-MQJTP,30,Medium,0.3019,51,One year,Fiber optic,93.65,Add Tech Support
1089-HDMKP,30,Medium,0.3018,11,Month-to-month,DSL,54.55,Offer a term contract; Add Online Security (incentive)
4742-DRORA,30,Medium,0.3016,60,One year,Fiber optic,95.4,Add Tech Support
4199-QHJNM,30,Medium,0.3016,67,Two year,Fiber optic,102.9,Add Online Security (incentive)
9152-AMKAK,30,Medium,0.3015,6,Two year,DSL,80.25,Move to automatic payment
2928-HLDBA,30,Medium,0.3015,6,Month-to-month,No,20.7,Offer a term contract; Move to automatic payment
2558-BUOZZ,30,Medium,0.301,47,One year,Fiber optic,94.8,Add Tech Support
1125-SNVCK,30,Medium,0.3009,49,Month-to-month,DSL,43.8,Offer a term contract; Add Online Security (incentive)
7874-ECPQJ,30,Medium,0.3008,4,Month-to-month,No,20.05,Offer a term contract
2202-OUTMO,30,Medium,0.3007,34,Month-to-month,DSL,60.85,Offer a term contract
0484-FFVBJ,30,Medium,0.3006,32,One year,DSL,64.85,Add Online Security (incentive); Add Tech Support
6979-TNDEU,30,Medium,0.3005,8,Month-to-month,No,19.2,Offer a term contract; Move to automatic payment
6994-ORCWG,30,Medium,0.3003,14,One year,DSL,54.25,Add Online Security (incentive); Add Tech Support
2533-TIBIX,30,Medium,0.3003,15,Month-to-month,DSL,30.2,Offer a term contract; Add Tech Support
2212-LYASK,30,Medium,0.3003,27,One year,DSL,45.85,Add Online Security (incentive); Add Tech Support
9134-WYRVP,30,Medium,0.3,51,One year,Fiber optic,86.35,Add Tech Support; Move to automatic payment
4075-WKNIU,30,Low,0.2999,0,Two year,DSL,73.35,Add Online Security (incentive); Move to automatic payment
6568-POCUI,30,Low,0.2995,45,Two year,Fiber optic,95.2,Add Online Security (incentive)
5193-QLVZB,30,Low,0.2995,63,Two year,Fiber optic,104.75,Add Online Security (incentive); Add Tech Support
6092-QZVPP,30,Low,0.2994,36,Month-to-month,DSL,79.2,Offer a term contract
2824-MYYBN,30,Low,0.2993,37,Month-to-month,Fiber optic,95.25,Offer a term contract; Add Online Security (incentive)
2338-BQEZT,30,Low,0.299,55,Month-to-month,DSL,50.55,Offer a term contract; Add Tech Support
7105-MXJLL,30,Low,0.2987,26,One year,DSL,60.7,Add Online Security (incentive); Add Tech Support
9415-TPKRV,30,Low,0.2986,8,Month-to-month,DSL,55.75,Offer a term contract; Add Online Security (incentive)
6865-JZNKO,30,Low,0.2984,30,Month-to-month,DSL,55.3,Offer a term contract; Add Tech Support
6308-CQRBU,30,Low,0.2981,71,Two year,Fiber optic,109.25,Add Online Security (incentive); Move to automatic payment
0136-IFMYD,30,Low,0.2979,69,Two year,Fiber optic,109.95,Add Online Security (incentive); Move to automatic payment
8851-RAGOV,30,Low,0.2978,25,Month-to-month,DSL,71.05,Offer a term contract; Move to automatic payment
4923-ADWXJ,30,Low,0.2973,25,Month-to-month,DSL,65.8,Offer a term contract; Add Online Security (incentive)
4011-ARPHK,30,Low,0.2973,27,Month-to-month,DSL,50.35,Offer a term contract; Add Tech Support
1891-QRQSA,30,Low,0.2972,64,Two year,Fiber optic,111.6,Relationship check-in
1921-KYSAY,30,Low,0.2971,41,One year,DSL,68.6,Add Online Security (incentive); Move to automatic payment
5955-EPOAZ,30,Low,0.2971,6,Month-to-month,No,20.95,Offer a term contract; Move to automatic payment
2988-QRAJY,30,Low,0.2963,69,Two year,Fiber optic,110.05,Add Tech Support
8295-FHIVV,30,Low,0.2961,7,Month-to-month,No,19.4,Offer a term contract; Move to automatic payment
6738-ISCBM,30,Low,0.296,44,One year,DSL,54.0,Add Tech Support; Move to automatic payment
0774-IFUVM,30,Low,0.2958,11,Month-to-month,DSL,65.15,Offer a term contract; Add Tech Support
7595-EHCDL,30,Low,0.2958,32,Month-to-month,DSL,50.6,Offer a term contract; Add Online Security (incentive)
7964-ZRKKG,30,Low,0.2955,67,One year,Fiber optic,88.4,Add Online Security (incentive); Add Tech Support
5982-FPVQN,30,Low,0.2953,37,Month-to-month,Fiber optic,95.15,Offer a term contract; Add Online Security (incentive)
4139-JPIAM,30,Low,0.2952,51,Month-to-month,DSL,44.45,Offer a term contract
4366-CTOUZ,30,Low,0.2951,50,Two year,Fiber optic,100.2,Add Online Security (incentive); Move to automatic payment
6890-PFRQX,29,Low,0.295,18,Month-to-month,DSL,69.5,Offer a term contract; Add Tech Support
3472-OAOOR,29,Low,0.295,19,Month-to-month,DSL,34.95,Offer a term contract; Add Tech Support
4002-BQWPQ,29,Low,0.2948,25,Month-to-month,DSL,81.75,Offer a term contract
4365-MSDYN,29,Low,0.2945,8,Month-to-month,No,19.55,Offer a term contract
4189-NAKJS,29,Low,0.2944,26,One year,DSL,51.55,Add Online Security (incentive); Add Tech Support
8552-OBVRU,29,Low,0.2944,48,Month-to-month,Fiber optic,104.5,Offer a term contract; Move to automatic payment
6993-YGFJV,29,Low,0.294,69,Two year,Fiber optic,112.55,Relationship check-in
2578-JQPHZ,29,Low,0.2938,44,Two year,Fiber optic,100.1,Add Online Security (incentive)
0303-WMMRN,29,Low,0.2938,5,Month-to-month,No,19.25,Offer a term contract; Move to automatic payment
8082-GHXOP,29,Low,0.2938,13,Month-to-month,DSL,44.0,Offer a term contract; Add Online Security (incentive)
7108-DGVUU,29,Low,0.2932,21,One year,DSL,71.7,Add Online Security (incentive); Add Tech Support
2277-BKJKN,29,Low,0.293,71,Two year,Fiber optic,99.2,Add Online Security (incentive); Add Tech Support
3272-VUHPV,29,Low,0.2929,8,Month-to-month,DSL,56.3,Offer a term contract; Add Online Security (incentive)
3675-EQOZA,29,Low,0.292,5,Month-to-month,No,20.65,Offer a term contract
4274-DRSQT,29,Low,0.292,66,One year,Fiber optic,88.9,Add Online Security (incentive); Add Tech Support
0080-EMYVY,29,Low,0.292,14,One year,DSL,51.45,Add Online Security (incentive); Add Tech Support
2911-IJORQ,29,Low,0.2919,37,One year,DSL,90.6,Relationship check-in
2040-OBMLJ,29,Low,0.2916,31,One year,Fiber optic,81.7,Add Online Security (incentive)
0274-JKUJR,29,Low,0.2916,7,Month-to-month,DSL,58.85,Offer a term contract; Add Tech Support
7078-NVFAM,29,Low,0.2911,32,Month-to-month,DSL,35.15,Offer a term contract; Add Tech Support
3733-ZEECP,29,Low,0.291,22,Month-to-month,DSL,51.1,Offer a term contract; Add Online Security (incentive)
3845-JHAMY,29,Low,0.2904,16,Month-to-month,DSL,35.5,Offer a term contract; Add Online Security (incentive)
8800-ZKRFW,29,Low,0.2901,30,Month-to-month,Fiber optic,107.5,Offer a term contract; Add Online Security (incentive)
4837-QUSFT,29,Low,0.29,65,One year,Fiber optic,100.15,Relationship check-in
7576-JMYWV,29,Low,0.29,46,Month-to-month,Fiber optic,110.2,Offer a term contract; Move to automatic payment
2882-DDZPG,29,Low,0.2897,12,Month-to-month,No,19.45,Offer a term contract
9114-AAFQH,29,Low,0.2895,48,One year,DSL,65.65,Add Online Security (incentive); Add Tech Support
2074-GUHPQ,29,Low,0.2886,17,Month-to-month,Fiber optic,92.7,Offer a term contract; Add Online Security (incentive)
5640-CAXOA,29,Low,0.2881,30,One year,DSL,40.35,Add Online Security (incentive)
9367-OIUXP,29,Low,0.2877,4,Month-to-month,No,20.7,Offer a term contract; Move to automatic payment
8080-POTJR,29,Low,0.2877,30,One year,DSL,79.3,Add Tech Support
3167-SNQPL,29,Low,0.2876,38,Month-to-month,Fiber optic,101.15,Offer a term contract; Add Online Security (incentive)
8041-TMEID,29,Low,0.2873,63,Two year,Fiber optic,108.5,Add Tech Support
0233-FTHAV,29,Low,0.2873,60,One year,Fiber optic,79.2,Add Online Security (incentive); Add Tech Support
6972-SNKKW,29,Low,0.2872,6,Month-to-month,No,20.0,Offer a term contract; Move to automatic payment
9496-IVVRP,29,Low,0.2872,11,Month-to-month,DSL,51.0,Offer a term contract; Add Tech Support
8713-IGZSO,29,Low,0.2871,2,Month-to-month,No,24.85,Offer a term contract; Move to automatic payment
6296-DDOOR,29,Low,0.2868,19,One year,DSL,58.2,Add Online Security (incentive); Add Tech Support
6196-HBOBZ,29,Low,0.2868,65,Two year,Fiber optic,99.35,Add Tech Support; Move to automatic payment
4926-UMJZD,29,Low,0.2867,31,Month-to-month,DSL,49.2,Offer a term contract; Add Online Security (incentive)
9013-AQORL,29,Low,0.2867,48,Month-to-month,DSL,45.55,Offer a term contract; Add Online Security (incentive)
7483-IQWIB,29,Low,0.2863,37,Month-to-month,Fiber optic,92.95,Offer a term contract; Add Online Security (incentive)
9586-JGQKH,29,Low,0.2862,64,Two year,Fiber optic,105.4,Add Online Security (incentive)
2233-FAGXV,29,Low,0.2854,5,Month-to-month,No,24.3,Offer a term contract; Move to automatic payment
7663-CUXZB,29,Low,0.2853,59,Two year,Fiber optic,113.75,Move to automatic payment
3224-DFQNQ,29,Low,0.285,66,One year,Fiber optic,89.0,Move to automatic payment
4778-IZARL,28,Low,0.285,63,Two year,Fiber optic,110.1,Relationship check-in
3115-CZMZD,28,Low,0.2849,0,Two year,No,20.25,Move to automatic payment
5693-PIPCS,28,Low,0.2847,41,Two year,Fiber optic,99.65,Add Online Security (incentive)
3374-TTZTK,28,Low,0.2842,52,Two year,Fiber optic,106.3,Move to automatic payment
1282-IHQAC,28,Low,0.2841,70,One year,DSL,44.05,Add Online Security (incentive); Add Tech Support
1208-NBVFH,28,Low,0.2839,20,Month-to-month,DSL,49.6,Offer a term contract; Add Online Security (incentive)
6408-OTUBZ,28,Low,0.2839,66,One year,Fiber optic,104.55,Relationship check-in
9626-VFRGG,28,Low,0.2838,41,Month-to-month,Fiber optic,88.5,Offer a term contract; Add Online Security (incentive)
0112-QAWRZ,28,Low,0.2836,16,Month-to-month,Fiber optic,90.8,Offer a term contract; Add Online Security (incentive)
2055-SIFSS,28,Low,0.2835,55,Month-to-month,DSL,51.65,Offer a term contract; Add Online Security (incentive)
3363-EWLGO,28,Low,0.2835,5,Month-to-month,No,19.95,Offer a term contract; Move to automatic payment
2073-QBVBI,28,Low,0.2835,41,One year,DSL,35.45,Add Online Security (incentive); Move to automatic payment
4186-ZBUEW,28,Low,0.2834,36,One year,DSL,70.7,Add Online Security (incentive); Move to automatic payment
1465-WCZVT,28,Low,0.2829,3,Month-to-month,No,19.65,Offer a term contract; Move to automatic payment
7336-RLLRH,28,Low,0.2823,27,One year,DSL,80.85,Move to automatic payment
7954-MLBUN,28,Low,0.2822,31,Two year,Fiber optic,99.45,Add Online Security (incentive)
5924-IFQTT,28,Low,0.2821,13,Month-to-month,DSL,72.8,Offer a term contract; Add Online Security (incentive)
1845-CSBRZ,28,Low,0.282,22,Month-to-month,Fiber optic,85.35,Offer a term contract; Add Online Security (incentive)
9972-NKTFD,28,Low,0.282,28,Month-to-month,DSL,54.65,Offer a term contract; Add Online Security (incentive)
6773-LQTVT,28,Low,0.2819,29,Month-to-month,DSL,35.65,Offer a term contract; Add Online Security (incentive)
8738-JOKAR,28,Low,0.2818,42,One year,DSL,67.7,Move to automatic payment
2133-TSRRM,28,Low,0.2817,34,Month-to-month,Fiber optic,105.35,Offer a term contract; Add Tech Support
0068-FIGTF,28,Low,0.2816,27,One year,DSL,78.2,Add Online Security (incentive); Move to automatic payment
7610-TVOPG,28,Low,0.2814,15,Month-to-month,No,26.35,Offer a term contract; Move to automatic payment
6035-RIIOM,28,Low,0.2814,54,Two year,Fiber optic,97.2,Add Online Security (incentive); Add Tech Support
2639-UGMAZ,28,Low,0.2813,71,One year,DSL,56.45,Add Tech Support; Move to automatic payment
1563-IWQEX,28,Low,0.2812,12,Month-to-month,No,19.7,Offer a term contract; Move to automatic payment
7976-CICYS,28,Low,0.281,4,Month-to-month,No,20.7,Offer a term contract
3282-ZISZV,28,Low,0.281,32,One year,DSL,83.7,Add Online Security (incentive)
5855-EIBDE,28,Low,0.2807,49,Two year,Fiber optic,106.65,Relationship check-in
9060-HJJRW,28,Low,0.2806,51,One year,DSL,56.4,Add Online Security (incentive); Add Tech Support
6778-JFCMK,28,Low,0.2806,24,One year,DSL,50.6,Add Tech Support; Move to automatic payment
5286-YHCVC,28,Low,0.2806,72,Two year,Fiber optic,104.8,Add Online Security (incentive); Add Tech Support
3173-NVMPX,28,Low,0.2805,9,Month-to-month,DSL,55.3,Offer a term contract; Add Online Security (incentive)
4119-ZYPZY,28,Low,0.2801,71,Two year,Fiber optic,106.8,Add Online Security (incentive); Move to automatic payment
9256-JTBNZ,28,Low,0.2798,11,Month-to-month,No,20.3,Offer a term contract
7629-WFGLW,28,Low,0.2798,56,One year,Fiber optic,95.65,Move to automatic payment
1410-RSCMR,28,Low,0.2794,7,Month-to-month,DSL,71.35,Offer a term contract
5898-IGSLP,28,Low,0.2794,31,Month-to-month,Fiber optic,89.3,Offer a term contract; Move to automatic payment
5756-JYOJT,28,Low,0.2791,11,One year,DSL,64.9,Add Online Security (incentive)
1357-MVDOZ,28,Low,0.279,11,Month-to-month,DSL,59.65,Offer a term contract; Add Online Security (incentive)
4459-BBGHE,28,Low,0.279,30,Month-to-month,DSL,44.5,Offer a term contract; Add Online Security (incentive)
9959-WOFKT,28,Low,0.2789,71,Two year,Fiber optic,106.7,Add Tech Support
8879-ZKJOF,28,Low,0.2788,41,One year,DSL,79.85,Relationship check-in
9609-BENEA,28,Low,0.2786,35,One year,DSL,69.0,Add Online Security (incentive); Move to automatic payment
4012-ZTHBR,28,Low,0.2785,21,Month-to-month,DSL,44.95,Offer a term contract; Add Online Security (incentive)
6319-QSUSR,28,Low,0.2784,11,Month-to-month,No,19.7,Offer a term contract
2038-YSEZE,28,Low,0.2782,29,Month-to-month,DSL,67.45,Offer a term contract; Move to automatic payment
9405-GPBBG,28,Low,0.2781,64,Two year,Fiber optic,110.5,Add Online Security (incentive)
8550-XSXUQ,28,Low,0.2778,48,One year,DSL,70.55,Add Online Security (incentive); Add Tech Support
8123-QBNAZ,28,Low,0.2778,36,Month-to-month,Fiber optic,104.5,Offer a term contract; Add Tech Support
3787-TRIAL,28,Low,0.2777,21,Month-to-month,DSL,26.05,Offer a term contract; Add Online Security (incentive)
0727-BNRLG,28,Low,0.2775,69,Two year,Fiber optic,97.65,Add Online Security (incentive)
9513-DXHDA,28,Low,0.2769,27,One year,DSL,81.7,Move to automatic payment
6941-KXRRV,28,Low,0.2766,48,One year,DSL,58.95,Add Online Security (incentive); Add Tech Support
7916-VCCPB,28,Low,0.2764,16,Month-to-month,Fiber optic,73.25,Offer a term contract; Add Online Security (incentive)
9289-LBQVU,28,Low,0.2763,64,One year,DSL,70.15,Add Online Security (incentive); Move to automatic payment
4389-UEFCZ,28,Low,0.2763,72,Two year,Fiber optic,105.5,Add Tech Support; Move to automatic payment
5709-LVOEQ,28,Low,0.2762,0,Two year,DSL,80.85,Add Tech Support; Move to automatic payment
2439-QKJUL,28,Low,0.2761,5,Month-to-month,No,20.25,Offer a term contract; Move to automatic payment
4324-BZCKL,28,Low,0.2753,10,Month-to-month,DSL,55.55,Offer a term contract; Add Online Security (incentive)
0549-CYCQN,27,Low,0.2749,51,One year,Fiber optic,79.6,Add Online Security (incentive); Add Tech Support
5562-YJQGT,27,Low,0.2748,2,Month-to-month,No,20.35,Offer a term contract
6402-SSEJG,27,Low,0.2747,25,One year,DSL,61.05,Add Tech Support; Move to automatic payment
0815-MFZGM,27,Low,0.2746,42,Two year,Fiber optic,99.0,Add Online Security (incentive)
9933-QRGTX,27,Low,0.2745,60,Two year,Fiber optic,97.2,Move to automatic payment
8865-TNMNX,27,Low,0.2745,10,One year,DSL,49.55,Add Online Security (incentive); Add Tech Support
1621-YNCJH,27,Low,0.2742,36,Two year,Fiber optic,106.05,Relationship check-in
6500-JVEGC,27,Low,0.2737,68,One year,Fiber optic,101.35,Add Tech Support
6732-FZUGP,27,Low,0.2735,47,One year,Fiber optic,94.9,Add Tech Support
0661-WCQNQ,27,Low,0.2734,22,One year,DSL,56.25,Relationship check-in
8378-LKJAF,27,Low,0.2732,38,Month-to-month,Fiber optic,101.15,Offer a term contract; Add Online Security (incentive)
9137-UIYPG,27,Low,0.2732,35,Month-to-month,Fiber optic,106.9,Offer a term contract; Move to automatic payment
3729-OWRVL,27,Low,0.273,65,Two year,Fiber optic,110.35,Move to automatic payment
1785-BPHTP,27,Low,0.2724,28,Month-to-month,Fiber optic,85.45,Offer a term contract; Add Online Security (incentive)
1216-JWVUX,27,Low,0.2721,25,Month-to-month,Fiber optic,75.5,Offer a term contract; Add Online Security (incentive)
6297-NOOPG,27,Low,0.272,70,Two year,Fiber optic,110.5,Add Online Security (incentive); Move to automatic payment
6734-FQAJX,27,Low,0.2719,67,Two year,Fiber optic,105.05,Move to automatic payment
8065-QBYTO,27,Low,0.2719,71,One year,Fiber optic,99.65,Relationship check-in
7176-WRTNX,27,Low,0.2711,70,Two year,Fiber optic,114.95,Relationship check-in
6967-QIQRV,27,Low,0.2708,15,One year,Fiber optic,101.9,Move to automatic payment
4785-NKHCX,27,Low,0.2707,5,Month-to-month,No,20.05,Offer a term contract
7156-MXBJE,27,Low,0.2705,43,One year,DSL,85.1,Add Online Security (incentive)
4486-EFAEB,27,Low,0.2705,13,Month-to-month,No,20.4,Offer a term contract; Move to automatic payment
0696-UKTOX,27,Low,0.2704,23,Month-to-month,DSL,54.15,Offer a term contract; Add Online Security (incentive)
5396-IZEPB,27,Low,0.2704,9,Month-to-month,No,19.7,Offer a term contract
9837-FWLCH,27,Low,0.2703,12,Month-to-month,No,19.2,Offer a term contract; Move to automatic payment
9788-YTFGE,27,Low,0.2701,7,Month-to-month,No,19.95,Offer a term contract; Move to automatic payment
2931-VUVJN,27,Low,0.2701,59,One year,Fiber optic,94.05,Move to automatic payment
6891-JPYFF,27,Low,0.2698,48,Month-to-month,Fiber optic,105.25,Offer a term contract; Add Tech Support
5397-TUPSH,27,Low,0.2697,65,One year,Fiber optic,70.95,Add Online Security (incentive); Add Tech Support
3863-QSTYI,27,Low,0.2697,59,Month-to-month,DSL,64.65,Offer a term contract; Add Online Security (incentive)
0111-KLBQG,27,Low,0.2695,32,Month-to-month,Fiber optic,93.95,Offer a term contract; Add Online Security (incentive)
4939-KYYPY,27,Low,0.2691,27,Month-to-month,DSL,59.45,Offer a term contract; Add Online Security (incentive)
8317-BVKSO,27,Low,0.2691,14,Month-to-month,No,20.05,Offer a term contract; Move to automatic payment
5084-OOVCJ,27,Low,0.2688,17,Month-to-month,DSL,55.35,Offer a term contract
8929-KSWIH,27,Low,0.2686,25,Two year,Fiber optic,99.3,Add Online Security (incentive)
0868-VJRDR,27,Low,0.2685,64,Two year,Fiber optic,104.05,Relationship check-in
4568-TTZRT,27,Low,0.2684,9,Month-to-month,No,20.4,Offer a term contract; Move to automatic payment
3981-QSVQI,27,Low,0.2684,8,Month-to-month,No,19.7,Offer a term contract
0621-JFHOL,27,Low,0.2676,10,Two year,DSL,29.6,Add Online Security (incentive); Move to automatic payment
6614-FHDBO,27,Low,0.2671,72,Two year,Fiber optic,109.2,Add Online Security (incentive)
9277-JOOMO,27,Low,0.2669,3,Month-to-month,No,24.6,Offer a term contract; Move to automatic payment
7654-YWJUF,27,Low,0.2668,43,One year,Fiber optic,84.25,Relationship check-in
4079-VTGLK,27,Low,0.2665,30,Two year,DSL,74.85,Add Online Security (incentive); Add Tech Support
9938-ZREHM,27,Low,0.2657,37,One year,DSL,72.1,Add Online Security (incentive); Move to automatic payment
3701-SFMUH,27,Low,0.2656,7,Month-to-month,DSL,69.7,Offer a term contract; Add Tech Support
5524-KHNJP,27,Low,0.2653,33,One year,DSL,74.75,Add Tech Support
4627-MIHJH,27,Low,0.2653,69,Two year,Fiber optic,110.25,Relationship check-in
9308-ANMVE,27,Low,0.2652,47,Month-to-month,DSL,55.3,Offer a term contract; Add Tech Support
0750-EKNGL,27,Low,0.2652,7,Month-to-month,No,20.75,Offer a term contract; Move to automatic payment
3197-NNYNB,27,Low,0.2651,65,Two year,Fiber optic,105.1,Add Online Security (incentive); Add Tech Support
0983-TATYJ,27,Low,0.2651,33,One year,DSL,51.45,Add Online Security (incentive); Move to automatic payment
4936-YPJNK,27,Low,0.265,10,Month-to-month,No,19.9,Offer a term contract; Move to automatic payment
4091-TVOCN,26,Low,0.2648,48,One year,DSL,78.75,Add Tech Support
6838-YAUVY,26,Low,0.2648,54,Two year,Fiber optic,95.1,Add Online Security (incentive)
7361-YPXFS,26,Low,0.2647,28,Month-to-month,DSL,64.45,Offer a term contract; Add Online Security (incentive)
2923-ARZLG,26,Low,0.2641,0,One year,No,19.7,Move to automatic payment
0840-DCNZE,26,Low,0.264,47,One year,DSL,86.95,Relationship check-in
7909-FIOIY,26,Low,0.2639,19,Month-to-month,DSL,24.85,Offer a term contract; Add Online Security (incentive)
7521-YXVZY,26,Low,0.2638,3,Month-to-month,No,19.95,Offer a term contract; Move to automatic payment
5760-WRAHC,26,Low,0.2635,22,Month-to-month,DSL,69.75,Offer a term contract; Move to automatic payment
9031-ZVQPT,26,Low,0.2635,72,Two year,Fiber optic,108.2,Add Online Security (incentive); Move to automatic payment
6505-OZNPG,26,Low,0.2633,6,Two year,DSL,63.4,Move to automatic payment
9800-ONTFE,26,Low,0.2633,22,Month-to-month,Fiber optic,75.8,Offer a term contract; Add Online Security (incentive)
9618-LFJRU,26,Low,0.263,4,Month-to-month,No,20.45,Offer a term contract
1680-VDCWW,26,Low,0.263,12,One year,No,19.8,Relationship check-in
4369-NYSCF,26,Low,0.2629,56,One year,DSL,75.75,Add Online Security (incentive)
8049-WJCLQ,26,Low,0.2628,10,Month-to-month,DSL,60.2,Offer a term contract; Add Online Security (incentive)
5522-NYKPB,26,Low,0.2628,25,Month-to-month,Fiber optic,85.9,Offer a term contract; Add Online Security (incentive)
0356-OBMAC,26,Low,0.2628,56,Two year,Fiber optic,99.9,Add Online Security (incentive)
8944-AILEF,26,Low,0.2625,15,Month-to-month,No,19.45,Offer a term contract
8467-WYNSR,26,Low,0.2622,22,Month-to-month,DSL,55.1,Offer a term contract; Move to automatic payment
8548-AWOFC,26,Low,0.2621,66,Month-to-month,DSL,63.85,Offer a term contract; Add Online Security (incentive)
8405-IGQFX,26,Low,0.2621,63,One year,Fiber optic,90.05,Add Online Security (incentive)
2436-QBZFP,26,Low,0.262,22,Month-to-month,DSL,39.2,Offer a term contract; Add Online Security (incentive)
5998-DZLYR,26,Low,0.2619,61,Two year,Fiber optic,94.35,Add Online Security (incentive)
5863-OOKCL,26,Low,0.2618,10,Month-to-month,No,18.85,Offer a term contract; Move to automatic payment
4397-FRLTA,26,Low,0.2618,4,Month-to-month,No,20.15,Offer a term contract; Move to automatic payment
0723-FDLAY,26,Low,0.2617,44,One year,DSL,85.25,Add Online Security (incentive)
3969-JQABI,26,Low,0.2616,58,Month-to-month,DSL,65.25,Offer a term contract; Add Tech Support
8496-DMZUK,26,Low,0.2614,30,One year,Fiber optic,90.4,Add Tech Support
4611-ANLQC,26,Low,0.2611,60,One year,DSL,50.05,Add Tech Support; Move to automatic payment
5032-USPKF,26,Low,0.2611,38,One year,DSL,84.1,Add Tech Support
5724-BIDBU,26,Low,0.2611,49,One year,DSL,55.35,Add Tech Support; Move to automatic payment
9862-KJTYK,26,Low,0.2611,19,Month-to-month,DSL,25.35,Offer a term contract; Add Online Security (incentive)
7470-DYNOE,26,Low,0.261,53,One year,DSL,61.1,Add Online Security (incentive); Add Tech Support
6620-HVDUJ,26,Low,0.2608,24,Month-to-month,DSL,60.45,Offer a term contract
6080-TCMYC,26,Low,0.2608,40,Month-to-month,Fiber optic,81.2,Offer a term contract; Add Online Security (incentive)
8869-LIHMK,26,Low,0.2608,64,Two year,Fiber optic,115.1,Relationship check-in
1877-HKBQX,26,Low,0.2606,11,One year,DSL,54.6,Move to automatic payment
7746-QYVCO,26,Low,0.2604,16,One year,DSL,55.85,Add Tech Support; Move to automatic payment
8752-GHJFU,26,Low,0.2604,71,One year,Fiber optic,92.0,Move to automatic payment
3621-CHYVB,26,Low,0.2604,57,Month-to-month,DSL,49.9,Offer a term contract
3597-YASZG,26,Low,0.2601,70,Two year,Fiber optic,104.45,Add Online Security (incentive)
1936-CZAKF,26,Low,0.2599,49,Two year,DSL,49.65,Add Online Security (incentive); Add Tech Support
7816-VGHTO,26,Low,0.2599,6,Two year,DSL,40.55,Add Online Security (incentive); Move to automatic payment
7459-IMVYU,26,Low,0.2598,38,Month-to-month,DSL,69.95,Offer a term contract; Move to automatic payment
5777-KJIRB,26,Low,0.2596,40,One year,DSL,50.25,Add Online Security (incentive); Add Tech Support
1264-FUHCX,26,Low,0.2596,49,One year,DSL,56.3,Add Online Security (incentive)
7923-IYJWY,26,Low,0.2592,67,Two year,Fiber optic,116.1,Relationship check-in
4104-PVRPS,26,Low,0.2592,24,Month-to-month,DSL,53.6,Offer a term contract; Move to automatic payment
7566-DSRLQ,26,Low,0.2592,72,Two year,Fiber optic,110.15,Add Online Security (incentive); Move to automatic payment
4686-GEFRM,26,Low,0.2591,70,Two year,Fiber optic,98.7,Add Online Security (incentive)
8314-DPQHL,26,Low,0.259,9,One year,DSL,50.8,Move to automatic payment
6791-YBNAK,26,Low,0.258,18,Month-to-month,DSL,25.55,Offer a term contract; Add Online Security (incentive)
5327-CNLUQ,26,Low,0.258,48,Two year,Fiber optic,96.9,Add Tech Support
2391-IPLOP,26,Low,0.2579,50,One year,DSL,69.65,Add Online Security (incentive); Move to automatic payment
9351-LZYGF,26,Low,0.2578,42,Month-to-month,DSL,66.4,Offer a term contract
9027-YFHQJ,26,Low,0.2578,7,Month-to-month,No,25.05,Offer a term contract
7968-QUXNS,26,Low,0.2578,6,Month-to-month,No,18.95,Offer a term contract; Move to automatic payment
1137-DGOWI,26,Low,0.2573,30,One year,DSL,70.25,Add Online Security (incentive)
1755-RMCXH,26,Low,0.2573,2,Month-to-month,No,20.3,Offer a term contract; Move to automatic payment
8822-KNBHV,26,Low,0.2571,48,One year,DSL,83.45,Add Tech Support
1353-GHZOS,26,Low,0.2568,22,One year,DSL,59.75,Add Tech Support
4023-RTIQM,26,Low,0.2568,31,One year,DSL,50.4,Add Tech Support
3530-CRZSB,26,Low,0.2568,7,Month-to-month,No,20.65,Offer a term contract; Move to automatic payment
6303-KFWSL,26,Low,0.2562,29,One year,DSL,55.25,Add Online Security (incentive); Add Tech Support
7531-GQHME,26,Low,0.2562,12,Month-to-month,No,20.05,Offer a term contract
0496-AHOOK,26,Low,0.2561,24,One year,DSL,74.4,Relationship check-in
8996-ZROXE,26,Low,0.256,57,One year,DSL,53.5,Add Online Security (incentive); Move to automatic payment
4522-XRWWI,26,Low,0.256,42,One year,DSL,80.45,Relationship check-in
8071-SBTRN,26,Low,0.2559,70,Two year,Fiber optic,111.15,Add Tech Support; Move to automatic payment
6671-NGWON,26,Low,0.2556,7,Month-to-month,No,20.35,Offer a term contract; Move to automatic payment
2316-ESMLS,26,Low,0.2556,12,One year,DSL,33.15,Relationship check-in
1162-ECVII,26,Low,0.2555,72,Two year,Fiber optic,109.75,Add Online Security (incentive)
3716-LRGXK,26,Low,0.2554,60,Two year,Fiber optic,101.15,Add Online Security (incentive); Add Tech Support
3733-UOCWF,26,Low,0.2553,61,One year,Fiber optic,85.55,Add Online Security (incentive)
2710-WYVXG,26,Low,0.2552,3,Two year,DSL,71.1,Move to automatic payment
6900-RBKER,26,Low,0.2551,52,Two year,Fiber optic,89.45,Add Online Security (incentive); Add Tech Support
0114-RSRRW,26,Low,0.2551,10,Month-to-month,No,19.95,Offer a term contract
9770-KXGQU,25,Low,0.2548,53,One year,Fiber optic,98.6,Add Tech Support; Move to automatic payment
9817-APLHW,25,Low,0.2547,12,Month-to-month,No,25.0,Offer a term contract; Move to automatic payment
2061-VVFST,25,Low,0.2547,37,Month-to-month,No,19.5,Offer a term contract
0667-NSRGI,25,Low,0.2547,48,One year,DSL,69.55,Add Online Security (incentive); Move to automatic payment
6663-JOCQO,25,Low,0.2546,31,One year,DSL,75.25,Relationship check-in
0997-YTLNY,25,Low,0.2544,19,Month-to-month,DSL,48.8,Offer a term contract; Add Online Security (incentive)
8777-MBMTS,25,Low,0.2538,65,Two year,Fiber optic,105.85,Add Online Security (incentive)
9388-ZEYVT,25,Low,0.2537,43,One year,DSL,44.15,Add Online Security (incentive); Move to automatic payment
2410-CIYFZ,25,Low,0.2536,2,Month-to-month,No,20.4,Offer a term contract; Move to automatic payment
8646-JCOMS,25,Low,0.2535,66,One year,Fiber optic,90.55,Add Online Security (incentive)
1614-JBEBI,25,Low,0.2535,8,Month-to-month,No,20.7,Offer a term contract; Move to automatic payment
6784-XYJAE,25,Low,0.2535,36,One year,DSL,55.8,Add Online Security (incentive); Add Tech Support
5804-HYIEZ,25,Low,0.2534,70,Month-to-month,Fiber optic,106.05,Offer a term contract; Add Tech Support
3915-ODIYG,25,Low,0.253,60,One year,DSL,71.75,Add Tech Support; Move to automatic payment
5934-TSSAU,25,Low,0.2526,23,Month-to-month,Fiber optic,75.3,Offer a term contract; Add Online Security (incentive)
1708-PBBOA,25,Low,0.2523,42,One year,DSL,54.75,Move to automatic payment
0178-SZBHO,25,Low,0.2522,47,Month-to-month,Fiber optic,87.2,Offer a term contract; Add Online Security (incentive)
8741-LQOBK,25,Low,0.2522,46,Month-to-month,DSL,35.05,Offer a term contract; Add Tech Support
0953-LGOVU,25,Low,0.2521,12,Month-to-month,DSL,35.5,Offer a term contract; Add Online Security (incentive)
7191-ADRGF,25,Low,0.2521,44,Two year,DSL,54.3,Add Online Security (incentive); Add Tech Support
4654-DLAMQ,25,Low,0.252,64,One year,Fiber optic,97.0,Add Tech Support
4003-OCTMP,25,Low,0.2519,31,One year,DSL,64.0,Move to automatic payment
2672-TGEFF,25,Low,0.2519,37,Month-to-month,Fiber optic,88.8,Offer a term contract; Add Online Security (incentive)
6266-QHOJZ,25,Low,0.2517,65,One year,Fiber optic,89.85,Move to automatic payment
8231-BSWXX,25,Low,0.2514,71,One year,Fiber optic,79.05,Add Online Security (incentive); Add Tech Support
5537-UXXVS,25,Low,0.2514,20,Month-to-month,No,19.25,Offer a term contract
6507-DTJZV,25,Low,0.2514,13,Month-to-month,DSL,66.4,Offer a term contract; Add Online Security (incentive)
6766-HFKLA,25,Low,0.251,56,Two year,Fiber optic,103.2,Add Online Security (incentive)
0463-WZZKO,25,Low,0.251,3,Month-to-month,No,20.75,Offer a term contract
6156-UZDLF,25,Low,0.2509,26,One year,Fiber optic,87.15,Relationship check-in
8498-XXGWA,25,Low,0.2509,65,Month-to-month,DSL,55.15,Offer a term contract; Add Tech Support
0089-IIQKO,25,Low,0.2508,39,Month-to-month,Fiber optic,99.95,Offer a term contract; Add Online Security (incentive)
7234-KMNRQ,25,Low,0.2508,4,Month-to-month,No,19.0,Offer a term contract; Move to automatic payment
5716-LIBJC,25,Low,0.2505,13,One year,Fiber optic,104.15,Add Online Security (incentive); Add Tech Support
0373-AIVNJ,25,Low,0.2504,9,One year,DSL,39.55,Add Tech Support; Move to automatic payment
2363-BJLSL,25,Low,0.2504,62,Month-to-month,DSL,80.4,Offer a term contract; Add Online Security (incentive)
5304-EFJLP,25,Low,0.2504,72,Two year,Fiber optic,111.65,Add Online Security (incentive)
8930-XOTDP,25,Low,0.2501,18,Month-to-month,DSL,55.95,Offer a term contract; Add Online Security (incentive)
9577-WJVCQ,25,Low,0.2493,68,Month-to-month,DSL,54.45,Offer a term contract; Add Tech Support
7707-PYBBH,25,Low,0.2493,40,Month-to-month,DSL,61.9,Offer a term contract; Move to automatic payment
7611-YKYTC,25,Low,0.2491,22,Month-to-month,Fiber optic,75.0,Offer a term contract; Add Tech Support
0980-PVMRC,25,Low,0.249,40,Month-to-month,DSL,50.85,Offer a term contract; Add Online Security (incentive)
9763-GRSKD,25,Low,0.2489,13,Month-to-month,DSL,49.95,Offer a term contract; Add Tech Support
1696-HXOWK,25,Low,0.2485,71,One year,Fiber optic,95.65,Add Tech Support; Move to automatic payment
6171-ZTVYB,25,Low,0.2485,43,Month-to-month,DSL,66.25,Offer a term contract
7901-IIDQV,25,Low,0.2485,24,One year,DSL,54.6,Add Online Security (incentive)
0454-OKRCT,25,Low,0.2485,33,Two year,Fiber optic,80.6,Add Online Security (incentive)
3146-JTQHR,25,Low,0.2484,10,One year,No,19.6,Relationship check-in
1898-JSNDC,25,Low,0.2481,39,One year,DSL,58.6,Add Online Security (incentive); Add Tech Support
2361-FJWNO,25,Low,0.2481,40,One year,DSL,36.0,Add Online Security (incentive)
9199-PWQVC,25,Low,0.2478,63,One year,DSL,79.7,Add Tech Support
3011-WQKSZ,25,Low,0.2476,19,Month-to-month,No,20.0,Offer a term contract; Move to automatic payment
6727-IOTLZ,25,Low,0.2476,14,Two year,DSL,81.95,Add Online Security (incentive); Move to automatic payment
7184-LRUUR,25,Low,0.2473,22,One year,DSL,65.25,Add Online Security (incentive); Add Tech Support
1936-UAFEH,25,Low,0.2472,68,Two year,Fiber optic,110.25,Relationship check-in
9839-ETQOE,25,Low,0.2472,43,Month-to-month,DSL,40.45,Offer a term contract; Add Tech Support
1702-CCFNJ,25,Low,0.2471,52,Month-to-month,DSL,61.35,Offer a term contract; Add Online Security (incentive)
9040-KZVWO,25,Low,0.2471,26,One year,Fiber optic,75.5,Add Online Security (incentive); Add Tech Support
7682-AZNDK,25,Low,0.2468,34,Month-to-month,Fiber optic,89.85,Offer a term contract; Add Online Security (incentive)
3181-MIZBN,25,Low,0.2467,16,Month-to-month,No,19.75,Offer a term contract; Move to automatic payment
1334-PDUKM,25,Low,0.2467,68,One year,Fiber optic,86.45,Add Online Security (incentive); Add Tech Support
5120-ZBLAI,25,Low,0.2467,50,One year,DSL,75.7,Add Online Security (incentive); Add Tech Support
7691-XVTZH,25,Low,0.2466,68,Two year,Fiber optic,89.95,Add Online Security (incentive); Add Tech Support
4906-ZHGPK,25,Low,0.2463,54,One year,DSL,70.7,Add Online Security (incentive); Move to automatic payment
3214-IYUUQ,25,Low,0.246,61,One year,Fiber optic,93.7,Relationship check-in
0939-EREMR,25,Low,0.2459,13,Month-to-month,DSL,53.45,Offer a term contract; Add Online Security (incentive)
4565-EVZMJ,25,Low,0.2458,47,One year,DSL,58.9,Move to automatic payment
9909-IDLEK,25,Low,0.2457,20,Month-to-month,Fiber optic,96.8,Offer a term contract; Add Online Security (incentive)
5651-YLPRD,25,Low,0.2455,32,Month-to-month,Fiber optic,86.1,Offer a term contract; Add Online Security (incentive)
4097-YODCF,25,Low,0.2455,34,One year,Fiber optic,103.8,Add Tech Support; Move to automatic payment
0607-MVMGC,25,Low,0.2454,45,One year,DSL,78.75,Add Online Security (incentive); Add Tech Support
6476-YHMGA,25,Low,0.2452,15,Month-to-month,DSL,76.5,Offer a term contract; Add Online Security (incentive)
5448-VWNAM,25,Low,0.245,19,Month-to-month,DSL,75.9,Offer a term contract; Move to automatic payment
0533-UCAAU,24,Low,0.2449,57,One year,DSL,71.1,Add Online Security (incentive); Add Tech Support
7826-VVKWT,24,Low,0.2449,24,Two year,Fiber optic,96.55,Add Online Security (incentive); Add Tech Support
7672-VFMXZ,24,Low,0.2447,57,Month-to-month,DSL,55.7,Offer a term contract; Move to automatic payment
1991-VOPLL,24,Low,0.2447,9,Month-to-month,No,19.05,Offer a term contract; Move to automatic payment
3397-AVTKU,24,Low,0.2442,43,Two year,DSL,60.0,Add Online Security (incentive); Add Tech Support
5712-VBOXD,24,Low,0.2441,4,Month-to-month,No,20.15,Offer a term contract
1183-CANVH,24,Low,0.244,23,One year,DSL,60.0,Add Online Security (incentive)
7311-MQJCH,24,Low,0.2439,5,One year,No,19.55,Move to automatic payment
2746-DIJLO,24,Low,0.2438,41,One year,DSL,56.3,Add Online Security (incentive); Add Tech Support
5049-MUBWG,24,Low,0.2437,26,One year,DSL,75.0,Relationship check-in
1360-RCYRT,24,Low,0.2437,23,Month-to-month,DSL,30.35,Offer a term contract; Add Online Security (incentive)
4422-QVIJA,24,Low,0.2435,35,Month-to-month,DSL,50.15,Offer a term contract; Add Online Security (incentive)
5236-XMZJY,24,Low,0.2434,42,Month-to-month,DSL,59.65,Offer a term contract; Add Tech Support
1064-FBXNK,24,Low,0.243,1,One year,No,19.85,Relationship check-in
8261-GWDBQ,24,Low,0.2429,60,Two year,Fiber optic,116.05,Relationship check-in
7690-KPNCU,24,Low,0.2427,64,One year,DSL,73.05,Add Tech Support
5985-TBABQ,24,Low,0.2427,32,One year,DSL,74.75,Add Tech Support; Move to automatic payment
7219-TLZHO,24,Low,0.2426,4,Month-to-month,No,20.85,Offer a term contract; Move to automatic payment
7088-FBAWU,24,Low,0.2426,17,Month-to-month,DSL,74.55,Offer a term contract; Add Tech Support
6416-JNVRK,24,Low,0.2424,46,One year,DSL,55.65,Add Online Security (incentive); Add Tech Support
4020-KIUDI,24,Low,0.2421,6,Month-to-month,No,19.85,Offer a term contract
2055-BFOCC,24,Low,0.2417,63,One year,DSL,84.0,Relationship check-in
8318-LCNBW,24,Low,0.2415,35,One year,DSL,53.15,Add Tech Support
0835-JKADZ,24,Low,0.2415,71,Two year,Fiber optic,111.25,Add Online Security (incentive); Move to automatic payment
4508-OEBEY,24,Low,0.2411,31,One year,DSL,75.5,Relationship check-in
9670-BPNXF,24,Low,0.241,45,One year,DSL,62.55,Relationship check-in
3524-WQDSG,24,Low,0.2409,43,Month-to-month,Fiber optic,99.3,Offer a term contract; Add Online Security (incentive)
6353-BRMMA,24,Low,0.2408,54,Month-to-month,Fiber optic,104.1,Offer a term contract; Add Tech Support
1140-UKVZG,24,Low,0.2408,17,Month-to-month,No,24.8,Offer a term contract; Move to automatic payment
8406-LNMHF,24,Low,0.2407,59,One year,Fiber optic,82.95,Add Tech Support
9386-LDCZR,24,Low,0.2403,43,One year,Fiber optic,90.65,Relationship check-in
2450-ZKEED,24,Low,0.2402,11,One year,DSL,53.8,Add Online Security (incentive)
4223-BKEOR,24,Low,0.2398,21,One year,DSL,64.85,Add Tech Support; Move to automatic payment
7841-FCRQD,24,Low,0.2398,33,One year,DSL,53.75,Add Online Security (incentive)
2371-JUNGC,24,Low,0.2396,11,Month-to-month,No,20.25,Offer a term contract; Move to automatic payment
6999-CHVCF,24,Low,0.2395,68,Two year,Fiber optic,102.1,Add Tech Support
5110-CHOPY,24,Low,0.2391,60,Two year,DSL,53.6,Add Tech Support; Move to automatic payment
8746-OQQRW,24,Low,0.239,4,Month-to-month,No,25.25,Offer a term contract; Move to automatic payment
0742-LAFQK,24,Low,0.2389,72,Two year,Fiber optic,99.15,Add Tech Support; Move to automatic payment
8034-RYTVV,24,Low,0.2387,55,One year,Fiber optic,84.25,Add Tech Support
5018-HEKFO,24,Low,0.2386,10,Month-to-month,No,24.5,Offer a term contract; Move to automatic payment
3705-RHRFR,24,Low,0.2386,69,Two year,Fiber optic,99.15,Add Tech Support
5795-KTGUD,24,Low,0.2385,68,Two year,Fiber optic,110.8,Add Tech Support
5815-HGGHV,24,Low,0.2384,20,One year,DSL,64.15,Move to automatic payment
4182-BGSIQ,24,Low,0.2383,10,Month-to-month,No,19.8,Offer a term contract
4626-OZDTJ,24,Low,0.2381,51,One year,DSL,78.65,Add Online Security (incentive)
9518-IMLHK,24,Low,0.238,31,Month-to-month,DSL,72.45,Offer a term contract
8050-WYBND,24,Low,0.2379,22,One year,DSL,49.45,Add Online Security (incentive); Add Tech Support
6257-DTAYD,24,Low,0.2377,71,Two year,Fiber optic,104.15,Add Online Security (incentive)
7576-ASEJU,24,Low,0.2376,41,One year,DSL,74.7,Relationship check-in
0716-BQNDX,24,Low,0.2373,57,Two year,Fiber optic,93.75,Move to automatic payment
6250-CGGUN,24,Low,0.2372,54,One year,Fiber optic,84.4,Move to automatic payment
9367-TCUYN,24,Low,0.237,12,Month-to-month,No,20.1,Offer a term contract; Move to automatic payment
4697-LUPSU,24,Low,0.2368,2,One year,No,20.2,Move to automatic payment
1174-FGIFN,24,Low,0.2367,28,One year,Fiber optic,90.45,Add Online Security (incentive); Move to automatic payment
6366-XIVKZ,24,Low,0.2365,13,Month-to-month,DSL,63.15,Offer a term contract; Add Tech Support
9578-FOMUK,24,Low,0.2364,15,Month-to-month,No,24.8,Offer a term contract; Move to automatic payment
3675-YDUPJ,24,Low,0.2364,10,Month-to-month,No,19.85,Offer a term contract; Move to automatic payment
0303-UNCIP,24,Low,0.2364,41,One year,DSL,65.0,Add Online Security (incentive); Add Tech Support
5829-NVSQN,24,Low,0.2364,23,One year,DSL,68.75,Relationship check-in
6195-MELTI,24,Low,0.236,57,One year,DSL,54.65,Add Online Security (incentive); Move to automatic payment
4472-LVYGI,24,Low,0.2358,0,Two year,DSL,52.55,Relationship check-in
3470-BTGQO,24,Low,0.2358,21,Month-to-month,DSL,45.65,Offer a term contract; Add Online Security (incentive)
2240-HSJQD,24,Low,0.2356,38,Month-to-month,Fiber optic,81.85,Offer a term contract; Add Online Security (incentive)
6992-TKNYO,24,Low,0.2356,38,One year,DSL,69.0,Add Online Security (incentive)
6490-FGZAT,24,Low,0.2354,6,Month-to-month,No,20.65,Offer a term contract; Move to automatic payment
2811-POVEX,24,Low,0.2352,23,Month-to-month,Fiber optic,88.45,Offer a term contract; Add Online Security (incentive)
4501-UYKBC,23,Low,0.2349,46,One year,DSL,69.1,Add Online Security (incentive)
2959-EEXWB,23,Low,0.2349,45,Month-to-month,DSL,50.9,Offer a term contract; Add Tech Support
5574-NXZIU,23,Low,0.2348,63,Two year,Fiber optic,109.2,Relationship check-in
7868-TMWMZ,23,Low,0.2347,60,Two year,Fiber optic,110.0,Relationship check-in
7110-BDTWG,23,Low,0.2345,71,Two year,DSL,47.05,Add Online Security (incentive); Move to automatic payment
3696-XRIEN,23,Low,0.2344,50,One year,DSL,82.5,Relationship check-in
2739-CCZMB,23,Low,0.2344,5,Month-to-month,No,20.35,Offer a term contract
2636-SJDOU,23,Low,0.2342,64,One year,Fiber optic,84.3,Add Tech Support
7055-JCGNI,23,Low,0.2341,70,Two year,Fiber optic,111.95,Relationship check-in
3062-ICYZQ,23,Low,0.234,51,Month-to-month,Fiber optic,93.8,Offer a term contract; Add Tech Support
0064-YIJGF,23,Low,0.2339,27,Month-to-month,Fiber optic,75.75,Offer a term contract; Add Online Security (incentive)
6549-YMFAW,23,Low,0.2339,9,Month-to-month,No,21.25,Offer a term contract; Move to automatic payment
6718-BDGHG,23,Low,0.2338,43,One year,DSL,64.85,Add Online Security (incentive)
7100-FQPRV,23,Low,0.2338,43,One year,DSL,71.9,Relationship check-in
4198-VFOEA,23,Low,0.2336,12,One year,DSL,33.6,Move to automatic payment
3137-NYQQI,23,Low,0.2336,17,One year,DSL,64.8,Add Tech Support; Move to automatic payment
8246-SHFGA,23,Low,0.2336,17,Month-to-month,No,21.1,Offer a term contract
6661-EIPZC,23,Low,0.2335,48,Month-to-month,DSL,29.5,Offer a term contract; Add Online Security (incentive)
0787-LHDYT,23,Low,0.2334,16,Month-to-month,No,20.6,Offer a term contract
7753-USQYQ,23,Low,0.2333,55,One year,DSL,64.2,Add Online Security (incentive); Move to automatic payment
0384-LPITE,23,Low,0.2332,40,One year,DSL,62.05,Add Tech Support
4667-QONEA,23,Low,0.2332,60,One year,DSL,74.85,Relationship check-in
3920-HIHMQ,23,Low,0.2332,26,Month-to-month,DSL,49.5,Offer a term contract; Add Online Security (incentive)
0208-BPQEJ,23,Low,0.2331,12,Month-to-month,No,19.4,Offer a term contract
3059-NGMXB,23,Low,0.2328,14,Month-to-month,DSL,69.2,Offer a term contract; Add Tech Support
7838-LAZFO,23,Low,0.2328,45,One year,DSL,78.8,Add Tech Support
6837-BJYDQ,23,Low,0.2322,3,One year,No,19.6,Move to automatic payment
4304-TSPVK,23,Low,0.2319,68,Two year,Fiber optic,114.9,Relationship check-in
6121-TNHBO,23,Low,0.2316,63,One year,DSL,83.0,Relationship check-in
9932-WBWIK,23,Low,0.2316,11,Month-to-month,No,20.35,Offer a term contract; Move to automatic payment
6295-OSINB,23,Low,0.2313,72,Two year,Fiber optic,109.65,Add Tech Support; Move to automatic payment
2775-SEFEE,23,Low,0.2311,0,Two year,DSL,61.9,Relationship check-in
5447-VYTKW,23,Low,0.2307,27,Month-to-month,DSL,53.45,Offer a term contract; Move to automatic payment
0620-XEFWH,23,Low,0.2307,4,Month-to-month,No,18.85,Offer a term contract; Move to automatic payment
2798-NYLMZ,23,Low,0.2307,71,Two year,Fiber optic,108.55,Relationship check-in
9929-PLVPA,23,Low,0.2307,4,Month-to-month,No,20.4,Offer a term contract
7777-UNYHB,23,Low,0.2306,12,Month-to-month,No,20.1,Offer a term contract
3205-MXZRA,23,Low,0.2305,26,One year,DSL,59.45,Add Online Security (incentive)
3181-VTHOE,23,Low,0.2304,70,One year,DSL,51.05,Add Online Security (incentive)
7677-SJJJK,23,Low,0.2303,8,One year,No,19.9,Relationship check-in
2890-WFBHU,23,Low,0.2303,59,One year,DSL,79.85,Relationship check-in
4657-FWVFY,23,Low,0.2302,40,Month-to-month,Fiber optic,96.35,Offer a term contract; Add Online Security (incentive)
2546-KZAAT,23,Low,0.2302,52,One year,DSL,75.4,Add Tech Support; Move to automatic payment
1099-GODLO,23,Low,0.2301,1,Two year,No,20.35,Move to automatic payment
5872-OEQNH,23,Low,0.23,60,One year,DSL,44.45,Add Tech Support; Move to automatic payment
4049-ZPALD,23,Low,0.2299,64,Two year,Fiber optic,99.0,Add Tech Support
8404-VLQFB,23,Low,0.2296,15,Month-to-month,No,25.25,Offer a term contract; Move to automatic payment
6933-FHBZC,23,Low,0.2296,26,One year,DSL,56.05,Add Online Security (incentive); Add Tech Support
1395-OFUWC,23,Low,0.2295,43,Month-to-month,DSL,29.3,Offer a term contract; Add Online Security (incentive)
8220-OCUFY,23,Low,0.2293,21,One year,DSL,60.25,Move to automatic payment
6621-YOBKI,23,Low,0.2292,5,Month-to-month,No,20.35,Offer a term contract; Move to automatic payment
6440-DKQGE,23,Low,0.2291,30,One year,DSL,64.5,Add Online Security (incentive); Add Tech Support
6869-FGJJC,23,Low,0.229,68,One year,Fiber optic,79.6,Add Online Security (incentive); Add Tech Support
4759-PXTAN,23,Low,0.2289,59,One year,DSL,80.1,Add Online Security (incentive); Move to automatic payment
5229-DTFYB,23,Low,0.2286,41,Two year,Fiber optic,98.8,Add Online Security (incentive)
3724-UCSHY,23,Low,0.2286,6,Month-to-month,No,19.55,Offer a term contract; Move to automatic payment
2242-MFOTG,23,Low,0.2286,33,One year,Fiber optic,80.1,Add Tech Support
8016-ZMGMO,23,Low,0.2285,66,One year,DSL,70.85,Add Online Security (incentive); Add Tech Support
8409-WQJUX,23,Low,0.2284,25,One year,DSL,54.2,Add Online Security (incentive); Move to automatic payment
4682-BLBUC,23,Low,0.2283,44,One year,DSL,70.95,Add Online Security (incentive); Move to automatic payment
1371-DWPAZ,23,Low,0.2283,0,Two year,DSL,56.05,Relationship check-in
4730-AWNAU,23,Low,0.2282,36,One year,DSL,60.7,Relationship check-in
3370-GQEAL,23,Low,0.2281,30,Month-to-month,Fiber optic,85.45,Offer a term contract; Add Online Security (incentive)
8788-DOXSU,23,Low,0.2281,59,One year,DSL,61.35,Add Online Security (incentive); Add Tech Support
3039-MJSLN,23,Low,0.2281,3,Month-to-month,No,20.2,Offer a term contract
7134-HBPBS,23,Low,0.2279,72,Two year,Fiber optic,108.1,Add Online Security (incentive)
5278-PNYOX,23,Low,0.2274,49,Two year,Fiber optic,100.65,Add Online Security (incentive)
1925-GMVBW,23,Low,0.2272,5,Month-to-month,No,20.55,Offer a term contract
9364-YKUVW,23,Low,0.2272,15,Month-to-month,No,19.8,Offer a term contract; Move to automatic payment
0701-RFGFI,23,Low,0.2271,49,Month-to-month,Fiber optic,95.4,Offer a term contract; Add Online Security (incentive)
6278-FEPBZ,23,Low,0.2271,9,Month-to-month,No,20.25,Offer a term contract; Move to automatic payment
1545-JFUML,23,Low,0.2271,71,Two year,Fiber optic,99.0,Add Tech Support; Move to automatic payment
2717-HVIZY,23,Low,0.2269,8,Month-to-month,No,20.05,Offer a term contract; Move to automatic payment
2925-MXLSX,23,Low,0.2266,30,One year,DSL,68.95,Add Online Security (incentive); Add Tech Support
8189-DUKMV,23,Low,0.2264,4,One year,No,20.5,Relationship check-in
9570-KYEUA,23,Low,0.2261,64,Two year,Fiber optic,99.25,Relationship check-in
5846-QFDFI,23,Low,0.2261,33,Month-to-month,Fiber optic,88.6,Offer a term contract; Add Online Security (incentive)
6211-WWLTF,23,Low,0.226,63,Two year,Fiber optic,99.7,Add Tech Support
9351-HXDMR,23,Low,0.226,72,Two year,Fiber optic,110.9,Relationship check-in
4801-KFYKL,23,Low,0.2255,8,Month-to-month,No,19.45,Offer a term contract
5671-RQRLP,23,Low,0.2255,70,Two year,Fiber optic,75.65,Add Online Security (incentive); Add Tech Support
0134-XWXCE,23,Low,0.2255,44,One year,DSL,74.85,Add Online Security (incentive)
4879-GZLFH,23,Low,0.2254,42,Month-to-month,Fiber optic,92.15,Offer a term contract; Add Online Security (incentive)
8201-AAXCB,23,Low,0.2251,25,Month-to-month,DSL,60.35,Offer a term contract; Add Online Security (incentive)
9730-DRTMJ,23,Low,0.2251,32,One year,DSL,72.8,Relationship check-in
0392-BZIUW,22,Low,0.2248,72,Two year,Fiber optic,105.0,Add Tech Support
7426-WEIJX,22,Low,0.2248,60,Month-to-month,Fiber optic,80.95,Offer a term contract; Add Tech Support
3154-CFSZG,22,Low,0.2248,47,Month-to-month,Fiber optic,90.05,Offer a term contract; Add Tech Support
2931-SVLTV,22,Low,0.2247,40,Month-to-month,Fiber optic,110.1,Offer a term contract
9589-ABEPT,22,Low,0.2246,69,Two year,Fiber optic,92.45,Add Online Security (incentive); Move to automatic payment
3156-QLHBO,22,Low,0.2245,2,Month-to-month,No,19.25,Offer a term contract; Move to automatic payment
3407-QGWLG,22,Low,0.2245,3,Month-to-month,No,20.05,Offer a term contract; Move to automatic payment
0946-FKYTX,22,Low,0.2242,52,One year,DSL,30.1,Add Online Security (incentive); Add Tech Support
8348-JLBUG,22,Low,0.2238,64,One year,Fiber optic,80.3,Add Tech Support
9432-RUVSL,22,Low,0.2238,48,Two year,Fiber optic,102.5,Relationship check-in
3255-GRXMG,22,Low,0.2237,18,Month-to-month,DSL,45.65,Offer a term contract; Add Online Security (incentive)
5740-YHGTW,22,Low,0.2236,70,Month-to-month,Fiber optic,97.55,Offer a term contract; Add Tech Support
4770-QAZXN,22,Low,0.2232,13,Month-to-month,No,19.45,Offer a term contract
9861-PDSZP,22,Low,0.2232,72,Two year,Fiber optic,108.05,Add Online Security (incentive)
6648-INWPS,22,Low,0.223,16,Month-to-month,No,20.15,Offer a term contract; Move to automatic payment
8384-FZBJK,22,Low,0.223,57,Month-to-month,Fiber optic,100.6,Offer a term contract; Add Online Security (incentive)
9330-DHBFL,22,Low,0.2229,23,One year,DSL,66.25,Move to automatic payment
9592-ERDKV,22,Low,0.2228,37,One year,DSL,79.25,Add Tech Support; Move to automatic payment
6048-UWKAL,22,Low,0.2228,69,Two year,Fiber optic,105.4,Add Online Security (incentive)
9894-QMIMJ,22,Low,0.2228,23,One year,DSL,55.8,Add Online Security (incentive); Add Tech Support
4430-YHXGG,22,Low,0.2227,4,Month-to-month,No,25.45,Offer a term contract; Move to automatic payment
0254-FNMCI,22,Low,0.2223,72,Two year,Fiber optic,109.9,Move to automatic payment
3999-WRNGR,22,Low,0.2217,60,Month-to-month,DSL,49.75,Offer a term contract; Add Online Security (incentive)
6478-HRRCZ,22,Low,0.2215,32,One year,DSL,70.5,Move to automatic payment
8439-LTUGF,22,Low,0.2213,10,Month-to-month,No,20.0,Offer a term contract
3466-BYAVD,22,Low,0.2211,15,Month-to-month,DSL,69.5,Offer a term contract; Add Online Security (incentive)
7785-RDVIG,22,Low,0.2206,3,Month-to-month,No,19.3,Offer a term contract; Move to automatic payment
4495-LHSSK,22,Low,0.2205,18,Month-to-month,DSL,57.65,Offer a term contract; Add Tech Support
3192-LNKRK,22,Low,0.2204,34,Month-to-month,Fiber optic,84.05,Offer a term contract; Add Online Security (incentive)
3572-UOLYZ,22,Low,0.2203,46,Month-to-month,Fiber optic,84.8,Offer a term contract; Add Online Security (incentive)
8224-UAXBZ,22,Low,0.2198,58,One year,DSL,45.35,Add Tech Support; Move to automatic payment
2522-WLNSF,22,Low,0.2198,34,One year,DSL,64.2,Add Online Security (incentive)
1784-BXEFA,22,Low,0.2194,10,Month-to-month,No,20.55,Offer a term contract; Move to automatic payment
9127-QRZMH,22,Low,0.2191,44,One year,DSL,59.85,Relationship check-in
6164-HXUGH,22,Low,0.2187,6,Month-to-month,No,19.85,Offer a term contract; Move to automatic payment
1385-TQOZW,22,Low,0.2185,9,Month-to-month,No,20.45,Offer a term contract
6838-HVLXG,22,Low,0.2185,12,Month-to-month,No,20.3,Offer a term contract; Move to automatic payment
1179-INLAT,22,Low,0.2183,3,One year,No,19.45,Move to automatic payment
1136-XGEQU,22,Low,0.218,50,One year,DSL,84.15,Add Online Security (incentive)
1257-SXUXQ,22,Low,0.218,5,Month-to-month,No,19.45,Offer a term contract; Move to automatic payment
1291-CUOCY,22,Low,0.2179,72,Two year,Fiber optic,110.6,Add Online Security (incentive)
7925-PNRGI,22,Low,0.2177,45,Month-to-month,DSL,81.3,Offer a term contract; Move to automatic payment
7140-ADSMJ,22,Low,0.2176,8,Month-to-month,No,20.45,Offer a term contract
2239-CFOUJ,22,Low,0.2176,1,One year,No,20.4,Move to automatic payment
6131-JLWZM,22,Low,0.2176,13,Month-to-month,No,20.3,Offer a term contract; Move to automatic payment
0564-MUUQK,22,Low,0.2175,20,Month-to-month,Fiber optic,95.5,Offer a term contract; Add Online Security (incentive)
5989-OMNJE,22,Low,0.2175,24,One year,DSL,57.6,Add Tech Support; Move to automatic payment
9700-ISPUP,22,Low,0.2174,10,Month-to-month,DSL,65.5,Offer a term contract; Add Online Security (incentive)
9691-HKOVS,22,Low,0.2173,55,One year,DSL,90.15,Move to automatic payment
6258-NGCNG,22,Low,0.2173,7,Month-to-month,No,23.5,Offer a term contract; Move to automatic payment
8932-CZHRQ,22,Low,0.2168,68,One year,DSL,76.75,Add Tech Support
0820-FNRNX,22,Low,0.2165,17,Month-to-month,DSL,66.7,Offer a term contract; Add Online Security (incentive)
1338-CECEE,22,Low,0.2162,41,One year,DSL,68.5,Add Online Security (incentive); Add Tech Support
1061-PNTHC,22,Low,0.2162,56,Month-to-month,Fiber optic,109.6,Offer a term contract; Move to automatic payment
3229-USWAR,22,Low,0.2161,34,One year,DSL,79.95,Relationship check-in
7764-BDPEE,22,Low,0.216,3,Month-to-month,No,20.85,Offer a term contract; Move to automatic payment
4854-SSLTN,22,Low,0.2158,2,Two year,DSL,59.5,Move to automatic payment
5339-TJFEK,22,Low,0.2157,62,Month-to-month,Fiber optic,105.5,Offer a term contract; Add Tech Support
6352-GIGGQ,22,Low,0.2156,67,One year,DSL,88.8,Relationship check-in
8226-BXGES,22,Low,0.2153,64,One year,Fiber optic,89.45,Add Tech Support
8727-XDPUD,22,Low,0.2153,37,Two year,DSL,35.8,Add Online Security (incentive); Add Tech Support
5274-XHAKY,22,Low,0.2152,41,Month-to-month,Fiber optic,94.3,Offer a term contract; Add Tech Support
1397-XKKWR,22,Low,0.2152,7,One year,DSL,35.3,Add Tech Support; Move to automatic payment
0458-HEUZG,22,Low,0.2152,13,Two year,DSL,35.4,Add Online Security (incentive); Move to automatic payment
5756-OZRIO,22,Low,0.2152,61,One year,DSL,64.05,Add Online Security (incentive); Add Tech Support
5915-DGNVC,22,Low,0.2151,49,One year,DSL,71.8,Add Tech Support; Move to automatic payment
0975-UYDTX,22,Low,0.2151,26,One year,DSL,90.1,Relationship check-in
8680-CGLTP,22,Low,0.2151,29,One year,DSL,58.75,Move to automatic payment
3442-ZHHCC,21,Low,0.2148,68,One year,DSL,76.9,Add Tech Support
4098-NAUKP,21,Low,0.2147,68,Month-to-month,Fiber optic,84.65,Offer a term contract; Add Online Security (incentive)
6036-TTFYU,21,Low,0.2147,16,Month-to-month,No,19.6,Offer a term contract; Move to automatic payment
3161-GETRM,21,Low,0.2145,34,Month-to-month,Fiber optic,90.05,Offer a term contract; Add Online Security (incentive)
5012-YSPJJ,21,Low,0.2145,31,Month-to-month,DSL,54.35,Offer a term contract; Add Online Security (incentive)
4310-KEDTB,21,Low,0.2144,26,Month-to-month,DSL,29.8,Offer a term contract; Add Online Security (incentive)
8668-KNZTI,21,Low,0.2142,52,One year,DSL,53.75,Add Tech Support; Move to automatic payment
9512-PHSMG,21,Low,0.2139,10,Month-to-month,No,20.55,Offer a term contract; Move to automatic payment
9330-VOFSZ,21,Low,0.2137,60,Two year,Fiber optic,110.8,Add Online Security (incentive)
2483-XSSMZ,21,Low,0.2136,39,One year,DSL,47.85,Add Tech Support; Move to automatic payment
2434-EEVDB,21,Low,0.2135,64,Two year,Fiber optic,94.6,Add Tech Support
1222-LRYKO,21,Low,0.2134,6,Month-to-month,No,26.35,Offer a term contract; Move to automatic payment
8033-ATFAS,21,Low,0.2133,39,Month-to-month,DSL,59.85,Offer a term contract; Add Online Security (incentive)
4472-VESGY,21,Low,0.213,52,Month-to-month,Fiber optic,98.15,Offer a term contract; Add Tech Support
6040-CGACY,21,Low,0.213,15,Month-to-month,No,19.6,Offer a term contract; Move to automatic payment
1576-PFZIW,21,Low,0.2129,70,Two year,Fiber optic,105.35,Add Tech Support
8311-UEUAB,21,Low,0.2129,67,Two year,DSL,75.5,Add Tech Support; Move to automatic payment
3780-DDGSE,21,Low,0.2126,35,Month-to-month,DSL,76.05,Offer a term contract; Add Online Security (incentive)
6543-JXSOO,21,Low,0.2125,23,One year,DSL,57.75,Move to automatic payment
4654-GGUII,21,Low,0.2125,18,One year,DSL,40.2,Move to automatic payment
4328-VUFWD,21,Low,0.2125,39,One year,DSL,59.3,Add Online Security (incentive); Move to automatic payment
5499-ECUTN,21,Low,0.2123,47,One year,DSL,66.05,Add Tech Support
2144-ESWKO,21,Low,0.2122,43,One year,DSL,35.2,Add Tech Support
2361-UPSND,21,Low,0.2122,46,One year,DSL,70.6,Move to automatic payment
6726-NNFWD,21,Low,0.2122,71,Two year,Fiber optic,89.45,Add Online Security (incentive); Add Tech Support
4903-CNOZC,21,Low,0.2121,29,One year,DSL,70.9,Add Online Security (incentive); Add Tech Support
8942-DBMHZ,21,Low,0.212,12,Month-to-month,No,20.45,Offer a term contract; Move to automatic payment
0380-ZCSBI,21,Low,0.212,10,Month-to-month,No,20.0,Offer a term contract
1956-YIFGE,21,Low,0.212,22,One year,Fiber optic,100.05,Add Online Security (incentive); Add Tech Support
4947-DSMXK,21,Low,0.211,34,Month-to-month,Fiber optic,97.7,Offer a term contract; Add Online Security (incentive)
2520-SGTTA,21,Low,0.211,0,Two year,No,20.0,Move to automatic payment
2023-VQFDL,21,Low,0.211,18,Month-to-month,No,19.0,Offer a term contract; Move to automatic payment
0635-WKOLD,21,Low,0.2108,40,One year,DSL,70.75,Add Online Security (incentive)
9070-BCKQP,21,Low,0.2104,72,Two year,Fiber optic,110.15,Relationship check-in
0377-JBKKT,21,Low,0.2102,22,Month-to-month,DSL,57.95,Offer a term contract; Move to automatic payment
0187-WZNAB,21,Low,0.2101,27,Month-to-month,Fiber optic,74.4,Offer a term contract; Add Tech Support
8221-EQDGL,21,Low,0.21,35,Month-to-month,DSL,61.0,Offer a term contract; Add Tech Support
8853-TZDGH,21,Low,0.2098,72,Two year,Fiber optic,111.6,Add Online Security (incentive)
6260-XLACS,21,Low,0.2096,4,One year,No,19.7,Move to automatic payment
2192-CKRLV,21,Low,0.2092,72,Two year,DSL,49.2,Add Tech Support; Move to automatic payment
1088-CNNKB,21,Low,0.2088,63,One year,DSL,80.0,Relationship check-in
3099-OONVS,21,Low,0.2081,25,Month-to-month,DSL,54.3,Offer a term contract; Move to automatic payment
3077-RSNTJ,21,Low,0.2079,6,Month-to-month,No,19.7,Offer a term contract; Move to automatic payment
7445-WMRBW,21,Low,0.2078,48,One year,DSL,73.85,Add Online Security (incentive)
1226-JZNKR,21,Low,0.2077,8,One year,No,19.8,Move to automatic payment
4598-ZADCK,21,Low,0.2075,53,One year,DSL,53.6,Move to automatic payment
1345-GKDZZ,21,Low,0.2074,6,Month-to-month,No,19.55,Offer a term contract; Move to automatic payment
6461-PPAXN,21,Low,0.2074,35,One year,DSL,54.95,Relationship check-in
3340-QBBFM,21,Low,0.2072,36,One year,DSL,54.1,Add Online Security (incentive)
2985-JUUBZ,21,Low,0.2072,40,Month-to-month,DSL,74.55,Offer a term contract; Add Online Security (incentive)
0285-INHLN,21,Low,0.2072,27,Month-to-month,DSL,54.75,Offer a term contract; Add Tech Support
8659-HDIYE,21,Low,0.2072,64,Month-to-month,DSL,74.65,Offer a term contract; Add Online Security (incentive)
2272-WUSPA,21,Low,0.2072,72,Two year,Fiber optic,110.75,Add Tech Support; Move to automatic payment
7833-PKIHD,21,Low,0.2071,51,One year,DSL,76.4,Relationship check-in
5386-THSLQ,21,Low,0.2071,66,One year,DSL,45.55,Add Online Security (incentive); Add Tech Support
7644-OMVMY,21,Low,0.2069,0,Two year,No,19.85,Move to automatic payment
7449-HVPIV,21,Low,0.2065,55,Month-to-month,Fiber optic,90.4,Offer a term contract; Add Online Security (incentive)
1090-ESELR,21,Low,0.2064,72,Two year,Fiber optic,105.5,Relationship check-in
4957-TIALW,21,Low,0.2059,15,One year,DSL,65.6,Relationship check-in
8003-EWNDZ,21,Low,0.2059,10,Month-to-month,No,21.2,Offer a term contract; Move to automatic payment
9845-PEEKO,21,Low,0.2053,59,Two year,Fiber optic,79.2,Add Online Security (incentive); Add Tech Support
9251-WNSOD,21,Low,0.2053,67,One year,DSL,75.1,Add Tech Support; Move to automatic payment
9544-PYPSJ,21,Low,0.2051,62,Month-to-month,Fiber optic,96.1,Offer a term contract; Add Online Security (incentive)
9995-HOTOH,21,Low,0.2051,63,Two year,DSL,59.0,Add Tech Support; Move to automatic payment
9924-JPRMC,21,Low,0.2051,72,Two year,Fiber optic,118.2,Move to automatic payment
8313-AFGBW,20,Low,0.2049,47,Two year,DSL,73.6,Add Online Security (incentive); Add Tech Support
3209-ZPKFI,20,Low,0.2048,47,Month-to-month,DSL,54.25,Offer a term contract; Add Online Security (incentive)
3115-JPJDD,20,Low,0.2046,59,One year,Fiber optic,81.25,Add Tech Support
2200-DSAAL,20,Low,0.2045,68,Two year,DSL,80.65,Add Online Security (incentive); Add Tech Support
6341-JVQGF,20,Low,0.2042,31,One year,DSL,81.15,Move to automatic payment
4544-RXFMG,20,Low,0.204,8,One year,DSL,43.45,Add Online Security (incentive); Add Tech Support
4884-TVUQF,20,Low,0.2037,57,Two year,Fiber optic,101.3,Relationship check-in
7929-SKFGK,20,Low,0.2032,70,Two year,Fiber optic,114.3,Relationship check-in
1735-XMJVH,20,Low,0.2031,8,Month-to-month,No,19.35,Offer a term contract; Move to automatic payment
3640-JQGJG,20,Low,0.2029,13,Month-to-month,DSL,44.8,Offer a term contract; Add Online Security (incentive)
5256-SKJGO,20,Low,0.2028,64,Two year,DSL,54.6,Add Online Security (incentive); Move to automatic payment
5294-DMSFH,20,Low,0.2027,29,Month-to-month,Fiber optic,87.8,Offer a term contract; Add Online Security (incentive)
4808-YNLEU,20,Low,0.2023,35,One year,DSL,62.15,Add Tech Support
5944-UGLLK,20,Low,0.2021,53,One year,DSL,54.9,Add Online Security (incentive)
1641-BYBTK,20,Low,0.2021,6,Month-to-month,No,20.2,Offer a term contract; Move to automatic payment
1045-LTCYT,20,Low,0.202,8,Month-to-month,No,21.05,Offer a term contract
1661-CZBAU,20,Low,0.2018,48,One year,DSL,70.95,Relationship check-in
5090-EMGTC,20,Low,0.2017,59,Two year,Fiber optic,100.05,Add Online Security (incentive); Move to automatic payment
4418-LZMSV,20,Low,0.2015,13,Month-to-month,DSL,61.8,Offer a term contract; Add Online Security (incentive)
3948-FVVRP,20,Low,0.2015,9,Month-to-month,DSL,54.8,Offer a term contract; Add Online Security (incentive)
9555-SAHUZ,20,Low,0.2009,38,Month-to-month,DSL,54.5,Offer a term contract; Add Tech Support
3658-QQJYD,20,Low,0.2009,62,One year,DSL,74.3,Add Tech Support
4797-MIWUM,20,Low,0.2008,7,Month-to-month,No,20.25,Offer a term contract
3982-DQLUS,20,Low,0.2007,65,Month-to-month,Fiber optic,85.75,Offer a term contract; Add Tech Support
5857-XRECV,20,Low,0.2007,2,One year,No,20.5,Relationship check-in
0536-ACXIP,20,Low,0.2006,72,Two year,Fiber optic,109.55,Add Tech Support; Move to automatic payment
4001-TSBTV,20,Low,0.2005,58,Month-to-month,Fiber optic,91.55,Offer a term contract; Add Online Security (incentive)
7619-PLRLP,20,Low,0.2005,53,One year,DSL,74.1,Add Tech Support
5716-EZXZN,20,Low,0.2003,65,Two year,Fiber optic,99.05,Relationship check-in
0106-UGRDO,20,Low,0.1999,69,Two year,Fiber optic,116.0,Move to automatic payment
9750-BOOHV,20,Low,0.1998,32,One year,DSL,30.15,Add Tech Support; Move to automatic payment
0083-PIVIK,20,Low,0.1998,64,One year,DSL,81.25,Move to automatic payment
4973-RLZVI,20,Low,0.1996,30,One year,DSL,74.65,Relationship check-in
9052-DHNKM,20,Low,0.1994,26,One year,DSL,61.55,Add Tech Support; Move to automatic payment
0074-HDKDG,20,Low,0.1993,25,One year,DSL,61.6,Add Tech Support
9619-GSATL,20,Low,0.1992,43,One year,DSL,55.45,Add Online Security (incentive); Move to automatic payment
7706-DZNKK,20,Low,0.1989,11,Month-to-month,No,20.45,Offer a term contract
5844-QVTAT,20,Low,0.1986,33,One year,DSL,58.45,Add Tech Support; Move to automatic payment
3258-SYSWS,20,Low,0.1986,72,Two year,Fiber optic,113.8,Relationship check-in
0396-UKGAI,20,Low,0.1986,23,Month-to-month,DSL,55.3,Offer a term contract; Add Online Security (incentive)
6112-KTHFQ,20,Low,0.198,13,Month-to-month,No,19.3,Offer a term contract; Move to automatic payment
9720-JJJOR,20,Low,0.198,41,One year,DSL,60.3,Add Tech Support
6194-HBGQN,20,Low,0.198,51,One year,DSL,81.15,Relationship check-in
6893-ODYYE,20,Low,0.1979,50,One year,Fiber optic,90.1,Relationship check-in
1937-OTUKY,20,Low,0.1979,72,Two year,Fiber optic,98.2,Relationship check-in
2469-DTSGX,20,Low,0.1979,72,Two year,Fiber optic,111.65,Add Online Security (incentive); Move to automatic payment
7989-VCQOH,20,Low,0.1978,18,Month-to-month,DSL,83.25,Offer a term contract; Move to automatic payment
9139-TWBAS,20,Low,0.1973,26,One year,DSL,47.85,Add Tech Support
4115-UMJFQ,20,Low,0.197,69,One year,DSL,35.75,Add Online Security (incentive); Add Tech Support
7299-GNVPL,20,Low,0.197,23,Month-to-month,Fiber optic,84.4,Offer a term contract; Move to automatic payment
1498-DQNRX,20,Low,0.1967,29,Month-to-month,No,19.85,Offer a term contract; Move to automatic payment
6253-WRFHY,20,Low,0.1966,13,One year,DSL,64.75,Add Online Security (incentive); Add Tech Support
9495-SKLKD,20,Low,0.1966,45,Month-to-month,Fiber optic,95.95,Offer a term contract; Add Online Security (incentive)
0743-HNPFG,20,Low,0.1964,51,One year,DSL,69.75,Relationship check-in
4137-JOPHL,20,Low,0.1963,50,Two year,Fiber optic,89.7,Add Online Security (incentive)
8559-WNQZS,20,Low,0.1962,1,Two year,No,20.45,Move to automatic payment
3551-GAEGL,20,Low,0.196,34,One year,DSL,30.4,Add Tech Support
6252-DFGTK,20,Low,0.1956,37,One year,DSL,68.1,Relationship check-in
7989-AWGEH,20,Low,0.1951,49,Month-to-month,DSL,39.2,Offer a term contract; Add Tech Support
4134-BSXLX,20,Low,0.1951,28,Month-to-month,DSL,60.9,Offer a term contract; Move to automatic payment
7998-ZLXWN,19,Low,0.195,15,Month-to-month,No,20.45,Offer a term contract
1154-HYWWO,19,Low,0.1948,38,One year,DSL,70.6,Move to automatic payment
8097-VBQTZ,19,Low,0.1946,54,Month-to-month,DSL,69.9,Offer a term contract; Move to automatic payment
5504-WSIUR,19,Low,0.1946,70,One year,Fiber optic,90.25,Add Online Security (incentive)
5203-XEHAX,19,Low,0.1945,34,One year,DSL,64.35,Add Tech Support; Move to automatic payment
3739-YBWAB,19,Low,0.1945,36,One year,DSL,35.35,Add Tech Support; Move to automatic payment
0594-UFTUL,19,Low,0.1944,13,Month-to-month,No,19.85,Offer a term contract; Move to automatic payment
8647-SDTWQ,19,Low,0.1941,57,Month-to-month,Fiber optic,74.3,Offer a term contract; Add Online Security (incentive)
5832-EXGTT,19,Low,0.1941,29,Month-to-month,DSL,60.2,Offer a term contract; Add Tech Support
3404-JNXAX,19,Low,0.1939,51,Month-to-month,Fiber optic,80.75,Offer a term contract; Add Online Security (incentive)
9917-KWRBE,19,Low,0.1938,41,One year,DSL,78.35,Add Tech Support
0254-KCJGT,19,Low,0.1936,52,One year,DSL,81.4,Relationship check-in
3541-ZNUHK,19,Low,0.1936,55,Month-to-month,Fiber optic,85.1,Offer a term contract; Add Tech Support
3518-FSTWG,19,Low,0.1935,72,Two year,Fiber optic,109.55,Add Tech Support
1544-JJMYL,19,Low,0.1933,27,One year,DSL,69.35,Relationship check-in
9146-JRIOX,19,Low,0.1932,14,Month-to-month,No,25.55,Offer a term contract; Move to automatic payment
0657-DOGUM,19,Low,0.1931,48,One year,DSL,60.6,Relationship check-in
2428-ZMCTB,19,Low,0.1929,10,Month-to-month,No,19.75,Offer a term contract
4806-DXQCE,19,Low,0.1927,70,Two year,Fiber optic,113.65,Move to automatic payment
2348-KCJLT,19,Low,0.1926,44,One year,DSL,61.5,Add Tech Support; Move to automatic payment
1930-WNXSB,19,Low,0.1926,58,Month-to-month,Fiber optic,92.85,Offer a term contract; Add Online Security (incentive)
4922-CVPDX,19,Low,0.1925,26,Two year,DSL,73.5,Add Online Security (incentive); Add Tech Support
4547-FZJWE,19,Low,0.1925,55,One year,DSL,59.45,Add Tech Support
5056-FIMPT,19,Low,0.1924,43,One year,Fiber optic,106.0,Relationship check-in
0930-EHUZA,19,Low,0.1921,36,One year,DSL,76.35,Move to automatic payment
5025-GOOKI,19,Low,0.1921,20,Month-to-month,No,18.9,Offer a term contract
9470-XCCEM,19,Low,0.192,35,Month-to-month,Fiber optic,89.65,Offer a term contract; Add Online Security (incentive)
0310-SUCIN,19,Low,0.1916,71,One year,DSL,84.8,Relationship check-in
1163-ONYEY,19,Low,0.1913,41,Month-to-month,DSL,74.55,Offer a term contract; Add Tech Support
4456-RHSNB,19,Low,0.1911,19,Month-to-month,DSL,49.6,Offer a term contract; Add Online Security (incentive)
2364-UFROM,19,Low,0.1908,30,One year,DSL,70.4,Move to automatic payment
3605-JISKB,19,Low,0.1907,55,One year,DSL,60.0,Add Tech Support
0320-DWVTU,19,Low,0.1906,53,Two year,Fiber optic,99.5,Move to automatic payment
2282-YGNOR,19,Low,0.1905,29,One year,DSL,58.0,Relationship check-in
1104-FEJAM,19,Low,0.1904,28,Month-to-month,DSL,64.4,Offer a term contract; Add Online Security (incentive)
3097-IDVPU,19,Low,0.1904,19,Month-to-month,DSL,50.1,Offer a term contract; Add Online Security (incentive)
2368-GAKKQ,19,Low,0.1903,70,Two year,Fiber optic,113.65,Relationship check-in
3926-YZVVX,19,Low,0.1902,41,One year,DSL,50.05,Add Online Security (incentive)
7876-AEHIG,19,Low,0.1899,51,One year,DSL,60.15,Relationship check-in
9558-IHEZX,19,Low,0.1898,71,Two year,Fiber optic,106.75,Add Tech Support
6242-FEGFD,19,Low,0.1896,66,Two year,Fiber optic,96.6,Move to automatic payment
3506-OVLKD,19,Low,0.1894,35,One year,No,26.2,Relationship check-in
4909-JOUPP,19,Low,0.1888,72,Two year,Fiber optic,109.7,Add Online Security (incentive)
4504-YOULA,19,Low,0.1887,35,Month-to-month,DSL,59.45,Offer a term contract; Add Tech Support
1474-JUWSM,19,Low,0.1884,58,One year,DSL,68.4,Move to automatic payment
4072-IPYLT,19,Low,0.1884,36,Month-to-month,DSL,51.05,Offer a term contract; Add Tech Support
3055-VTCGS,19,Low,0.1884,63,One year,DSL,58.55,Add Online Security (incentive); Add Tech Support
6752-APNJL,19,Low,0.1883,42,Month-to-month,DSL,54.5,Offer a term contract; Add Tech Support
9754-CLVZW,19,Low,0.1883,26,Month-to-month,DSL,38.85,Offer a term contract
3280-MRDOF,19,Low,0.1882,30,Two year,DSL,69.1,Add Online Security (incentive)
3468-DRVQJ,19,Low,0.1881,10,One year,DSL,70.3,Add Tech Support; Move to automatic payment
3908-MKIMJ,19,Low,0.188,68,Two year,DSL,41.95,Add Tech Support; Move to automatic payment
2250-IVBWA,19,Low,0.1879,64,Month-to-month,Fiber optic,81.05,Offer a term contract; Add Tech Support
9610-WCESF,19,Low,0.1878,67,Two year,DSL,43.9,Move to automatic payment
0895-UADGO,19,Low,0.1877,8,Two year,DSL,44.55,Move to automatic payment
2054-PJOCK,19,Low,0.1876,60,One year,DSL,80.55,Add Online Security (incentive)
0853-TWRVK,19,Low,0.1875,72,Two year,Fiber optic,105.6,Relationship check-in
9553-DLCLU,19,Low,0.1874,13,Two year,DSL,88.95,Relationship check-in
3354-OADJP,19,Low,0.1873,8,One year,DSL,54.25,Relationship check-in
9309-BZGNT,19,Low,0.1873,69,One year,DSL,29.8,Add Online Security (incentive); Add Tech Support
0104-PPXDV,19,Low,0.1872,58,One year,DSL,50.3,Add Online Security (incentive); Add Tech Support
8780-RSYYU,19,Low,0.187,25,Month-to-month,No,19.2,Offer a term contract
4767-HZZHQ,19,Low,0.187,30,Month-to-month,Fiber optic,82.05,Offer a term contract; Add Online Security (incentive)
5414-OFQCB,19,Low,0.1865,57,Two year,Fiber optic,90.45,Add Online Security (incentive)
8984-HPEMB,19,Low,0.1864,71,Two year,Fiber optic,118.65,Move to automatic payment
8898-KASCD,19,Low,0.1863,39,One year,DSL,35.55,Add Online Security (incentive); Move to automatic payment
9955-QOPOY,19,Low,0.1862,69,One year,DSL,60.8,Add Online Security (incentive)
9027-TMATR,19,Low,0.1857,43,Two year,DSL,78.8,Move to automatic payment
3259-QMXUN,19,Low,0.1856,58,Two year,DSL,86.1,Add Tech Support; Move to automatic payment
7997-EASSD,19,Low,0.1854,63,One year,Fiber optic,81.2,Add Online Security (incentive)
9880-TDQAC,19,Low,0.1854,72,Two year,DSL,60.0,Add Online Security (incentive); Move to automatic payment
4277-UDIEF,19,Low,0.1851,24,Month-to-month,DSL,81.0,Offer a term contract
2499-AJYUA,18,Low,0.1846,72,Two year,Fiber optic,110.8,Add Online Security (incentive)
6435-VWCCY,18,Low,0.1844,65,Two year,Fiber optic,92.7,Add Tech Support
4829-ZLJTK,18,Low,0.1844,72,Two year,Fiber optic,112.4,Add Tech Support; Move to automatic payment
0756-MPZRL,18,Low,0.1843,46,One year,DSL,33.7,Add Online Security (incentive)
2862-JVEOY,18,Low,0.1843,6,One year,No,19.15,Move to automatic payment
0913-XWSCN,18,Low,0.1842,55,Month-to-month,Fiber optic,85.5,Offer a term contract; Add Online Security (incentive)
9092-GDZKO,18,Low,0.1841,22,Month-to-month,No,24.85,Offer a term contract
4835-YSJMR,18,Low,0.1841,39,Two year,DSL,49.8,Add Online Security (incentive)
8109-YUOHE,18,Low,0.1836,17,One year,DSL,56.1,Add Tech Support; Move to automatic payment
3413-DHLPB,18,Low,0.1836,60,Month-to-month,Fiber optic,103.75,Offer a term contract; Add Online Security (incentive)
9554-DFKIC,18,Low,0.1834,30,Month-to-month,DSL,54.45,Offer a term contract; Add Tech Support
5791-KAJFD,18,Low,0.183,56,One year,DSL,68.75,Add Tech Support
5808-TOTXO,18,Low,0.183,3,One year,No,20.55,Relationship check-in
9294-TDIPC,18,Low,0.1827,5,Month-to-month,No,20.2,Offer a term contract; Move to automatic payment
6502-KUGLL,18,Low,0.1822,14,Month-to-month,DSL,59.45,Offer a term contract
1247-QBVSH,18,Low,0.1819,43,Month-to-month,DSL,50.2,Offer a term contract; Add Online Security (incentive)
9473-CBZOP,18,Low,0.1819,28,One year,DSL,59.0,Add Tech Support; Move to automatic payment
9411-TPQQV,18,Low,0.1818,40,One year,DSL,54.55,Relationship check-in
6174-NRBTZ,18,Low,0.1817,46,One year,DSL,30.75,Add Tech Support
0164-APGRB,18,Low,0.1815,72,Two year,Fiber optic,114.9,Move to automatic payment
0595-ITUDF,18,Low,0.1814,64,Month-to-month,Fiber optic,91.8,Offer a term contract; Add Tech Support
5307-UVGNB,18,Low,0.1813,53,Month-to-month,DSL,48.7,Offer a term contract; Add Tech Support
2740-JFBOK,18,Low,0.1809,10,Month-to-month,No,24.0,Offer a term contract; Move to automatic payment
8085-MSNLK,18,Low,0.1808,62,Two year,Fiber optic,113.95,Move to automatic payment
8883-GRDWQ,18,Low,0.1806,20,One year,DSL,54.0,Move to automatic payment
9546-KDTRB,18,Low,0.1802,19,Month-to-month,No,24.7,Offer a term contract
8309-PPCED,18,Low,0.1799,72,Two year,Fiber optic,110.45,Add Online Security (incentive)
1159-WFSGR,18,Low,0.1798,16,Month-to-month,No,20.4,Offer a term contract; Move to automatic payment
6682-VCIXC,18,Low,0.1797,43,One year,DSL,51.25,Relationship check-in
7435-ZNUYY,18,Low,0.1795,6,One year,No,20.6,Move to automatic payment
9987-LUTYD,18,Low,0.1794,13,One year,DSL,55.15,Move to automatic payment
8044-BGWPI,18,Low,0.1794,12,Month-to-month,No,21.15,Offer a term contract; Move to automatic payment
2683-JXWQQ,18,Low,0.1793,61,Month-to-month,DSL,33.6,Offer a term contract; Add Tech Support
7375-WMVMT,18,Low,0.1789,71,Two year,Fiber optic,95.5,Add Online Security (incentive)
3318-ISQFQ,18,Low,0.1789,20,Month-to-month,No,19.5,Offer a term contract
0347-UBKUZ,18,Low,0.1789,15,Month-to-month,No,19.9,Offer a term contract; Move to automatic payment
3847-BAERP,18,Low,0.1788,10,Month-to-month,No,20.9,Offer a term contract; Move to automatic payment
9758-MFWGD,18,Low,0.1787,48,One year,DSL,29.9,Add Online Security (incentive); Add Tech Support
8457-XIGKN,18,Low,0.1782,20,Month-to-month,No,19.6,Offer a term contract
5701-GUXDC,18,Low,0.1782,26,One year,DSL,35.4,Add Tech Support
8198-RKSZG,18,Low,0.1782,14,Month-to-month,DSL,80.45,Offer a term contract; Add Online Security (incentive)
4615-PIVVU,18,Low,0.1781,42,Two year,DSL,66.5,Add Online Security (incentive)
9253-VIFJQ,18,Low,0.1776,65,One year,DSL,67.05,Add Tech Support
0098-BOWSO,18,Low,0.1773,27,Month-to-month,No,19.4,Offer a term contract; Move to automatic payment
2680-XKKNJ,18,Low,0.1772,8,One year,DSL,58.2,Relationship check-in
8570-KLJYJ,18,Low,0.1771,36,One year,DSL,54.45,Add Tech Support; Move to automatic payment
6371-NZYEG,18,Low,0.177,16,Two year,DSL,64.25,Add Tech Support; Move to automatic payment
2351-RRBUE,18,Low,0.1769,7,One year,No,20.65,Move to automatic payment
2521-NPUZR,18,Low,0.1768,70,Two year,Fiber optic,101.0,Relationship check-in
4393-OBCRR,18,Low,0.1763,3,One year,No,20.25,Move to automatic payment
0076-LVEPS,18,Low,0.1762,29,Month-to-month,DSL,45.0,Offer a term contract; Move to automatic payment
1539-LNKHM,18,Low,0.176,12,Month-to-month,No,20.4,Offer a term contract; Move to automatic payment
4039-PIMHX,18,Low,0.1758,49,Two year,DSL,49.8,Add Online Security (incentive); Add Tech Support
1794-SWWKL,18,Low,0.1758,15,Month-to-month,DSL,59.65,Offer a term contract; Add Online Security (incentive)
3061-BCKYI,18,Low,0.1758,14,Month-to-month,No,19.9,Offer a term contract; Move to automatic payment
5977-CKHON,18,Low,0.1752,43,Month-to-month,Fiber optic,92.55,Offer a term contract; Add Online Security (incentive)
8263-QMNTJ,18,Low,0.1752,72,Two year,Fiber optic,115.55,Move to automatic payment
8823-RLPWL,18,Low,0.1751,72,Two year,Fiber optic,110.65,Add Tech Support
0907-HQNTS,18,Low,0.175,70,Two year,Fiber optic,113.0,Relationship check-in
2188-SXWVT,17,Low,0.175,34,One year,DSL,55.0,Add Tech Support; Move to automatic payment
2150-WLKUW,17,Low,0.1749,40,One year,DSL,63.9,Add Online Security (incentive); Add Tech Support
6202-JVYEU,17,Low,0.1749,9,One year,No,19.9,Move to automatic payment
0479-HMSWA,17,Low,0.1745,26,Two year,Fiber optic,105.45,Add Online Security (incentive); Move to automatic payment
3800-LYTRK,17,Low,0.1745,14,One year,DSL,55.7,Move to automatic payment
4291-HYEBC,17,Low,0.1742,28,One year,DSL,39.1,Add Online Security (incentive); Add Tech Support
2812-ENYMO,17,Low,0.1742,26,One year,DSL,54.55,Relationship check-in
2887-JPYLU,17,Low,0.1741,41,Month-to-month,DSL,45.2,Offer a term contract; Add Online Security (incentive)
3387-PLKUI,17,Low,0.1738,13,Month-to-month,No,18.8,Offer a term contract; Move to automatic payment
3957-HHLMR,17,Low,0.1737,70,One year,DSL,65.2,Add Tech Support
8777-PVYGU,17,Low,0.1735,52,One year,DSL,64.3,Add Tech Support; Move to automatic payment
4694-PHWFW,17,Low,0.1733,8,Month-to-month,No,19.95,Offer a term contract; Move to automatic payment
5989-AXPUC,17,Low,0.1731,68,Two year,Fiber optic,118.6,Move to automatic payment
5387-ASZNZ,17,Low,0.173,66,One year,DSL,63.85,Relationship check-in
8652-YHIYU,17,Low,0.1728,16,One year,Fiber optic,79.5,Add Online Security (incentive)
8610-ZIKJJ,17,Low,0.1728,2,One year,No,20.3,Move to automatic payment
1455-HFBXA,17,Low,0.1727,52,Two year,Fiber optic,91.6,Relationship check-in
0257-KXZGU,17,Low,0.1724,32,Month-to-month,DSL,62.45,Offer a term contract; Add Online Security (incentive)
2466-NEJOJ,17,Low,0.1723,8,Month-to-month,No,19.65,Offer a term contract
2359-KLTEK,17,Low,0.172,41,Month-to-month,Fiber optic,94.9,Offer a term contract; Add Online Security (incentive)
1752-OZXFY,17,Low,0.172,60,One year,DSL,59.8,Add Tech Support; Move to automatic payment
7325-ENZFI,17,Low,0.172,39,One year,DSL,40.3,Relationship check-in
2085-JVGAD,17,Low,0.1719,37,Month-to-month,No,20.35,Offer a term contract
7217-JYHOQ,17,Low,0.1718,24,Month-to-month,DSL,70.3,Offer a term contract
7356-IWLFW,17,Low,0.1718,46,Month-to-month,Fiber optic,80.0,Offer a term contract; Add Online Security (incentive)
8752-IMQOS,17,Low,0.1717,5,One year,No,20.1,Move to automatic payment
4353-HYOJD,17,Low,0.1716,27,Month-to-month,DSL,49.85,Offer a term contract; Add Online Security (incentive)
9926-PJHDQ,17,Low,0.1716,72,Two year,DSL,76.8,Add Online Security (incentive); Add Tech Support
7094-MSZAO,17,Low,0.1711,10,Month-to-month,No,20.05,Offer a term contract
7492-TAFJD,17,Low,0.1708,7,Two year,DSL,38.55,Add Tech Support; Move to automatic payment
5337-IIWKZ,17,Low,0.1703,34,Month-to-month,DSL,44.85,Offer a term contract; Add Online Security (incentive)
8879-XUAHX,17,Low,0.1702,71,Two year,Fiber optic,116.25,Move to automatic payment
5297-MDOIR,17,Low,0.1701,63,One year,Fiber optic,81.15,Add Tech Support
4890-VMUAV,17,Low,0.1699,63,One year,DSL,71.5,Move to automatic payment
8421-WZOOW,17,Low,0.1697,57,Month-to-month,Fiber optic,95.3,Offer a term contract; Add Online Security (incentive)
3740-RLMVT,17,Low,0.1697,67,One year,DSL,60.95,Relationship check-in
2969-WGHQO,17,Low,0.1695,7,One year,DSL,69.45,Add Tech Support; Move to automatic payment
3824-RHKVR,17,Low,0.1695,17,Month-to-month,No,19.7,Offer a term contract
8383-SGHJU,17,Low,0.1694,33,One year,DSL,59.4,Move to automatic payment
7148-XZPHA,17,Low,0.1692,55,Month-to-month,Fiber optic,79.4,Offer a term contract; Add Online Security (incentive)
7779-ORAEL,17,Low,0.1691,45,Two year,DSL,75.15,Relationship check-in
7919-ZODZZ,17,Low,0.1689,10,One year,DSL,65.9,Add Online Security (incentive); Add Tech Support
1452-XRSJV,17,Low,0.1689,39,Month-to-month,DSL,51.05,Offer a term contract; Add Tech Support
2453-SAFNS,17,Low,0.1687,54,One year,DSL,72.1,Add Online Security (incentive); Move to automatic payment
9207-ZPANB,17,Low,0.1687,37,One year,DSL,67.45,Move to automatic payment
6685-GBWJZ,17,Low,0.1685,63,One year,DSL,70.8,Relationship check-in
2197-OMWGI,17,Low,0.1685,68,Two year,DSL,53.0,Add Online Security (incentive); Add Tech Support
4450-MDZFX,17,Low,0.1682,60,Month-to-month,Fiber optic,74.35,Offer a term contract; Add Online Security (incentive)
7771-ZONAT,17,Low,0.1679,22,Two year,DSL,56.75,Add Online Security (incentive)
0813-TAXXS,17,Low,0.1677,55,Two year,DSL,77.8,Add Online Security (incentive); Add Tech Support
2057-BOYKM,17,Low,0.1674,72,Two year,Fiber optic,96.6,Relationship check-in
7005-CYUIL,17,Low,0.1674,71,Two year,Fiber optic,99.4,Move to automatic payment
5753-QQWPW,17,Low,0.1673,28,One year,DSL,59.9,Move to automatic payment
1492-QGCLU,17,Low,0.1673,53,Month-to-month,DSL,85.7,Offer a term contract; Move to automatic payment
4024-CSNBY,17,Low,0.1672,72,Two year,Fiber optic,94.25,Relationship check-in
4079-ULGFR,17,Low,0.1667,16,Month-to-month,No,20.0,Offer a term contract; Move to automatic payment
3128-YOVTD,17,Low,0.1666,51,Month-to-month,Fiber optic,79.15,Offer a term contract; Add Tech Support
3012-VFFMN,17,Low,0.1665,7,Month-to-month,No,20.65,Offer a term contract; Move to automatic payment
9200-NLNPD,17,Low,0.1664,56,One year,DSL,54.05,Add Online Security (incentive)
0788-DXBFY,17,Low,0.1664,58,One year,No,19.55,Move to automatic payment
8469-SNFFH,17,Low,0.1662,70,One year,DSL,79.4,Relationship check-in
3162-ZJZFU,17,Low,0.166,53,Month-to-month,Fiber optic,92.55,Offer a term contract; Add Online Security (incentive)
4445-KWOKW,17,Low,0.1659,42,One year,DSL,60.15,Add Tech Support
8909-BOLNL,17,Low,0.1659,3,One year,No,21.2,Move to automatic payment
4719-UMSIY,17,Low,0.1657,6,Month-to-month,No,19.65,Offer a term contract; Move to automatic payment
2039-JONDJ,17,Low,0.1657,27,One year,DSL,55.45,Add Tech Support
7581-EBBOU,17,Low,0.1657,60,One year,DSL,70.15,Add Online Security (incentive)
3347-YJZZE,17,Low,0.1656,29,Month-to-month,DSL,80.1,Offer a term contract; Add Online Security (incentive)
7550-WIQVA,17,Low,0.1655,50,One year,Fiber optic,108.25,Add Tech Support; Move to automatic payment
8792-AOROI,17,Low,0.1654,8,Two year,DSL,65.5,Move to automatic payment
9000-PLFUZ,16,Low,0.165,60,Two year,DSL,49.45,Add Online Security (incentive); Add Tech Support
0619-OLYUR,16,Low,0.1646,72,Two year,Fiber optic,111.9,Relationship check-in
0961-ZWLVI,16,Low,0.1644,49,One year,Fiber optic,109.2,Add Tech Support
6234-RAAPL,16,Low,0.1644,72,Two year,Fiber optic,99.9,Relationship check-in
2511-MORQY,16,Low,0.1641,50,One year,DSL,54.9,Add Online Security (incentive); Add Tech Support
1841-YSJGV,16,Low,0.1641,72,Two year,Fiber optic,109.95,Relationship check-in
0019-EFAEP,16,Low,0.1641,72,Two year,Fiber optic,101.3,Add Tech Support
1352-VHKAJ,16,Low,0.1639,27,Month-to-month,DSL,71.6,Offer a term contract; Add Online Security (incentive)
7266-GSSJX,16,Low,0.1639,11,Month-to-month,No,20.45,Offer a term contract; Move to automatic payment
0906-QVPMS,16,Low,0.1636,72,Two year,Fiber optic,115.15,Relationship check-in
5555-RNPGT,16,Low,0.1634,10,Month-to-month,No,24.8,Offer a term contract
5018-LXQQG,16,Low,0.163,30,Month-to-month,DSL,66.3,Offer a term contract
4776-XSKYQ,16,Low,0.1628,12,One year,DSL,30.25,Add Online Security (incentive)
1325-USMEC,16,Low,0.1628,70,Two year,Fiber optic,99.35,Add Tech Support
9350-ZXYJC,16,Low,0.1627,4,Two year,No,25.3,Relationship check-in
5198-HQAEN,16,Low,0.1627,35,One year,Fiber optic,89.7,Add Online Security (incentive); Move to automatic payment
4163-KIUHY,16,Low,0.1626,35,Month-to-month,No,25.6,Offer a term contract; Move to automatic payment
9209-NWPGU,16,Low,0.1624,44,One year,DSL,65.4,Move to automatic payment
7269-JISCY,16,Low,0.1623,55,One year,DSL,45.05,Add Online Security (incentive); Add Tech Support
4549-ZDQYY,16,Low,0.1623,52,One year,DSL,57.95,Relationship check-in
9074-KGVOX,16,Low,0.1621,50,Month-to-month,DSL,39.45,Offer a term contract; Add Tech Support
3489-VSFRD,16,Low,0.1621,56,One year,DSL,60.25,Relationship check-in
8734-FNWVH,16,Low,0.1621,31,Month-to-month,DSL,59.7,Offer a term contract; Add Online Security (incentive)
1237-WIYYZ,16,Low,0.1619,18,Month-to-month,No,19.55,Offer a term contract; Move to automatic payment
9498-FIMXL,16,Low,0.1619,8,One year,No,19.2,Move to automatic payment
3633-CDBUW,16,Low,0.1618,17,One year,DSL,80.85,Add Online Security (incentive); Move to automatic payment
5393-HJZSM,16,Low,0.1618,32,Month-to-month,DSL,76.3,Offer a term contract
7663-YJHSN,16,Low,0.1618,72,Two year,Fiber optic,103.95,Relationship check-in
8573-CGOCC,16,Low,0.1617,16,Month-to-month,No,19.75,Offer a term contract
5327-XOKKY,16,Low,0.1616,72,Two year,DSL,73.45,Add Online Security (incentive); Add Tech Support
2834-JKOOW,16,Low,0.1615,15,One year,DSL,45.9,Move to automatic payment
1043-UXOVO,16,Low,0.1615,71,Two year,Fiber optic,113.15,Relationship check-in
6114-TCFID,16,Low,0.1615,29,One year,DSL,39.5,Relationship check-in
2878-RMWXY,16,Low,0.1613,72,Two year,Fiber optic,102.65,Add Tech Support
0872-CASZJ,16,Low,0.1609,59,One year,DSL,69.1,Move to automatic payment
8670-ERCJH,16,Low,0.1606,72,Two year,Fiber optic,113.4,Relationship check-in
2999-AANRQ,16,Low,0.1606,21,Two year,DSL,71.05,Relationship check-in
9362-MWODR,16,Low,0.1604,40,Month-to-month,DSL,64.1,Offer a term contract
8329-GWVPJ,16,Low,0.1602,50,Month-to-month,Fiber optic,69.75,Offer a term contract; Add Online Security (incentive)
5172-RKOCB,16,Low,0.1601,72,Two year,Fiber optic,108.95,Relationship check-in
7244-QWYHG,16,Low,0.16,50,One year,DSL,44.45,Relationship check-in
2408-PSJVE,16,Low,0.16,44,Month-to-month,DSL,61.9,Offer a term contract; Add Online Security (incentive)
1271-UODNO,16,Low,0.16,39,Two year,DSL,53.85,Add Online Security (incentive)
6827-IEAUQ,16,Low,0.1593,27,One year,DSL,66.15,Move to automatic payment
2380-DAMQP,16,Low,0.1593,72,Two year,Fiber optic,115.15,Move to automatic payment
8782-NUUOL,16,Low,0.1591,60,One year,DSL,79.0,Move to automatic payment
7247-XOZPB,16,Low,0.159,53,One year,DSL,77.4,Relationship check-in
3482-ABPKK,16,Low,0.159,28,One year,DSL,54.3,Move to automatic payment
1658-XUHBX,16,Low,0.1589,59,Month-to-month,Fiber optic,88.75,Offer a term contract; Add Online Security (incentive)
5061-PBXFW,16,Low,0.1586,32,Month-to-month,DSL,61.4,Offer a term contract
9470-YFUYI,16,Low,0.1584,71,One year,DSL,71.0,Relationship check-in
6082-GLJIX,16,Low,0.1581,18,Month-to-month,No,19.25,Offer a term contract; Move to automatic payment
7623-HKYRK,16,Low,0.158,6,Month-to-month,No,19.7,Offer a term contract; Move to automatic payment
2958-NHPPS,16,Low,0.1579,23,Month-to-month,No,20.85,Offer a term contract; Move to automatic payment
7801-CEDNV,16,Low,0.1578,27,One year,DSL,48.7,Add Tech Support
4830-FAXFM,16,Low,0.1578,19,Month-to-month,No,24.1,Offer a term contract
9142-XMYJH,16,Low,0.1573,29,Month-to-month,No,19.35,Offer a term contract
1552-TKMXS,16,Low,0.1572,42,Month-to-month,No,20.35,Offer a term contract
6176-YJWAS,16,Low,0.1571,72,Two year,Fiber optic,97.95,Add Tech Support
3655-SNQYZ,16,Low,0.157,69,Two year,Fiber optic,113.25,Relationship check-in
9705-IOVQQ,16,Low,0.157,61,One year,Fiber optic,99.0,Add Online Security (incentive); Add Tech Support
0142-GVYSN,16,Low,0.1569,26,Month-to-month,No,20.3,Offer a term contract; Move to automatic payment
8963-MQVYN,16,Low,0.1567,22,Month-to-month,No,20.55,Offer a term contract; Move to automatic payment
9796-MVYXX,16,Low,0.1567,14,Two year,DSL,39.7,Move to automatic payment
5619-XZZKR,16,Low,0.1566,4,One year,No,19.95,Move to automatic payment
0810-DHDBD,16,Low,0.1566,52,One year,DSL,74.0,Relationship check-in
0484-JPBRU,16,Low,0.1565,41,Month-to-month,No,25.25,Offer a term contract
9445-ZUEQE,16,Low,0.1564,27,Month-to-month,Fiber optic,85.2,Offer a term contract; Add Online Security (incentive)
0292-WEGCH,16,Low,0.1564,54,Month-to-month,DSL,86.2,Offer a term contract; Add Online Security (incentive)
5315-CKEQK,16,Low,0.1564,28,One year,DSL,51.0,Add Online Security (incentive); Add Tech Support
2190-PHBHR,16,Low,0.1564,72,Two year,Fiber optic,94.45,Add Tech Support
5575-GNVDE,16,Low,0.1563,34,One year,DSL,56.95,Add Tech Support; Move to automatic payment
3244-CQPHU,16,Low,0.1563,72,Two year,Fiber optic,110.1,Relationship check-in
5914-XRFQB,16,Low,0.1563,72,Two year,Fiber optic,115.8,Relationship check-in
3487-EARAT,16,Low,0.156,70,One year,DSL,74.1,Relationship check-in
8292-FRFZQ,16,Low,0.1559,39,One year,DSL,41.15,Relationship check-in
0993-OSGPT,16,Low,0.1558,68,One year,DSL,60.65,Add Online Security (incentive)
6937-GCDGQ,16,Low,0.1558,19,One year,DSL,48.95,Add Tech Support
5726-CVNYA,16,Low,0.1557,8,Two year,No,19.85,Move to automatic payment
7839-NUIAA,16,Low,0.1556,61,Month-to-month,DSL,59.8,Offer a term contract; Add Tech Support
8319-QBEHW,16,Low,0.1555,26,One year,DSL,39.95,Add Online Security (incentive); Add Tech Support
8138-EALND,16,Low,0.1551,15,Month-to-month,No,19.75,Offer a term contract; Move to automatic payment
3190-FZATL,16,Low,0.1551,14,Month-to-month,No,19.95,Offer a term contract; Move to automatic payment
0547-HURJB,16,Low,0.155,12,Month-to-month,No,21.05,Offer a term contract
9018-PCIOK,15,Low,0.155,55,Two year,DSL,64.75,Add Online Security (incentive); Add Tech Support
5155-AZQPB,15,Low,0.1549,28,Month-to-month,DSL,49.9,Offer a term contract; Add Online Security (incentive)
5954-BDFSG,15,Low,0.1546,72,Two year,Fiber optic,107.5,Add Online Security (incentive)
3521-HTQTV,15,Low,0.1543,34,Two year,No,26.1,Relationship check-in
3898-BSJYF,15,Low,0.1543,10,One year,DSL,73.55,Relationship check-in
7776-QGYJC,15,Low,0.1542,39,Month-to-month,Fiber optic,81.5,Offer a term contract; Add Online Security (incentive)
0248-PGHBZ,15,Low,0.1542,67,Two year,Fiber optic,92.45,Relationship check-in
6504-VBLFL,15,Low,0.154,55,Two year,DSL,58.6,Add Tech Support; Move to automatic payment
3134-DSHVC,15,Low,0.154,63,Two year,Fiber optic,98.0,Add Tech Support
1866-DIOQZ,15,Low,0.1536,71,One year,DSL,66.8,Relationship check-in
6339-TBELP,15,Low,0.1533,71,Two year,Fiber optic,86.4,Add Online Security (incentive)
4732-RRJZC,15,Low,0.1532,7,Month-to-month,No,20.25,Offer a term contract; Move to automatic payment
8029-XYPWT,15,Low,0.1531,71,Two year,Fiber optic,115.05,Relationship check-in
0516-QREYC,15,Low,0.1528,24,Month-to-month,No,20.3,Offer a term contract; Move to automatic payment
4376-KFVRS,15,Low,0.1519,72,Two year,Fiber optic,114.05,Relationship check-in
7163-OCEQI,15,Low,0.1516,22,One year,DSL,78.65,Add Online Security (incentive); Move to automatic payment
3410-MHHUM,15,Low,0.151,44,One year,Fiber optic,94.4,Add Online Security (incentive); Add Tech Support
6023-GSSXW,15,Low,0.1509,69,Two year,DSL,61.45,Add Online Security (incentive); Add Tech Support
7322-OCWHC,15,Low,0.1509,72,Two year,Fiber optic,93.05,Relationship check-in
8513-OLYGY,15,Low,0.1507,72,Two year,Fiber optic,115.8,Relationship check-in
7570-WELNY,15,Low,0.1507,68,Two year,Fiber optic,84.7,Add Tech Support
6103-QCKFX,15,Low,0.1505,44,Month-to-month,DSL,56.25,Offer a term contract
4513-CXYIX,15,Low,0.1504,71,Two year,Fiber optic,80.7,Add Tech Support
9220-ZNKJI,15,Low,0.1504,55,Two year,Fiber optic,88.8,Add Online Security (incentive)
0489-WMEMG,15,Low,0.1503,23,One year,DSL,49.45,Add Online Security (incentive); Move to automatic payment
4054-CUMIA,15,Low,0.1498,18,Month-to-month,No,20.25,Offer a term contract; Move to automatic payment
0943-ZQPXH,15,Low,0.1498,44,Month-to-month,Fiber optic,92.95,Offer a term contract; Add Online Security (incentive)
2302-OUZXB,15,Low,0.1496,72,Two year,DSL,82.15,Add Online Security (incentive); Add Tech Support
8216-AZUUZ,15,Low,0.1495,42,Two year,Fiber optic,100.4,Add Online Security (incentive); Move to automatic payment
8204-TIFGJ,15,Low,0.1495,23,Month-to-month,No,20.3,Offer a term contract
3174-AKMAS,15,Low,0.1493,46,Two year,DSL,64.2,Add Online Security (incentive)
7032-LMBHI,15,Low,0.1491,37,One year,DSL,64.65,Add Tech Support
1122-YJBCS,15,Low,0.1489,69,One year,DSL,53.65,Add Tech Support
4500-HKANN,15,Low,0.1489,23,Two year,DSL,59.7,Add Online Security (incentive); Move to automatic payment
4881-GQJTW,15,Low,0.1487,14,Month-to-month,No,19.6,Offer a term contract
2809-ILCYT,15,Low,0.1486,25,One year,No,26.8,Move to automatic payment
8809-XKHMD,15,Low,0.1485,72,Two year,Fiber optic,100.55,Relationship check-in
7994-XIRTR,15,Low,0.1483,54,One year,DSL,65.25,Add Online Security (incentive)
1984-GPTEH,15,Low,0.1482,29,Month-to-month,No,25.15,Offer a term contract; Move to automatic payment
3401-URHDA,15,Low,0.1481,51,One year,DSL,59.9,Relationship check-in
3508-CFVZL,15,Low,0.1478,71,Two year,Fiber optic,111.3,Move to automatic payment
6924-TDGMT,15,Low,0.1477,11,One year,No,20.55,Move to automatic payment
1057-FOGLZ,15,Low,0.1476,18,Month-to-month,No,19.65,Offer a term contract; Move to automatic payment
1525-LNLOJ,15,Low,0.1474,66,Two year,DSL,63.3,Add Online Security (incentive); Add Tech Support
9359-UGBTK,15,Low,0.1474,67,One year,DSL,72.35,Relationship check-in
4250-WAROZ,15,Low,0.1472,60,Month-to-month,Fiber optic,93.25,Offer a term contract; Add Tech Support
6559-RAKOZ,15,Low,0.1469,49,One year,Fiber optic,97.95,Add Online Security (incentive); Move to automatic payment
3213-VVOLG,15,Low,0.1469,0,Two year,No,25.35,Move to automatic payment
9866-OCCKE,15,Low,0.1468,72,Two year,Fiber optic,109.75,Move to automatic payment
5781-BKHOP,15,Low,0.1468,72,Two year,Fiber optic,100.65,Add Tech Support
0661-KQHNK,15,Low,0.1467,6,One year,No,19.0,Relationship check-in
5384-ZTTWP,15,Low,0.1466,15,Month-to-month,No,19.8,Offer a term contract; Move to automatic payment
1074-AMIOH,15,Low,0.1462,53,Month-to-month,Fiber optic,108.25,Offer a term contract; Add Online Security (incentive)
6476-EPYZR,15,Low,0.1461,12,Month-to-month,No,20.5,Offer a term contract; Move to automatic payment
1265-HVPZB,15,Low,0.1461,59,One year,DSL,66.4,Add Tech Support
2796-UUZZO,15,Low,0.1458,63,Month-to-month,Fiber optic,80.3,Offer a term contract; Add Online Security (incentive)
4999-IEZLT,15,Low,0.1458,66,One year,DSL,29.45,Add Online Security (incentive)
9974-JFBHQ,15,Low,0.1457,64,Month-to-month,Fiber optic,99.15,Offer a term contract; Add Online Security (incentive)
3259-KNMRR,15,Low,0.1457,57,Two year,DSL,79.75,Add Online Security (incentive); Add Tech Support
7338-ERIVA,15,Low,0.1455,39,One year,DSL,45.05,Relationship check-in
8024-XNAFQ,15,Low,0.1454,72,Two year,Fiber optic,107.4,Relationship check-in
9350-VLHMB,15,Low,0.1452,67,Month-to-month,Fiber optic,89.55,Offer a term contract; Add Online Security (incentive)
7025-WCBNE,15,Low,0.1452,47,Two year,DSL,59.6,Add Online Security (incentive)
2933-XEUJM,15,Low,0.145,46,Two year,DSL,79.2,Add Tech Support; Move to automatic payment
8100-HZZLJ,14,Low,0.1446,43,Month-to-month,DSL,63.95,Offer a term contract; Add Tech Support
7359-WWYJV,14,Low,0.1443,72,Two year,Fiber optic,114.45,Relationship check-in
7021-XSNYE,14,Low,0.1441,7,Two year,DSL,49.65,Relationship check-in
9788-HNGUT,14,Low,0.1441,72,Two year,Fiber optic,116.95,Relationship check-in
3750-YHRYO,14,Low,0.144,7,One year,No,20.65,Move to automatic payment
3841-NFECX,14,Low,0.1439,71,Two year,Fiber optic,96.35,Relationship check-in
5186-PEIZU,14,Low,0.1437,35,Month-to-month,No,19.25,Offer a term contract
4560-WQAQW,14,Low,0.1437,59,One year,DSL,68.7,Relationship check-in
5245-VDBUR,14,Low,0.1435,52,One year,DSL,35.45,Add Tech Support; Move to automatic payment
8672-OAUPW,14,Low,0.1432,51,One year,DSL,47.85,Add Online Security (incentive)
4937-QPZPO,14,Low,0.1431,61,One year,Fiber optic,99.9,Add Online Security (incentive); Add Tech Support
4616-EWBNJ,14,Low,0.1429,16,One year,No,20.1,Relationship check-in
7356-AYNJP,14,Low,0.1429,4,One year,No,23.9,Move to automatic payment
3249-VHRIP,14,Low,0.1428,62,Two year,DSL,43.6,Add Online Security (incentive); Add Tech Support
1697-BCSHV,14,Low,0.1428,58,Month-to-month,DSL,66.8,Offer a term contract; Add Online Security (incentive)
1763-KUAAW,14,Low,0.1427,18,One year,No,20.35,Relationship check-in
7047-YXDMZ,14,Low,0.1427,21,Month-to-month,No,20.0,Offer a term contract; Move to automatic payment
0334-ZFJSR,14,Low,0.1426,55,One year,DSL,66.05,Relationship check-in
9391-TTOYH,14,Low,0.1426,23,Month-to-month,No,19.5,Offer a term contract; Move to automatic payment
9803-FTJCG,14,Low,0.1426,71,One year,DSL,66.85,Relationship check-in
9928-BZVLZ,14,Low,0.1426,12,Two year,DSL,49.85,Move to automatic payment
8735-NBLWT,14,Low,0.1425,9,Month-to-month,No,20.4,Offer a term contract; Move to automatic payment
4525-VZCZG,14,Low,0.1425,54,One year,Fiber optic,105.85,Move to automatic payment
2233-TXSIU,14,Low,0.1422,17,One year,DSL,44.45,Add Tech Support
7995-ZHHNZ,14,Low,0.1421,42,One year,DSL,56.1,Add Tech Support
9822-BIIGN,14,Low,0.1416,53,Month-to-month,DSL,71.85,Offer a term contract; Move to automatic payment
8184-WMOFI,14,Low,0.1413,62,One year,DSL,71.4,Relationship check-in
4367-NUYAO,14,Low,0.1413,0,Two year,No,25.75,Move to automatic payment
4115-BNPJY,14,Low,0.1412,29,Two year,DSL,75.55,Add Online Security (incentive); Move to automatic payment
4872-VXRIL,14,Low,0.1411,56,One year,DSL,64.65,Relationship check-in
3727-OWVYD,14,Low,0.1409,35,One year,DSL,61.2,Add Tech Support; Move to automatic payment
0487-VVUVK,14,Low,0.1408,25,Month-to-month,No,19.15,Offer a term contract; Move to automatic payment
1206-EHBDD,14,Low,0.1407,56,Two year,Fiber optic,80.3,Add Tech Support
5774-XZTQC,14,Low,0.1403,7,Month-to-month,No,20.45,Offer a term contract; Move to automatic payment
7722-CVFXN,14,Low,0.1403,54,One year,Fiber optic,105.2,Add Online Security (incentive); Move to automatic payment
3682-YEUWS,14,Low,0.1399,10,Month-to-month,No,24.4,Offer a term contract; Move to automatic payment
4751-ERMAN,14,Low,0.1399,72,Two year,DSL,75.4,Add Online Security (incentive); Add Tech Support
7073-QETQY,14,Low,0.1397,66,One year,No,20.35,Move to automatic payment
5170-PTRKA,14,Low,0.1394,49,One year,DSL,35.8,Relationship check-in
3043-SUDUA,14,Low,0.1394,32,Month-to-month,No,19.9,Offer a term contract
0412-UCCNP,14,Low,0.1392,55,Two year,DSL,59.2,Move to automatic payment
6754-LZUKA,14,Low,0.1392,61,Two year,DSL,80.9,Add Online Security (incentive); Add Tech Support
7136-IHZJA,14,Low,0.1391,40,Month-to-month,DSL,71.35,Offer a term contract; Move to automatic payment
8975-SKGRX,14,Low,0.139,71,Two year,Fiber optic,116.1,Relationship check-in
4116-IQRFR,14,Low,0.1387,4,One year,No,24.1,Relationship check-in
1821-BUCWY,14,Low,0.1387,30,Two year,DSL,55.65,Add Tech Support; Move to automatic payment
5539-HIVAK,14,Low,0.1386,28,Month-to-month,No,25.7,Offer a term contract; Move to automatic payment
5174-ITUMV,14,Low,0.1382,67,One year,Fiber optic,105.4,Add Online Security (incentive); Add Tech Support
3219-JQRSL,14,Low,0.1381,72,Two year,DSL,89.1,Relationship check-in
9560-BBZXK,14,Low,0.1379,36,Two year,DSL,31.05,Add Tech Support
8075-GXIUB,14,Low,0.1378,9,One year,No,19.85,Relationship check-in
7089-RKVSZ,14,Low,0.1375,8,One year,No,24.4,Move to automatic payment
5060-TQUQN,14,Low,0.1374,30,Month-to-month,Fiber optic,83.55,Offer a term contract; Add Online Security (incentive)
6981-TDRFT,14,Low,0.1374,44,One year,DSL,54.3,Add Online Security (incentive); Move to automatic payment
7670-ZBPOQ,14,Low,0.1373,58,One year,DSL,61.05,Relationship check-in
2091-GPPIQ,14,Low,0.1371,72,Two year,DSL,78.95,Add Online Security (incentive); Move to automatic payment
9637-CDTKZ,14,Low,0.1366,72,Two year,Fiber optic,114.1,Relationship check-in
9575-IWCAZ,14,Low,0.1365,6,One year,No,25.1,Move to automatic payment
5827-MWCZK,14,Low,0.136,56,Month-to-month,Fiber optic,96.95,Offer a term contract; Add Online Security (incentive)
2272-JKMSI,14,Low,0.1355,62,One year,Fiber optic,110.8,Add Online Security (incentive); Move to automatic payment
0230-UBYPQ,14,Low,0.1355,63,One year,DSL,36.1,Relationship check-in
2129-ALKBS,14,Low,0.1353,40,Month-to-month,No,26.2,Offer a term contract; Move to automatic payment
3422-WJOYD,14,Low,0.1352,28,One year,DSL,54.35,Move to automatic payment
1171-TYKUR,14,Low,0.1352,47,Month-to-month,No,25.4,Offer a term contract; Move to automatic payment
6810-VCAEX,14,Low,0.1351,47,One year,DSL,39.65,Relationship check-in
4623-ZKHLY,13,Low,0.1349,22,Month-to-month,No,20.45,Offer a term contract
7542-CYDDM,13,Low,0.1347,18,Month-to-month,No,20.05,Offer a term contract; Move to automatic payment
1850-AKQEP,13,Low,0.1346,8,Month-to-month,No,20.35,Offer a term contract; Move to automatic payment
2926-JEJJC,13,Low,0.1342,8,One year,No,20.2,Relationship check-in
4111-BNXIF,13,Low,0.1341,67,Two year,DSL,59.55,Add Online Security (incentive); Move to automatic payment
1430-SFQSA,13,Low,0.134,29,One year,DSL,35.6,Move to automatic payment
0014-BMAQU,13,Low,0.134,63,Two year,Fiber optic,84.65,Relationship check-in
2096-XOTMO,13,Low,0.1338,16,Month-to-month,No,19.35,Offer a term contract; Move to automatic payment
9867-NNXLC,13,Low,0.1336,22,Month-to-month,No,20.05,Offer a term contract; Move to automatic payment
5127-BZENZ,13,Low,0.1334,56,One year,DSL,65.2,Add Tech Support
3398-GCPMU,13,Low,0.1332,72,Two year,DSL,89.55,Relationship check-in
4815-TUMEQ,13,Low,0.1332,10,One year,No,19.3,Move to automatic payment
9967-ATRFS,13,Low,0.133,19,Month-to-month,No,19.9,Offer a term contract; Move to automatic payment
6516-NKQBO,13,Low,0.1329,38,Two year,DSL,81.0,Relationship check-in
7196-LIWRH,13,Low,0.1326,6,Two year,No,19.55,Move to automatic payment
5514-YQENT,13,Low,0.1325,41,Two year,Fiber optic,111.15,Move to automatic payment
3161-ONRWK,13,Low,0.1324,60,One year,DSL,65.85,Relationship check-in
1121-QSIVB,13,Low,0.1321,44,One year,DSL,77.55,Add Online Security (incentive); Add Tech Support
5324-KTGCG,13,Low,0.1317,71,One year,No,20.85,Move to automatic payment
9680-NIAUV,13,Low,0.1317,72,Two year,Fiber optic,109.7,Add Tech Support
3253-HKOKL,13,Low,0.1314,52,One year,Fiber optic,100.3,Add Tech Support; Move to automatic payment
0536-BGFMZ,13,Low,0.1313,28,Month-to-month,No,20.5,Offer a term contract; Move to automatic payment
9860-LISIZ,13,Low,0.1311,34,Month-to-month,No,20.35,Offer a term contract; Move to automatic payment
8630-QSGXK,13,Low,0.1307,51,Two year,DSL,75.2,Add Online Security (incentive)
7572-KPVKK,13,Low,0.1307,62,Two year,Fiber optic,104.05,Add Online Security (incentive); Move to automatic payment
9391-LMANN,13,Low,0.1305,53,One year,Fiber optic,95.95,Add Tech Support; Move to automatic payment
9782-LGXMC,13,Low,0.1304,49,Month-to-month,DSL,61.75,Offer a term contract
2430-RRYUW,13,Low,0.1303,66,One year,DSL,54.8,Add Tech Support; Move to automatic payment
6094-ZIVKX,13,Low,0.1302,68,One year,DSL,54.45,Add Tech Support
2000-DHJUY,13,Low,0.1299,70,Two year,DSL,92.2,Relationship check-in
9298-WGMRW,13,Low,0.1295,72,Two year,Fiber optic,115.5,Relationship check-in
1094-BKOSX,13,Low,0.1294,45,One year,DSL,51.0,Add Online Security (incentive)
9919-FZDED,13,Low,0.1293,72,Two year,DSL,84.1,Add Tech Support
9522-ZSINC,13,Low,0.1292,13,One year,No,19.95,Move to automatic payment
7622-FWGEW,13,Low,0.129,56,Two year,DSL,85.65,Relationship check-in
8401-EMUWF,13,Low,0.1289,42,Month-to-month,DSL,69.4,Offer a term contract; Add Tech Support
7633-MVPUY,13,Low,0.1288,57,Two year,DSL,59.75,Move to automatic payment
1131-ALZWV,13,Low,0.1287,24,One year,No,24.6,Relationship check-in
0336-PIKEI,13,Low,0.1286,72,Two year,DSL,74.4,Relationship check-in
4194-WHFCB,13,Low,0.1284,59,Month-to-month,Fiber optic,96.65,Offer a term contract; Add Online Security (incentive)
6509-TSGWN,13,Low,0.1283,37,Month-to-month,No,26.45,Offer a term contract; Move to automatic payment
9871-ELEYA,13,Low,0.1281,34,Two year,DSL,67.65,Relationship check-in
4567-AKPIA,13,Low,0.1279,41,One year,Fiber optic,109.1,Add Online Security (incentive)
0305-SQECB,13,Low,0.1279,11,One year,DSL,36.05,Move to automatic payment
2245-ADZFJ,13,Low,0.1277,31,Two year,DSL,80.55,Add Online Security (incentive)
9968-FFVVH,13,Low,0.1276,63,One year,DSL,68.8,Relationship check-in
0327-WFZSY,13,Low,0.1276,39,One year,Fiber optic,100.0,Add Online Security (incentive); Add Tech Support
2969-VAPYH,13,Low,0.1275,67,One year,DSL,60.5,Relationship check-in
4318-RAJVY,13,Low,0.1274,10,One year,No,19.8,Move to automatic payment
5762-TJXGK,13,Low,0.1273,52,Two year,DSL,58.75,Add Tech Support
4403-BWPAY,13,Low,0.1271,14,One year,No,24.8,Relationship check-in
0942-KOWSM,13,Low,0.1268,30,Two year,DSL,80.8,Add Online Security (incentive)
1813-JYWTO,13,Low,0.1268,72,Two year,Fiber optic,80.45,Add Tech Support
1915-OAKWD,13,Low,0.1268,16,One year,No,19.3,Relationship check-in
4063-EIKNQ,13,Low,0.1267,11,Month-to-month,No,20.95,Offer a term contract
5792-JALQC,13,Low,0.1267,52,Two year,DSL,59.85,Add Tech Support
5468-BPMMO,13,Low,0.1264,46,Month-to-month,No,19.6,Offer a term contract; Move to automatic payment
9239-GZHZE,13,Low,0.1262,72,Two year,Fiber optic,113.65,Relationship check-in
5135-GRQJV,13,Low,0.1261,72,Two year,Fiber optic,114.5,Move to automatic payment
3374-PZLXD,13,Low,0.126,34,Month-to-month,No,19.7,Offer a term contract; Move to automatic payment
4868-AADLV,13,Low,0.1259,66,One year,Fiber optic,116.25,Move to automatic payment
4851-BQDNX,13,Low,0.1259,40,One year,Fiber optic,85.05,Add Online Security (incentive); Add Tech Support
2690-DVRVK,13,Low,0.1256,5,One year,No,20.55,Move to automatic payment
0945-TSONX,13,Low,0.1256,47,Two year,DSL,85.3,Relationship check-in
1744-JHKYS,13,Low,0.1254,34,Month-to-month,No,24.7,Offer a term contract; Move to automatic payment
6286-ZHAOK,13,Low,0.1254,20,Month-to-month,No,25.55,Offer a term contract
2120-SMPEX,13,Low,0.1254,25,Month-to-month,No,20.15,Offer a term contract; Move to automatic payment
9154-QDGTH,13,Low,0.1253,43,One year,Fiber optic,104.3,Add Online Security (incentive)
7524-VRLPL,13,Low,0.1253,69,Two year,DSL,74.1,Relationship check-in
3963-RYFNS,13,Low,0.1252,72,Two year,Fiber optic,116.45,Relationship check-in
3567-PQTSO,13,Low,0.1252,53,One year,Fiber optic,105.25,Add Online Security (incentive); Add Tech Support
5131-PONJI,13,Low,0.1251,49,Month-to-month,Fiber optic,90.4,Offer a term contract; Add Online Security (incentive)
8144-DGHXP,12,Low,0.1249,54,Two year,DSL,80.6,Move to automatic payment
7641-TQFHN,12,Low,0.1248,39,Two year,Fiber optic,100.55,Add Online Security (incentive); Move to automatic payment
2294-DMMUS,12,Low,0.1247,62,Month-to-month,DSL,70.45,Offer a term contract; Add Online Security (incentive)
4381-MHQDC,12,Low,0.1245,47,Two year,DSL,65.0,Move to automatic payment
4526-RMTLL,12,Low,0.1242,8,Two year,DSL,76.15,Relationship check-in
3669-WHAFY,12,Low,0.1241,71,Two year,Fiber optic,115.15,Relationship check-in
7795-CFOCW,12,Low,0.124,45,One year,DSL,42.3,Relationship check-in
9746-MDMBK,12,Low,0.124,47,One year,Fiber optic,113.45,Relationship check-in
8331-ZXFOE,12,Low,0.1239,58,One year,DSL,71.1,Relationship check-in
7799-LGRDP,12,Low,0.1236,43,Two year,No,25.7,Relationship check-in
5553-AOINX,12,Low,0.1235,66,One year,Fiber optic,104.9,Add Online Security (incentive); Add Tech Support
4826-DXMUP,12,Low,0.1235,35,One year,DSL,72.1,Add Online Security (incentive); Move to automatic payment
9885-MFVSU,12,Low,0.1234,35,Two year,DSL,46.35,Relationship check-in
8745-PVESG,12,Low,0.1234,57,One year,DSL,41.1,Relationship check-in
7129-AZJDE,12,Low,0.1233,34,One year,Fiber optic,78.95,Add Online Security (incentive); Add Tech Support
0013-SMEOE,12,Low,0.1232,71,Two year,Fiber optic,109.7,Relationship check-in
5232-NXPAY,12,Low,0.1232,47,Two year,DSL,74.45,Add Online Security (incentive); Move to automatic payment
2996-XAUVF,12,Low,0.1232,70,Two year,DSL,40.05,Add Online Security (incentive); Move to automatic payment
3823-KYNQY,12,Low,0.1232,12,One year,No,24.95,Relationship check-in
9675-ICXCT,12,Low,0.123,72,Two year,DSL,80.8,Move to automatic payment
4178-EGMON,12,Low,0.1228,70,Two year,Fiber optic,88.0,Relationship check-in
5125-CNDSP,12,Low,0.1228,63,One year,DSL,40.6,Relationship check-in
4644-PIZRT,12,Low,0.1226,17,One year,DSL,70.35,Add Tech Support
1810-MVMAI,12,Low,0.1226,30,Month-to-month,DSL,67.6,Offer a term contract; Move to automatic payment
4184-VODJZ,12,Low,0.1224,63,One year,Fiber optic,91.35,Add Online Security (incentive); Add Tech Support
1536-YHDOE,12,Low,0.1224,17,One year,DSL,62.1,Move to automatic payment
9150-KPBJQ,12,Low,0.1224,6,Two year,No,19.65,Relationship check-in
5014-WUQMG,12,Low,0.1223,47,One year,Fiber optic,96.1,Add Tech Support; Move to automatic payment
4385-ZKVNW,12,Low,0.1222,44,Month-to-month,DSL,54.9,Offer a term contract; Add Online Security (incentive)
8434-PNQZX,12,Low,0.1222,42,Two year,DSL,78.45,Add Online Security (incentive)
9912-OMZDS,12,Low,0.122,59,One year,Fiber optic,106.15,Add Online Security (incentive); Add Tech Support
5602-BVFMK,12,Low,0.122,12,One year,No,19.3,Move to automatic payment
9046-DQMTP,12,Low,0.122,35,Month-to-month,No,20.75,Offer a term contract
8398-TBIYD,12,Low,0.1219,72,Two year,Fiber optic,84.7,Relationship check-in
4700-UBQMV,12,Low,0.1219,21,One year,DSL,75.9,Add Tech Support
6465-GSRCL,12,Low,0.1219,67,One year,Fiber optic,106.6,Add Online Security (incentive)
4942-VZZOM,12,Low,0.1215,64,One year,DSL,66.15,Add Tech Support
2676-SSLTO,12,Low,0.1214,49,Two year,DSL,66.15,Add Online Security (incentive)
4713-ZBURT,12,Low,0.1213,45,Two year,Fiber optic,99.7,Add Online Security (incentive); Add Tech Support
1023-BQXZE,12,Low,0.1212,57,Two year,DSL,74.35,Add Tech Support
6322-HRPFA,12,Low,0.1212,49,Month-to-month,DSL,59.6,Offer a term contract
9150-HEPMB,12,Low,0.1211,56,One year,DSL,52.7,Add Tech Support; Move to automatic payment
3585-YNADK,12,Low,0.121,57,One year,DSL,74.6,Add Online Security (incentive)
6719-FGEDO,12,Low,0.1209,72,Two year,Fiber optic,97.0,Relationship check-in
4032-RMHCI,12,Low,0.1206,41,One year,DSL,35.4,Add Tech Support
8174-TBVCF,12,Low,0.1197,70,Two year,DSL,94.8,Relationship check-in
4816-OKWNX,12,Low,0.1196,50,One year,Fiber optic,103.4,Add Online Security (incentive)
3399-BMLVW,12,Low,0.1196,51,Two year,DSL,60.5,Relationship check-in
3410-YOQBQ,12,Low,0.1196,31,Two year,DSL,79.2,Add Online Security (incentive); Move to automatic payment
5173-ZXXXL,12,Low,0.1194,2,One year,No,19.95,Move to automatic payment
8884-MRNSU,12,Low,0.1193,17,One year,No,19.9,Relationship check-in
5318-YKDPV,12,Low,0.1192,43,Two year,DSL,79.15,Relationship check-in
0513-RBGPE,12,Low,0.1191,37,Two year,DSL,62.8,Relationship check-in
8608-OZTLB,12,Low,0.119,38,One year,DSL,74.05,Move to automatic payment
7353-YOWFP,12,Low,0.119,7,One year,No,20.25,Move to automatic payment
0743-HRVFF,12,Low,0.1189,51,One year,DSL,56.15,Add Online Security (incentive); Move to automatic payment
6131-IUNXN,12,Low,0.1188,19,Month-to-month,No,20.2,Offer a term contract; Move to automatic payment
2176-LVPNX,12,Low,0.1188,71,Two year,DSL,89.85,Move to automatic payment
3308-JSGML,12,Low,0.1186,59,Two year,DSL,64.05,Relationship check-in
7691-KGKGP,12,Low,0.1186,53,Month-to-month,DSL,65.0,Offer a term contract; Add Online Security (incentive)
6050-IJRHS,12,Low,0.1185,70,One year,Fiber optic,106.5,Add Online Security (incentive); Add Tech Support
8336-TAVKX,12,Low,0.118,72,Two year,DSL,78.45,Relationship check-in
8573-JGCZW,12,Low,0.1179,17,One year,No,19.65,Relationship check-in
0536-ESJEP,12,Low,0.1179,54,Two year,DSL,74.55,Add Tech Support
7284-ZZLOH,12,Low,0.1177,45,Two year,DSL,53.3,Add Tech Support
1004-NOZNR,12,Low,0.1174,56,One year,Fiber optic,94.8,Add Tech Support
9906-NHHVC,12,Low,0.1171,65,Two year,DSL,53.5,Add Online Security (incentive); Add Tech Support
2451-YMUXS,12,Low,0.117,67,Two year,DSL,64.55,Relationship check-in
3486-KHMLI,12,Low,0.1169,21,Month-to-month,No,24.7,Offer a term contract; Move to automatic payment
9844-FELAJ,12,Low,0.1169,70,One year,Fiber optic,107.9,Add Online Security (incentive); Move to automatic payment
1139-WUOAH,12,Low,0.1169,57,Two year,DSL,53.35,Add Online Security (incentive)
7137-NAXML,12,Low,0.1168,23,One year,No,20.15,Relationship check-in
9442-JTWDL,12,Low,0.1168,11,One year,No,20.05,Relationship check-in
0378-CJKPV,12,Low,0.1166,72,Two year,Fiber optic,112.1,Relationship check-in
7554-NEWDD,12,Low,0.1165,10,Two year,No,25.7,Relationship check-in
1684-FLBGS,12,Low,0.1165,23,Month-to-month,DSL,69.5,Offer a term contract; Add Online Security (incentive)
8631-XVRZL,12,Low,0.1165,9,One year,No,20.15,Move to automatic payment
7762-ONLJY,12,Low,0.1164,6,One year,No,19.7,Move to automatic payment
7803-XOCCZ,12,Low,0.1164,52,Month-to-month,Fiber optic,84.05,Offer a term contract
4377-VDHYI,12,Low,0.1163,32,One year,Fiber optic,90.8,Add Tech Support; Move to automatic payment
2495-TTHBQ,12,Low,0.1162,4,One year,No,20.4,Move to automatic payment
3887-PBQAO,12,Low,0.1159,45,One year,No,25.9,Relationship check-in
8871-JLMHM,12,Low,0.1158,68,Two year,Fiber optic,90.2,Add Online Security (incentive)
6919-ELBGL,12,Low,0.1157,72,Two year,Fiber optic,114.95,Relationship check-in
2673-ZALNP,12,Low,0.1155,7,One year,No,19.9,Move to automatic payment
8169-SAEJD,12,Low,0.1155,69,Two year,DSL,56.55,Add Tech Support
3378-AJRAO,12,Low,0.1155,44,One year,No,24.85,Move to automatic payment
6650-BWFRT,12,Low,0.1154,72,Two year,Fiber optic,117.15,Relationship check-in
4950-HKQTE,12,Low,0.1154,22,Two year,No,26.25,Move to automatic payment
6419-ZTTLE,12,Low,0.1153,23,One year,No,20.75,Move to automatic payment
1337-BOZWO,12,Low,0.1153,18,One year,DSL,46.4,Add Online Security (incentive); Add Tech Support
4712-UYOOI,12,Low,0.1152,20,Month-to-month,No,20.0,Offer a term contract; Move to automatic payment
6388-TABGU,12,Low,0.1151,62,One year,DSL,56.15,Add Tech Support
6872-HXFNF,11,Low,0.115,64,One year,DSL,58.35,Add Online Security (incentive)
6152-ONASV,11,Low,0.1148,68,One year,DSL,58.25,Relationship check-in
8812-ZRHFP,11,Low,0.1147,30,One year,Fiber optic,86.45,Add Online Security (incentive); Add Tech Support
5961-VUSRV,11,Low,0.1145,12,One year,No,19.35,Relationship check-in
5641-DMBFJ,11,Low,0.1144,58,Two year,DSL,84.3,Move to automatic payment
7945-HLKEA,11,Low,0.1144,60,One year,DSL,64.75,Move to automatic payment
5777-ZPQNC,11,Low,0.1143,12,One year,No,20.15,Move to automatic payment
5451-YHYPW,11,Low,0.1143,72,Two year,Fiber optic,115.75,Relationship check-in
1309-XGFSN,11,Low,0.1139,52,One year,DSL,80.85,Add Online Security (incentive); Add Tech Support
6837-HAEVO,11,Low,0.1138,69,Two year,Fiber optic,105.0,Add Online Security (incentive); Add Tech Support
2292-XQWSV,11,Low,0.1136,40,One year,DSL,60.3,Add Online Security (incentive); Move to automatic payment
5038-ETMLM,11,Low,0.1134,72,Two year,Fiber optic,113.65,Relationship check-in
2243-FNMMI,11,Low,0.1133,20,Month-to-month,No,19.4,Offer a term contract; Move to automatic payment
8947-YRTDV,11,Low,0.1131,32,One year,Fiber optic,94.8,Add Tech Support; Move to automatic payment
3933-DQPWX,11,Low,0.113,50,Two year,DSL,39.7,Add Online Security (incentive)
1904-WAJAA,11,Low,0.1127,24,Two year,DSL,64.35,Add Tech Support; Move to automatic payment
8849-PRIQJ,11,Low,0.1123,67,One year,Fiber optic,109.4,Move to automatic payment
8221-HVAYI,11,Low,0.1122,35,Two year,DSL,69.15,Relationship check-in
5199-FPUSP,11,Low,0.1122,33,One year,DSL,34.05,Relationship check-in
1488-SYSFC,11,Low,0.1121,31,Month-to-month,No,20.65,Offer a term contract; Move to automatic payment
5811-IWXYM,11,Low,0.112,52,One year,Fiber optic,101.25,Add Online Security (incentive); Add Tech Support
6510-UPNKS,11,Low,0.112,23,One year,No,24.8,Relationship check-in
1231-YNDEK,11,Low,0.1119,58,Two year,No,19.15,Relationship check-in
8200-LGKSR,11,Low,0.1118,71,Two year,DSL,83.2,Move to automatic payment
9066-QRSDU,11,Low,0.1117,69,One year,No,26.3,Move to automatic payment
2550-QHZGP,11,Low,0.1117,7,One year,No,19.5,Move to automatic payment
6586-PSJOX,11,Low,0.1113,15,One year,DSL,55.2,Add Online Security (incentive)
2773-MADBQ,11,Low,0.1112,36,Two year,DSL,53.1,Move to automatic payment
6177-PEVRA,11,Low,0.1111,48,Two year,DSL,55.5,Add Tech Support
6166-YIPFO,11,Low,0.1111,72,Two year,DSL,64.7,Move to automatic payment
6122-EFVKN,11,Low,0.1109,24,Two year,DSL,35.75,Move to automatic payment
6064-ZATLR,11,Low,0.1109,27,Two year,DSL,52.85,Add Tech Support
6904-JLBGY,11,Low,0.1108,72,Two year,Fiber optic,117.35,Relationship check-in
9194-GFVOI,11,Low,0.1105,42,Two year,DSL,84.35,Relationship check-in
7508-KBIMB,11,Low,0.1105,24,One year,DSL,56.25,Add Tech Support
3057-VJJQE,11,Low,0.1103,35,Two year,DSL,55.25,Add Tech Support; Move to automatic payment
1402-PTHGN,11,Low,0.1103,18,One year,DSL,61.5,Move to automatic payment
6668-CNMFP,11,Low,0.1103,19,One year,Fiber optic,89.35,Add Online Security (incentive)
4676-WLUHT,11,Low,0.1102,54,Two year,DSL,46.2,Add Tech Support
8106-GWQOK,11,Low,0.1102,38,Two year,DSL,60.0,Relationship check-in
2724-FJDYW,11,Low,0.1098,39,One year,DSL,54.85,Add Online Security (incentive)
1568-BEKZM,11,Low,0.1097,70,Two year,DSL,90.05,Relationship check-in
7105-BENQF,11,Low,0.1096,15,One year,DSL,64.85,Add Tech Support; Move to automatic payment
5546-BYZSM,11,Low,0.1095,41,Month-to-month,No,20.45,Offer a term contract; Move to automatic payment
6878-GGDWG,11,Low,0.1095,32,Month-to-month,No,19.4,Offer a term contract
5862-BRIXZ,11,Low,0.1095,46,Two year,DSL,60.75,Relationship check-in
5995-WWKKG,11,Low,0.1094,37,One year,No,19.8,Move to automatic payment
0048-LUMLS,11,Low,0.1094,37,One year,Fiber optic,91.2,Add Online Security (incentive); Add Tech Support
6603-YRDCJ,11,Low,0.1093,33,Two year,DSL,61.05,Move to automatic payment
1485-YDHMM,11,Low,0.1091,52,Month-to-month,Fiber optic,93.25,Offer a term contract; Add Online Security (incentive)
2931-XIQBR,11,Low,0.1091,50,One year,Fiber optic,103.05,Add Online Security (incentive); Move to automatic payment
2580-ASVVY,11,Low,0.1088,37,Two year,DSL,45.4,Move to automatic payment
1135-HIORI,11,Low,0.1087,64,One year,Fiber optic,111.45,Add Online Security (incentive); Move to automatic payment
4129-LYCOI,11,Low,0.1086,67,Two year,Fiber optic,104.0,Add Online Security (incentive); Move to automatic payment
7758-UJWYS,11,Low,0.1083,34,Two year,DSL,40.55,Add Online Security (incentive); Move to automatic payment
8961-QDZZJ,11,Low,0.1081,57,One year,Fiber optic,95.0,Add Online Security (incentive); Add Tech Support
9677-AVKED,11,Low,0.1079,53,One year,DSL,84.6,Add Online Security (incentive); Move to automatic payment
5336-UFNZP,11,Low,0.1077,65,One year,Fiber optic,107.45,Add Online Security (incentive); Add Tech Support
9068-VPWQQ,11,Low,0.1073,61,Two year,DSL,75.35,Relationship check-in
2753-JMMCV,11,Low,0.1071,65,Two year,DSL,74.2,Add Online Security (incentive)
7564-GHCVB,11,Low,0.107,72,Two year,Fiber optic,79.05,Add Tech Support
9470-RTWDV,11,Low,0.107,26,One year,DSL,82.0,Add Online Security (incentive)
5129-HHMZC,11,Low,0.1069,43,Two year,DSL,86.45,Relationship check-in
6421-SZVEM,11,Low,0.1067,28,One year,Fiber optic,82.85,Add Tech Support
2696-ECXKC,11,Low,0.1066,55,One year,Fiber optic,100.9,Add Tech Support; Move to automatic payment
5512-IDZEI,11,Low,0.1066,46,One year,No,24.9,Move to automatic payment
1866-ZSLJM,11,Low,0.1065,21,Month-to-month,No,20.5,Offer a term contract
8454-AATJP,11,Low,0.1065,72,Two year,Fiber optic,115.05,Relationship check-in
8433-WPJTV,11,Low,0.1064,65,One year,Fiber optic,103.9,Add Online Security (incentive)
2167-FQSTQ,11,Low,0.1063,72,Two year,DSL,92.4,Move to automatic payment
1545-ACTAS,11,Low,0.1062,48,One year,Fiber optic,99.7,Add Tech Support
4018-KJYUY,11,Low,0.1062,22,Month-to-month,No,20.15,Offer a term contract
1480-BKXGA,11,Low,0.1061,72,Two year,Fiber optic,116.05,Relationship check-in
7649-PHJVR,11,Low,0.106,11,One year,No,19.5,Move to automatic payment
4825-XJGDM,11,Low,0.106,61,One year,DSL,43.7,Relationship check-in
9236-NDUCW,11,Low,0.106,21,Two year,DSL,35.1,Move to automatic payment
6967-PEJLL,11,Low,0.1058,37,One year,DSL,40.2,Move to automatic payment
2388-LAESQ,11,Low,0.1058,72,Two year,Fiber optic,114.85,Relationship check-in
5684-FJVYR,11,Low,0.1057,72,Two year,Fiber optic,90.35,Relationship check-in
0234-TEVTT,11,Low,0.1057,48,One year,DSL,45.0,Add Tech Support
1414-YADCW,11,Low,0.1053,70,Two year,Fiber optic,84.6,Relationship check-in
5183-KLYEM,11,Low,0.1053,72,Two year,Fiber optic,112.75,Relationship check-in
3230-IUALN,11,Low,0.1053,45,Two year,DSL,81.0,Move to automatic payment
3275-RHRNE,11,Low,0.105,28,One year,DSL,60.0,Add Online Security (incentive)
8007-YYPWD,11,Low,0.105,15,Two year,No,25.05,Relationship check-in
8084-OIVBS,10,Low,0.1049,11,One year,No,20.0,Move to automatic payment
0516-OOHAR,10,Low,0.1048,28,One year,Fiber optic,100.35,Add Online Security (incentive); Add Tech Support
5197-PYEPU,10,Low,0.1048,42,One year,Fiber optic,94.45,Add Tech Support
1297-VQDRP,10,Low,0.1046,68,One year,Fiber optic,107.15,Add Online Security (incentive)
6584-VQMYT,10,Low,0.1046,27,One year,DSL,56.2,Add Tech Support; Move to automatic payment
5820-PTRYM,10,Low,0.1045,56,One year,DSL,68.45,Relationship check-in
3251-YMVWZ,10,Low,0.1045,53,One year,No,24.05,Relationship check-in
6994-FGRHH,10,Low,0.1043,70,One year,Fiber optic,106.15,Add Online Security (incentive); Move to automatic payment
2863-IMQDR,10,Low,0.1043,61,Two year,DSL,89.65,Move to automatic payment
8208-EUMTE,10,Low,0.1041,16,Two year,DSL,54.85,Move to automatic payment
5446-DKWYW,10,Low,0.1041,61,One year,DSL,65.2,Add Online Security (incentive); Add Tech Support
9495-REDIY,10,Low,0.104,25,One year,DSL,40.65,Add Tech Support
6691-CCIHA,10,Low,0.104,62,Two year,DSL,84.95,Move to automatic payment
6248-TKCQV,10,Low,0.1039,70,Two year,DSL,80.6,Relationship check-in
9978-HYCIN,10,Low,0.1038,47,One year,Fiber optic,84.95,Add Online Security (incentive); Add Tech Support
5702-KVQRD,10,Low,0.1037,71,Two year,DSL,82.55,Move to automatic payment
2239-CGBUZ,10,Low,0.1037,51,One year,DSL,60.5,Relationship check-in
7029-IJEJK,10,Low,0.1036,54,One year,DSL,44.1,Relationship check-in
7544-ZVIKX,10,Low,0.1035,58,One year,Fiber optic,105.05,Add Online Security (incentive)
9717-IOAAF,10,Low,0.1034,27,Two year,No,25.85,Relationship check-in
2649-HWLYB,10,Low,0.1034,65,Two year,DSL,76.15,Relationship check-in
1431-CYWMH,10,Low,0.1033,22,Month-to-month,No,19.05,Offer a term contract
2530-FMFXO,10,Low,0.1032,56,Two year,Fiber optic,103.2,Add Online Security (incentive); Move to automatic payment
1779-PWPMG,10,Low,0.103,72,Two year,Fiber optic,114.65,Relationship check-in
4342-HFXWS,10,Low,0.1027,48,One year,DSL,69.7,Relationship check-in
2898-MRKPI,10,Low,0.1026,68,One year,Fiber optic,101.05,Add Online Security (incentive); Add Tech Support
0218-QNVAS,10,Low,0.1025,71,One year,Fiber optic,100.55,Add Online Security (incentive); Add Tech Support
5642-MHDQT,10,Low,0.1024,53,One year,No,19.85,Relationship check-in
1038-RQOST,10,Low,0.1023,19,Month-to-month,No,20.6,Offer a term contract; Move to automatic payment
4664-NJCMS,10,Low,0.1021,33,Two year,DSL,59.55,Relationship check-in
0052-YNYOT,10,Low,0.102,67,One year,No,20.55,Move to automatic payment
4213-HKBJO,10,Low,0.102,33,Two year,No,25.7,Relationship check-in
2121-JAFOM,10,Low,0.1019,72,Two year,Fiber optic,115.55,Relationship check-in
7173-TETGO,10,Low,0.1018,72,Two year,Fiber optic,78.5,Add Tech Support
6617-WLBQC,10,Low,0.1017,23,One year,Fiber optic,81.85,Add Tech Support
2164-SOQXL,10,Low,0.1015,20,Month-to-month,No,20.05,Offer a term contract; Move to automatic payment
0835-DUUIQ,10,Low,0.1013,24,One year,No,21.05,Relationship check-in
7817-OMJNA,10,Low,0.1012,14,One year,No,20.4,Relationship check-in
0916-KNFAJ,10,Low,0.1012,61,Two year,DSL,69.9,Add Tech Support; Move to automatic payment
6674-KVJHG,10,Low,0.1008,11,One year,No,25.2,Move to automatic payment
1729-VLAZJ,10,Low,0.1007,10,One year,DSL,40.25,Move to automatic payment
2907-ILJBN,10,Low,0.1006,11,One year,No,20.6,Move to automatic payment
2519-TWKFS,10,Low,0.1005,25,One year,DSL,55.1,Add Online Security (incentive); Move to automatic payment
4291-YZODP,10,Low,0.1002,7,One year,No,20.05,Move to automatic payment
3865-YIOTT,10,Low,0.1,72,One year,Fiber optic,106.1,Add Tech Support
9073-ZZIAY,10,Low,0.0997,62,Two year,DSL,86.1,Move to automatic payment
6437-UDQJM,10,Low,0.0997,72,Two year,DSL,84.1,Add Tech Support
1448-CYWKC,10,Low,0.0997,58,One year,Fiber optic,105.2,Add Online Security (incentive); Add Tech Support
7956-XQWGU,10,Low,0.0997,27,Month-to-month,No,19.4,Offer a term contract
1699-UOTXU,10,Low,0.0996,60,Two year,DSL,61.4,Add Tech Support; Move to automatic payment
6120-RJKLU,10,Low,0.0996,62,Two year,DSL,79.95,Relationship check-in
8587-XYZSF,10,Low,0.0996,67,Two year,DSL,50.55,Add Online Security (incentive)
3552-CTCYF,10,Low,0.0995,63,Two year,Fiber optic,104.8,Add Online Security (incentive); Add Tech Support
9419-IPPBE,10,Low,0.0993,51,One year,Fiber optic,90.15,Add Online Security (incentive); Add Tech Support
0455-ENTCR,10,Low,0.0993,66,Two year,DSL,85.25,Move to automatic payment
0048-PIHNL,10,Low,0.0993,49,One year,No,20.45,Relationship check-in
4827-LTQRJ,10,Low,0.0992,66,One year,Fiber optic,110.6,Relationship check-in
6778-EICRF,10,Low,0.0992,24,One year,DSL,74.8,Add Tech Support; Move to automatic payment
9489-DEDVP,10,Low,0.0991,70,Two year,DSL,69.2,Add Tech Support
2017-CCBLH,10,Low,0.0991,8,Two year,No,20.0,Move to automatic payment
3067-SVMTC,10,Low,0.0989,68,One year,DSL,55.9,Relationship check-in
8628-MFKAX,10,Low,0.0988,72,Two year,Fiber optic,116.75,Relationship check-in
3779-OSWCF,10,Low,0.0987,71,Two year,DSL,93.2,Relationship check-in
0121-SNYRK,10,Low,0.0986,50,One year,DSL,35.4,Move to automatic payment
9359-JANWS,10,Low,0.0985,65,Two year,DSL,58.9,Relationship check-in
3623-FQBOX,10,Low,0.0984,21,Month-to-month,No,19.95,Offer a term contract; Move to automatic payment
2030-BTZRO,10,Low,0.0981,6,Two year,No,20.4,Relationship check-in
9715-SBVSU,10,Low,0.098,14,Two year,DSL,61.4,Add Tech Support
7407-SUJIZ,10,Low,0.0977,25,Month-to-month,No,20.6,Offer a term contract; Move to automatic payment
3557-HTYWR,10,Low,0.0977,47,Two year,DSL,74.05,Move to automatic payment
4648-YPBTM,10,Low,0.0973,53,Two year,DSL,73.9,Add Online Security (incentive)
3638-WEABW,10,Low,0.0973,58,Two year,DSL,59.9,Add Online Security (incentive)
8400-WZICQ,10,Low,0.0972,55,Month-to-month,DSL,55.7,Offer a term contract; Add Tech Support
7446-KQISO,10,Low,0.0972,45,Two year,Fiber optic,109.75,Add Online Security (incentive)
6339-RZCBJ,10,Low,0.0971,48,Two year,DSL,78.9,Add Online Security (incentive)
6574-MCOEH,10,Low,0.0969,33,One year,DSL,79.15,Add Online Security (incentive); Move to automatic payment
0967-BMLBD,10,Low,0.0968,11,One year,No,20.0,Move to automatic payment
4849-PYRLQ,10,Low,0.0967,56,Two year,DSL,73.25,Relationship check-in
0036-IHMOT,10,Low,0.0967,55,One year,Fiber optic,103.7,Add Online Security (incentive)
1442-OKRJE,10,Low,0.0966,66,One year,Fiber optic,103.15,Add Tech Support
4568-KNYWR,10,Low,0.0966,52,Two year,DSL,63.25,Add Tech Support
5313-FPXWG,10,Low,0.0965,51,One year,No,24.6,Relationship check-in
4188-PCPIG,10,Low,0.0965,57,Two year,DSL,70.35,Relationship check-in
0795-LAFGP,10,Low,0.0964,71,Two year,DSL,90.4,Move to automatic payment
2904-GGUAZ,10,Low,0.0963,72,Two year,Fiber optic,84.05,Add Tech Support
1093-YSWCA,10,Low,0.0961,11,Two year,No,19.55,Relationship check-in
8819-WFGGJ,10,Low,0.0961,68,Two year,DSL,54.1,Add Tech Support
7605-BDWDC,10,Low,0.096,31,Two year,DSL,49.85,Relationship check-in
6374-AFWOX,10,Low,0.096,46,Two year,DSL,65.65,Move to automatic payment
1429-UYJSV,10,Low,0.0959,12,One year,No,19.7,Move to automatic payment
0864-FVJNJ,10,Low,0.0959,64,One year,Fiber optic,113.35,Move to automatic payment
9451-WLYRI,10,Low,0.0957,53,One year,No,19.05,Relationship check-in
9931-DCEZH,10,Low,0.0957,28,One year,DSL,54.4,Add Online Security (incentive)
1042-HFUCW,10,Low,0.0955,25,One year,DSL,54.75,Add Online Security (incentive)
2056-EVGZL,10,Low,0.0954,68,One year,Fiber optic,105.75,Add Online Security (incentive)
8999-YPYBV,10,Low,0.0954,45,Two year,DSL,84.35,Move to automatic payment
3108-PCCGG,10,Low,0.0954,72,Two year,DSL,84.45,Add Tech Support
8681-ICONS,10,Low,0.0953,29,Month-to-month,No,20.65,Offer a term contract; Move to automatic payment
1952-DVVSW,10,Low,0.0953,10,One year,No,20.1,Move to automatic payment
9225-BZLNZ,10,Low,0.0953,72,Two year,DSL,85.25,Add Tech Support; Move to automatic payment
0023-UYUPN,10,Low,0.0952,50,One year,No,25.2,Move to automatic payment
0020-JDNXP,10,Low,0.0952,34,One year,DSL,61.25,Move to automatic payment
6161-ERDGD,10,Low,0.0951,71,One year,DSL,85.45,Move to automatic payment
1972-XMUWV,10,Low,0.0951,65,Two year,DSL,59.8,Add Online Security (incentive)
0731-EBJQB,9,Low,0.095,52,One year,No,20.4,Move to automatic payment
6061-GWWAV,10,Low,0.095,41,One year,DSL,70.2,Add Tech Support; Move to automatic payment
7349-ALMUX,9,Low,0.0949,37,Two year,DSL,65.6,Relationship check-in
5656-MJEFC,9,Low,0.0947,42,Two year,DSL,48.15,Relationship check-in
1301-LOPVR,9,Low,0.0947,29,One year,DSL,55.35,Relationship check-in
7860-KSUGX,9,Low,0.0946,72,Two year,DSL,64.45,Add Tech Support
7940-UQQUG,9,Low,0.0945,64,One year,Fiber optic,104.4,Relationship check-in
3891-NLXJB,9,Low,0.0944,37,Two year,DSL,40.55,Move to automatic payment
3530-VWVGU,9,Low,0.0943,22,Month-to-month,No,19.9,Offer a term contract; Move to automatic payment
1470-PSXNM,9,Low,0.0942,49,One year,Fiber optic,93.65,Add Online Security (incentive); Add Tech Support
0519-DRGTI,9,Low,0.0941,20,Month-to-month,No,20.35,Offer a term contract; Move to automatic payment
9174-IHETN,9,Low,0.094,50,Two year,Fiber optic,70.35,Add Online Security (incentive); Add Tech Support
9102-OXKFY,9,Low,0.0938,59,Two year,DSL,54.15,Add Online Security (incentive); Add Tech Support
7639-LIAYI,9,Low,0.0938,52,Two year,DSL,79.75,Relationship check-in
4859-ZSRDZ,9,Low,0.0938,58,Two year,DSL,55.5,Add Online Security (incentive)
5312-IRCFR,9,Low,0.0937,64,One year,Fiber optic,92.85,Add Online Security (incentive); Add Tech Support
3298-QEICA,9,Low,0.0936,23,Two year,DSL,34.6,Move to automatic payment
0369-ZGOVK,9,Low,0.0935,28,One year,Fiber optic,70.4,Add Online Security (incentive); Add Tech Support
3566-CAAYU,9,Low,0.0934,64,Two year,DSL,49.85,Add Online Security (incentive); Move to automatic payment
8815-LMFLX,9,Low,0.0932,25,Month-to-month,No,25.4,Offer a term contract
1266-NZYUI,9,Low,0.0932,72,Two year,DSL,66.85,Relationship check-in
8859-AXJZP,9,Low,0.0931,39,Two year,No,23.8,Move to automatic payment
5376-PCKNB,9,Low,0.0931,72,One year,Fiber optic,104.45,Add Online Security (incentive); Add Tech Support
1535-VTJOQ,9,Low,0.0931,24,Two year,No,25.15,Relationship check-in
7182-OVLBJ,9,Low,0.0931,62,Two year,Fiber optic,101.15,Add Tech Support
2581-VKIRT,9,Low,0.093,59,One year,DSL,65.5,Move to automatic payment
1929-ZCBHE,9,Low,0.0929,47,One year,DSL,40.3,Move to automatic payment
7607-QKKTJ,9,Low,0.0929,45,One year,Fiber optic,95.0,Add Online Security (incentive); Add Tech Support
0980-FEXWF,9,Low,0.0928,26,One year,DSL,50.35,Add Online Security (incentive); Add Tech Support
1354-YZFNB,9,Low,0.0928,4,Two year,No,19.55,Relationship check-in
2606-PKWJB,9,Low,0.0927,40,One year,DSL,40.25,Move to automatic payment
1642-HMARX,9,Low,0.0925,68,Two year,DSL,91.7,Move to automatic payment
9742-XOKTS,9,Low,0.0925,67,One year,Fiber optic,89.55,Move to automatic payment
0829-DDVLK,9,Low,0.0924,15,One year,No,20.1,Relationship check-in
0580-PIQHM,9,Low,0.0924,41,One year,Fiber optic,101.6,Add Tech Support
9705-ZJBCG,9,Low,0.0924,13,One year,DSL,54.15,Relationship check-in
3239-TPHPZ,9,Low,0.0923,12,Two year,No,20.05,Move to automatic payment
3324-OIRTO,9,Low,0.0922,71,One year,Fiber optic,104.65,Add Tech Support
5837-LXSDN,9,Low,0.0919,21,One year,DSL,58.85,Add Online Security (incentive); Add Tech Support
9715-WZCLW,9,Low,0.0918,71,Two year,Fiber optic,97.2,Add Tech Support; Move to automatic payment
4992-LTJNE,9,Low,0.0918,72,Two year,DSL,55.3,Add Tech Support
2234-XADUH,9,Low,0.0917,72,One year,Fiber optic,103.2,Add Online Security (incentive); Add Tech Support
9313-QOLTZ,9,Low,0.0915,26,Month-to-month,No,20.9,Offer a term contract; Move to automatic payment
7054-DMVAS,9,Low,0.0914,54,Two year,DSL,65.3,Add Tech Support
4837-PZTIC,9,Low,0.091,47,Two year,DSL,41.9,Move to automatic payment
6870-ZWMNX,9,Low,0.0907,70,Two year,DSL,76.1,Add Online Security (incentive)
2027-DNKIV,9,Low,0.0907,37,One year,DSL,58.75,Move to automatic payment
1389-WNUIB,9,Low,0.0907,20,One year,DSL,76.0,Add Tech Support
4311-QTTAI,9,Low,0.0906,16,One year,No,19.35,Relationship check-in
9695-IDRZR,9,Low,0.0903,34,Two year,Fiber optic,116.15,Relationship check-in
0572-ZJKLT,9,Low,0.0902,46,Two year,Fiber optic,99.65,Move to automatic payment
1017-FBQMM,9,Low,0.0901,62,One year,Fiber optic,106.05,Add Online Security (incentive)
1131-SUEKT,9,Low,0.09,61,One year,Fiber optic,98.45,Add Online Security (incentive)
0604-THJFP,9,Low,0.09,59,Two year,DSL,75.95,Add Online Security (incentive)
0744-GKNGE,9,Low,0.0899,64,Month-to-month,Fiber optic,86.8,Offer a term contract
3546-GHEAE,9,Low,0.0898,7,Two year,No,19.45,Move to automatic payment
3146-MSEGF,9,Low,0.0898,72,Two year,DSL,88.05,Relationship check-in
1407-DIGZV,9,Low,0.0897,3,Two year,No,19.1,Move to automatic payment
6681-ZSEXG,9,Low,0.0896,56,Two year,DSL,59.5,Add Online Security (incentive); Add Tech Support
2541-YGPKE,9,Low,0.0894,42,One year,DSL,63.7,Relationship check-in
9500-WBGRP,9,Low,0.0894,69,Two year,No,19.1,Move to automatic payment
5248-KWLAR,9,Low,0.0893,71,Two year,DSL,90.35,Move to automatic payment
8565-WUXZU,9,Low,0.0892,72,Two year,Fiber optic,84.8,Relationship check-in
0459-SPZHJ,9,Low,0.0892,63,Two year,DSL,83.5,Add Tech Support
3646-ITDGM,9,Low,0.089,56,Two year,No,19.7,Relationship check-in
6288-CHQJB,9,Low,0.089,54,Two year,DSL,69.95,Relationship check-in
6840-RESVB,9,Low,0.089,24,One year,DSL,84.8,Move to automatic payment
6556-DBKZF,9,Low,0.0888,71,Two year,Fiber optic,76.05,Add Online Security (incentive); Add Tech Support
6064-PUPMC,9,Low,0.0888,23,One year,DSL,57.2,Relationship check-in
1839-UMACK,9,Low,0.0886,42,One year,No,25.05,Move to automatic payment
8213-TAZPM,9,Low,0.0883,69,One year,Fiber optic,108.75,Add Online Security (incentive)
7168-HDQHG,9,Low,0.0882,36,Month-to-month,No,19.2,Offer a term contract
2252-NKNSI,9,Low,0.0881,52,Two year,DSL,85.15,Move to automatic payment
6963-EZQEE,9,Low,0.088,70,Two year,DSL,88.55,Relationship check-in
8345-MVDYC,9,Low,0.0878,45,Two year,DSL,81.65,Relationship check-in
8958-JPTRR,9,Low,0.0878,56,One year,No,24.3,Move to automatic payment
3533-UVMOM,9,Low,0.0877,68,Two year,DSL,70.95,Add Tech Support
1178-PZGAB,9,Low,0.0876,19,One year,No,20.25,Relationship check-in
9313-CDOGY,9,Low,0.0873,38,Month-to-month,No,19.6,Offer a term contract; Move to automatic payment
9674-EHPPG,9,Low,0.0873,46,Two year,DSL,40.4,Relationship check-in
6434-TTGJP,9,Low,0.0872,10,Two year,DSL,53.7,Relationship check-in
4531-AUZNK,9,Low,0.0872,51,One year,Fiber optic,95.15,Move to automatic payment
7197-VOJMM,9,Low,0.087,67,Two year,DSL,69.2,Relationship check-in
3082-WQRVY,9,Low,0.0869,14,One year,No,19.65,Move to automatic payment
8461-EFQYM,9,Low,0.0869,38,One year,No,24.25,Move to automatic payment
0191-EQUUH,9,Low,0.0867,25,Two year,DSL,35.05,Relationship check-in
3026-ATZYV,9,Low,0.0863,37,One year,DSL,75.1,Add Tech Support
6048-NJXHX,9,Low,0.0862,41,Two year,No,19.75,Move to automatic payment
0707-HOVVN,9,Low,0.0862,70,Two year,DSL,75.5,Add Online Security (incentive)
7401-JIXNM,9,Low,0.0861,54,Two year,DSL,91.3,Relationship check-in
3500-NSDOA,9,Low,0.0858,68,Two year,DSL,70.8,Add Online Security (incentive)
2877-VDUER,9,Low,0.0858,35,One year,DSL,40.9,Add Online Security (incentive); Move to automatic payment
3547-LQRIK,9,Low,0.0857,47,One year,No,26.9,Move to automatic payment
4702-HDRKD,9,Low,0.0856,67,One year,DSL,49.35,Relationship check-in
6693-DJWTY,9,Low,0.0854,35,One year,DSL,55.6,Add Tech Support
2296-DKZFP,9,Low,0.0854,65,Two year,DSL,71.0,Add Tech Support
5227-JSCFE,8,Low,0.0849,71,Two year,DSL,46.35,Relationship check-in
0357-NVCRI,8,Low,0.0848,25,Month-to-month,No,20.05,Offer a term contract
0679-TDGAK,8,Low,0.0848,50,One year,DSL,75.5,Move to automatic payment
9030-QGZNL,8,Low,0.0847,8,Two year,No,20.85,Move to automatic payment
3617-XLSGQ,8,Low,0.0847,66,Two year,Fiber optic,109.25,Add Tech Support
6103-LIANB,8,Low,0.0846,59,Two year,Fiber optic,99.5,Add Online Security (incentive); Add Tech Support
0689-DSXGL,8,Low,0.0844,52,Month-to-month,Fiber optic,85.8,Offer a term contract; Add Online Security (incentive)
9891-NQDBD,8,Low,0.0843,28,One year,No,25.55,Move to automatic payment
0771-CHWSK,8,Low,0.0843,66,Two year,DSL,74.6,Add Tech Support
2171-UDMFD,8,Low,0.0839,32,Month-to-month,No,19.45,Offer a term contract
3363-DTIVD,8,Low,0.0839,71,Two year,Fiber optic,105.55,Add Tech Support; Move to automatic payment
8050-DVOJX,8,Low,0.0839,49,Two year,DSL,81.35,Relationship check-in
1096-ADRUX,8,Low,0.0839,66,One year,Fiber optic,74.25,Add Online Security (incentive); Add Tech Support
6586-MYGKD,8,Low,0.0836,70,Two year,DSL,76.95,Relationship check-in
5130-YPIRV,8,Low,0.0836,62,Two year,DSL,72.0,Add Tech Support
1298-PHBTI,8,Low,0.0835,71,Two year,Fiber optic,84.8,Add Online Security (incentive); Move to automatic payment
5442-BXVND,8,Low,0.0835,33,Month-to-month,No,24.25,Offer a term contract
9184-GALIL,8,Low,0.0835,38,Month-to-month,No,20.45,Offer a term contract; Move to automatic payment
8845-LWKGE,8,Low,0.0835,30,One year,DSL,64.5,Add Online Security (incentive); Move to automatic payment
3315-IKYZQ,8,Low,0.0834,28,One year,DSL,50.8,Move to automatic payment
5566-SOEZD,8,Low,0.0833,27,One year,Fiber optic,80.65,Add Tech Support
0979-MOZQI,8,Low,0.0832,62,Two year,DSL,39.0,Add Online Security (incentive)
3796-ENZGF,8,Low,0.0832,63,Two year,DSL,67.25,Add Online Security (incentive); Move to automatic payment
5269-NRGDP,8,Low,0.0832,42,One year,DSL,73.15,Add Online Security (incentive); Move to automatic payment
9467-ROOLM,8,Low,0.0831,25,Month-to-month,No,19.05,Offer a term contract; Move to automatic payment
2845-KDHVX,8,Low,0.0831,64,Two year,DSL,68.3,Add Online Security (incentive); Move to automatic payment
5993-BQHEA,8,Low,0.0829,12,One year,No,20.05,Relationship check-in
7503-MIOGA,8,Low,0.0827,72,Two year,DSL,89.85,Relationship check-in
8232-CTLKO,8,Low,0.0824,66,Two year,DSL,59.75,Add Tech Support; Move to automatic payment
4312-GVYNH,8,Low,0.0824,70,Two year,DSL,49.85,Relationship check-in
5306-BVTKJ,8,Low,0.0822,48,One year,DSL,55.8,Add Online Security (incentive); Add Tech Support
3766-EJLFL,8,Low,0.0822,68,Two year,Fiber optic,109.05,Relationship check-in
0379-DJQHR,8,Low,0.0821,67,Two year,DSL,81.35,Add Tech Support
4423-JWZJN,8,Low,0.082,64,One year,Fiber optic,90.25,Add Online Security (incentive); Add Tech Support
6016-LVTJQ,8,Low,0.082,34,Month-to-month,No,20.65,Offer a term contract; Move to automatic payment
7337-CINUD,8,Low,0.0818,8,Two year,No,19.5,Relationship check-in
6242-SGYTS,8,Low,0.0816,62,One year,Fiber optic,94.95,Add Tech Support
5975-BAICR,8,Low,0.0816,36,One year,DSL,63.7,Add Tech Support
5614-DNZCE,8,Low,0.0815,58,Two year,DSL,64.9,Relationship check-in
5736-YEJAX,8,Low,0.0815,69,Two year,DSL,79.45,Relationship check-in
4163-NCJAK,8,Low,0.0814,46,One year,No,24.45,Relationship check-in
0428-AXXLJ,8,Low,0.0814,25,One year,No,19.5,Relationship check-in
8595-SIZNC,8,Low,0.0813,22,One year,No,25.6,Relationship check-in
0960-HUWBM,8,Low,0.0812,65,Two year,Fiber optic,104.1,Add Online Security (incentive)
8205-VSLRB,8,Low,0.0811,70,Two year,DSL,77.3,Relationship check-in
6814-ZPWFQ,8,Low,0.081,51,One year,No,25.0,Relationship check-in
7520-HQWJU,8,Low,0.0809,66,Month-to-month,DSL,67.45,Offer a term contract; Add Tech Support
8338-QIUNR,8,Low,0.0808,72,Two year,DSL,66.5,Relationship check-in
2830-LEWOA,8,Low,0.0804,61,One year,Fiber optic,103.9,Add Online Security (incentive)
1573-LGXBA,8,Low,0.0801,57,One year,Fiber optic,97.55,Add Online Security (incentive); Add Tech Support
4940-KHCWD,8,Low,0.0797,60,Two year,DSL,37.7,Relationship check-in
2387-KDZQY,8,Low,0.0794,17,One year,No,20.1,Move to automatic payment
1265-BCFEO,8,Low,0.0794,71,Two year,DSL,80.45,Add Online Security (incentive)
3648-GZPHF,8,Low,0.0794,32,One year,DSL,36.25,Add Online Security (incentive); Move to automatic payment
0420-TXVSG,8,Low,0.0792,66,Two year,DSL,66.1,Add Tech Support
3795-GWTRD,8,Low,0.0792,63,Two year,DSL,75.55,Relationship check-in
9764-REAFF,8,Low,0.0792,59,Two year,No,18.4,Relationship check-in
8042-RNLKO,8,Low,0.0792,66,One year,No,25.45,Relationship check-in
4717-GHADL,8,Low,0.0791,50,Two year,DSL,79.6,Add Online Security (incentive); Move to automatic payment
6616-AALSR,8,Low,0.0791,65,Two year,Fiber optic,104.3,Add Tech Support
9993-LHIEB,8,Low,0.0791,67,Two year,DSL,67.85,Move to automatic payment
6625-IUTTT,8,Low,0.0791,67,Two year,DSL,65.55,Add Tech Support
3752-CQSJI,8,Low,0.0791,13,Month-to-month,No,20.45,Offer a term contract; Move to automatic payment
3022-BEXHZ,8,Low,0.0791,67,Two year,Fiber optic,111.2,Add Online Security (incentive)
8099-MZPUJ,8,Low,0.079,48,Two year,Fiber optic,111.8,Relationship check-in
7765-LWVVH,8,Low,0.0788,72,Two year,Fiber optic,95.1,Add Tech Support; Move to automatic payment
9732-OUYRN,8,Low,0.0788,49,One year,No,19.0,Relationship check-in
6047-SUHPR,8,Low,0.0787,39,One year,DSL,59.8,Add Tech Support; Move to automatic payment
8590-YFFQO,8,Low,0.0787,70,Two year,DSL,64.95,Relationship check-in
0440-EKDCF,8,Low,0.0786,62,Two year,DSL,60.15,Add Online Security (incentive)
9402-ROUMJ,8,Low,0.0786,67,One year,Fiber optic,100.25,Relationship check-in
0383-CLDDA,8,Low,0.0786,69,Two year,DSL,85.35,Relationship check-in
0487-CRLZF,8,Low,0.0785,49,Two year,DSL,74.45,Add Online Security (incentive)
5676-CFLYY,8,Low,0.0785,71,Two year,DSL,73.35,Add Online Security (incentive)
8417-GSODA,8,Low,0.0784,28,One year,Fiber optic,92.2,Add Online Security (incentive); Add Tech Support
6506-EYCNH,8,Low,0.0784,28,Month-to-month,No,19.55,Offer a term contract
2927-CVULT,8,Low,0.0783,53,Two year,Fiber optic,104.05,Relationship check-in
9755-JHNMN,8,Low,0.0781,49,Two year,DSL,67.4,Relationship check-in
2123-VSCOT,8,Low,0.0779,59,Two year,DSL,72.1,Add Online Security (incentive)
4451-RWASJ,8,Low,0.0778,15,One year,No,19.5,Move to automatic payment
8234-GSZYK,8,Low,0.0775,43,Two year,No,26.45,Relationship check-in
8332-OSJDW,8,Low,0.0773,12,One year,No,26.4,Move to automatic payment
1970-KKFWL,8,Low,0.0773,35,Two year,No,23.3,Relationship check-in
4636-OLWOE,8,Low,0.0772,54,One year,DSL,61.0,Add Online Security (incentive); Move to automatic payment
9499-XPZXM,8,Low,0.0772,72,Two year,DSL,64.75,Relationship check-in
5846-NEQVZ,8,Low,0.0769,71,Two year,DSL,70.85,Relationship check-in
3441-CGZJH,8,Low,0.0769,43,One year,DSL,60.4,Relationship check-in
2592-HODOV,8,Low,0.0767,13,One year,No,19.3,Relationship check-in
2987-BJXIK,8,Low,0.0767,70,Two year,DSL,84.7,Add Tech Support; Move to automatic payment
0674-GCDXG,8,Low,0.0766,63,Two year,DSL,71.9,Relationship check-in
4654-ULTTN,8,Low,0.0765,70,Two year,DSL,74.8,Relationship check-in
7469-LKBCI,8,Low,0.0764,16,Two year,No,18.95,Relationship check-in
4980-URKXC,8,Low,0.0764,36,One year,No,20.85,Relationship check-in
8465-SBRXP,8,Low,0.076,38,Two year,Fiber optic,94.9,Add Online Security (incentive)
2703-AMTUL,8,Low,0.076,36,One year,DSL,53.65,Add Tech Support; Move to automatic payment
3084-DOWLE,8,Low,0.0759,72,Two year,DSL,92.0,Relationship check-in
5472-CVMDX,8,Low,0.0758,68,Two year,DSL,38.9,Move to automatic payment
3572-UUHRS,8,Low,0.0757,45,One year,No,18.85,Relationship check-in
1051-EQPZR,8,Low,0.0756,44,Month-to-month,No,19.6,Offer a term contract; Move to automatic payment
8746-BFOAJ,8,Low,0.0756,21,One year,No,20.5,Relationship check-in
1221-GHZEP,8,Low,0.0756,62,Two year,DSL,65.1,Move to automatic payment
8242-PDSGJ,8,Low,0.0756,70,Two year,DSL,39.15,Relationship check-in
3813-DHBBB,8,Low,0.0756,67,Two year,DSL,50.95,Relationship check-in
0020-INWCK,8,Low,0.0754,71,Two year,Fiber optic,95.75,Add Online Security (incentive); Add Tech Support
3850-OKINF,8,Low,0.0754,71,One year,DSL,66.2,Add Tech Support; Move to automatic payment
2332-TODQS,8,Low,0.0753,48,One year,No,25.05,Relationship check-in
9565-FLVCG,8,Low,0.0753,65,Two year,DSL,69.55,Add Tech Support; Move to automatic payment
7596-ZYWBB,8,Low,0.0752,65,Two year,DSL,59.6,Move to automatic payment
2790-XUYMV,8,Low,0.0752,71,One year,Fiber optic,85.45,Add Tech Support
9766-HGEDE,8,Low,0.0751,17,One year,No,19.35,Move to automatic payment
1163-VIPRI,8,Low,0.075,65,Two year,Fiber optic,109.3,Move to automatic payment
1371-OJCEK,7,Low,0.075,48,One year,No,24.35,Relationship check-in
6732-VAILE,7,Low,0.0749,70,Two year,DSL,85.95,Add Online Security (incentive)
4526-EXKKN,7,Low,0.0748,40,Two year,No,24.6,Move to automatic payment
8859-YSTWS,7,Low,0.0748,48,One year,No,19.95,Relationship check-in
4378-MYPGO,7,Low,0.0745,68,Two year,Fiber optic,105.25,Add Tech Support
1345-ZUKID,7,Low,0.0744,14,One year,No,19.35,Move to automatic payment
9138-EFSMO,7,Low,0.0744,26,One year,Fiber optic,78.95,Add Online Security (incentive); Add Tech Support
4378-BZYFP,7,Low,0.0742,17,One year,No,20.5,Move to automatic payment
8328-SKJNO,7,Low,0.0741,23,One year,DSL,40.65,Relationship check-in
5260-UMPWX,7,Low,0.0741,26,Month-to-month,No,20.25,Offer a term contract
1302-TPUBN,7,Low,0.074,66,Two year,No,19.35,Relationship check-in
3429-IFLEM,7,Low,0.0739,71,Two year,DSL,77.35,Relationship check-in
4737-AQCPU,7,Low,0.0736,72,Two year,DSL,72.1,Relationship check-in
1036-GUDCL,7,Low,0.0736,60,Month-to-month,DSL,79.05,Offer a term contract
6980-CDGFC,7,Low,0.0736,67,One year,No,20.85,Relationship check-in
5915-ANOEI,7,Low,0.0735,70,Two year,DSL,79.15,Move to automatic payment
0784-GTUUK,7,Low,0.0735,62,One year,No,23.75,Relationship check-in
6598-KELSS,7,Low,0.0735,50,One year,DSL,43.05,Add Tech Support
2525-GVKQU,7,Low,0.0734,60,Two year,No,20.6,Move to automatic payment
2706-QZIHY,7,Low,0.0734,15,Two year,No,25.2,Move to automatic payment
9702-AIUJO,7,Low,0.0733,50,One year,DSL,44.8,Add Online Security (incentive); Add Tech Support
2235-EZAIK,7,Low,0.0732,72,Two year,DSL,79.2,Relationship check-in
4616-ULAOA,7,Low,0.0731,65,Two year,Fiber optic,110.8,Add Online Security (incentive)
8259-DZLIZ,7,Low,0.073,64,One year,DSL,53.85,Add Online Security (incentive); Add Tech Support
3719-TDVQB,7,Low,0.073,54,Two year,No,18.95,Move to automatic payment
7432-FFVAR,7,Low,0.0729,46,One year,Fiber optic,90.95,Add Online Security (incentive)
6119-SPUDB,7,Low,0.0729,46,Two year,DSL,38.25,Move to automatic payment
9805-FILKB,7,Low,0.0728,46,One year,No,20.2,Relationship check-in
2150-OEGBV,7,Low,0.0728,27,One year,No,20.1,Relationship check-in
5578-NKCXI,7,Low,0.0727,58,One year,Fiber optic,99.25,Add Tech Support
8388-DMKAE,7,Low,0.0726,8,Two year,No,20.25,Move to automatic payment
9477-LGWQI,7,Low,0.0726,70,Two year,DSL,80.15,Add Tech Support
0530-IJVDB,7,Low,0.0726,70,Two year,Fiber optic,114.6,Move to automatic payment
5312-TSZVC,7,Low,0.0725,15,One year,No,19.65,Move to automatic payment
8592-PLTMQ,7,Low,0.0725,64,One year,No,24.7,Move to automatic payment
2324-AALNO,7,Low,0.0724,48,One year,No,24.55,Relationship check-in
4815-YOSUK,7,Low,0.0723,72,One year,Fiber optic,104.9,Relationship check-in
4086-ATNFV,7,Low,0.0721,34,One year,DSL,60.8,Add Tech Support; Move to automatic payment
7138-GIRSH,7,Low,0.0721,50,Two year,DSL,69.5,Add Online Security (incentive)
8780-YRMTT,7,Low,0.0721,66,Two year,DSL,47.4,Move to automatic payment
7665-VIGUD,7,Low,0.072,10,One year,No,20.35,Move to automatic payment
7771-CFQRQ,7,Low,0.0719,47,Two year,DSL,63.8,Add Online Security (incentive)
6292-TOSSS,7,Low,0.0719,50,Two year,No,24.9,Relationship check-in
5073-RZGBK,7,Low,0.0719,50,One year,DSL,80.05,Relationship check-in
6463-MVYRY,7,Low,0.0719,57,Two year,DSL,69.85,Relationship check-in
4994-OBRSZ,7,Low,0.0718,14,Two year,DSL,76.1,Relationship check-in
7781-EWARA,7,Low,0.0718,70,One year,DSL,60.35,Add Online Security (incentive); Move to automatic payment
8561-NMTBD,7,Low,0.0718,67,One year,Fiber optic,112.35,Add Online Security (incentive)
8760-ZRHKE,7,Low,0.0717,71,One year,DSL,69.2,Add Tech Support; Move to automatic payment
6695-FRVEC,7,Low,0.0716,67,Two year,DSL,60.4,Relationship check-in
4537-CIBHB,7,Low,0.0715,9,One year,No,20.25,Move to automatic payment
6765-MBQNU,7,Low,0.0715,26,One year,No,26.0,Move to automatic payment
5451-MHQOF,7,Low,0.0715,56,One year,No,24.45,Move to automatic payment
6729-FZWSY,7,Low,0.0715,67,One year,No,19.45,Move to automatic payment
4425-OWHWB,7,Low,0.0715,20,One year,No,19.35,Relationship check-in
9297-FVVDH,7,Low,0.0714,57,Two year,DSL,84.5,Move to automatic payment
1222-KJNZD,7,Low,0.0713,40,Month-to-month,No,20.4,Offer a term contract
5456-ITGIC,7,Low,0.0713,72,Two year,DSL,64.45,Relationship check-in
0895-LNKRC,7,Low,0.0712,6,One year,No,19.45,Move to automatic payment
7279-NMVJC,7,Low,0.0712,17,One year,No,19.9,Relationship check-in
6551-ZCOTS,7,Low,0.0711,33,One year,No,24.9,Relationship check-in
2088-IEBAU,7,Low,0.071,68,Two year,DSL,88.15,Move to automatic payment
5153-LXKDT,7,Low,0.0709,68,Two year,Fiber optic,110.2,Add Tech Support; Move to automatic payment
6848-YLDFR,7,Low,0.0708,58,One year,DSL,75.2,Add Online Security (incentive)
1568-LJSZU,7,Low,0.0708,68,Two year,DSL,92.2,Relationship check-in
5150-LJNSR,7,Low,0.0707,31,One year,Fiber optic,98.05,Add Tech Support
9046-JBFWA,7,Low,0.0707,27,Month-to-month,No,19.15,Offer a term contract; Move to automatic payment
5176-OLSKT,7,Low,0.0707,66,Two year,DSL,66.9,Add Tech Support
8039-ACLPL,7,Low,0.0707,72,Two year,DSL,68.75,Add Tech Support
4000-VGMQP,7,Low,0.0707,38,One year,DSL,78.95,Add Online Security (incentive); Add Tech Support
1194-BHJYC,7,Low,0.0706,61,Two year,DSL,62.15,Move to automatic payment
9091-WTUUY,7,Low,0.0703,64,Two year,DSL,69.25,Move to automatic payment
6993-YCOBK,7,Low,0.0702,60,Two year,Fiber optic,110.6,Move to automatic payment
3170-NMYVV,7,Low,0.0702,50,Two year,No,20.15,Relationship check-in
0754-EEBDC,7,Low,0.0702,4,Two year,No,19.9,Move to automatic payment
4359-INNWN,7,Low,0.0701,17,One year,No,20.05,Relationship check-in
8707-HOEDG,7,Low,0.0701,70,Two year,Fiber optic,110.2,Add Online Security (incentive); Move to automatic payment
4782-OSFXZ,7,Low,0.07,71,Two year,DSL,82.7,Relationship check-in
7277-KAMWT,7,Low,0.07,13,Two year,No,20.0,Relationship check-in
5681-LLOEI,7,Low,0.0699,43,One year,Fiber optic,91.25,Relationship check-in
5593-SUAOO,7,Low,0.0699,24,One year,Fiber optic,83.15,Add Online Security (incentive); Add Tech Support
5310-NOOVA,7,Low,0.0697,46,Two year,No,19.95,Move to automatic payment
9938-TKDGL,7,Low,0.0697,68,Two year,Fiber optic,99.55,Move to automatic payment
5781-RFZRP,7,Low,0.0692,71,Two year,DSL,73.5,Relationship check-in
3976-HXHCE,7,Low,0.0692,72,Two year,No,19.3,Relationship check-in
4774-HHGGS,7,Low,0.0691,30,Two year,No,19.05,Move to automatic payment
1022-RKXDR,7,Low,0.0691,41,One year,No,24.85,Move to automatic payment
6481-LXPWL,7,Low,0.069,56,One year,DSL,36.1,Add Online Security (incentive); Add Tech Support
6010-DDPPW,7,Low,0.0689,70,Two year,No,25.15,Relationship check-in
8430-TWCBX,7,Low,0.0688,49,One year,No,20.7,Relationship check-in
6147-CBCRA,7,Low,0.0688,33,Month-to-month,No,20.05,Offer a term contract; Move to automatic payment
5055-BRMNE,7,Low,0.0688,67,Two year,Fiber optic,106.7,Relationship check-in
0559-CKHUS,7,Low,0.0688,29,Two year,No,19.55,Move to automatic payment
7706-YLMQA,7,Low,0.0688,70,One year,No,19.7,Relationship check-in
4355-CVPVS,7,Low,0.0688,56,One year,Fiber optic,88.9,Add Online Security (incentive); Add Tech Support
0266-CLZKZ,7,Low,0.0687,67,Two year,Fiber optic,105.65,Add Online Security (incentive)
3935-TBRZZ,7,Low,0.0687,44,One year,No,25.7,Move to automatic payment
5730-DBDSI,7,Low,0.0687,66,Two year,No,19.7,Relationship check-in
8480-PPONV,7,Low,0.0687,62,Two year,Fiber optic,115.55,Relationship check-in
2040-LDIWQ,7,Low,0.0686,65,Two year,DSL,84.2,Add Online Security (incentive)
0064-SUDOG,7,Low,0.0685,12,Two year,No,20.3,Relationship check-in
8619-IJNDK,7,Low,0.0684,71,Two year,DSL,64.05,Relationship check-in
6974-DAFLI,7,Low,0.0683,55,One year,No,19.7,Move to automatic payment
4295-YURET,7,Low,0.0682,56,Two year,DSL,72.6,Relationship check-in
0343-QLUZP,7,Low,0.0682,60,Two year,DSL,39.6,Add Tech Support
4877-TSOFF,7,Low,0.0682,55,One year,DSL,75.75,Relationship check-in
6169-PGNCD,7,Low,0.0682,57,Two year,DSL,74.3,Relationship check-in
6223-DHJGV,7,Low,0.0682,42,One year,No,20.65,Move to automatic payment
6522-OIQSX,7,Low,0.0682,69,Two year,DSL,54.95,Add Online Security (incentive); Add Tech Support
4419-UJMUS,7,Low,0.0682,69,Two year,Fiber optic,99.35,Add Online Security (incentive); Move to automatic payment
5075-JSDKI,7,Low,0.0679,59,Two year,No,24.45,Move to automatic payment
7061-OVMIM,7,Low,0.0679,30,One year,No,19.55,Relationship check-in
6933-VLYFX,7,Low,0.0679,31,One year,DSL,59.95,Move to automatic payment
4521-WFJAI,7,Low,0.0678,56,Two year,No,25.95,Relationship check-in
5993-JSUWV,7,Low,0.0678,66,Two year,DSL,61.15,Add Tech Support
0078-XZMHT,7,Low,0.0677,72,Two year,DSL,85.15,Add Online Security (incentive)
0661-KBKPA,7,Low,0.0677,53,One year,DSL,78.75,Add Online Security (incentive); Move to automatic payment
2632-IVXVF,7,Low,0.0677,68,Two year,Fiber optic,111.75,Relationship check-in
2176-OSJUV,7,Low,0.0676,71,Two year,DSL,65.15,Relationship check-in
9110-HSGTV,7,Low,0.0676,69,Two year,DSL,82.45,Relationship check-in
7996-BPXHY,7,Low,0.0675,13,Two year,No,25.0,Relationship check-in
4012-YCFAI,7,Low,0.0675,60,Two year,DSL,61.35,Move to automatic payment
5062-CJJKH,7,Low,0.0675,25,One year,DSL,53.65,Add Online Security (incentive); Add Tech Support
9746-YKGXB,7,Low,0.0674,52,One year,DSL,44.25,Add Tech Support
2612-PHGOX,7,Low,0.0673,64,Two year,DSL,76.1,Add Online Security (incentive)
7501-IWUNG,7,Low,0.0673,61,Two year,DSL,73.8,Add Online Security (incentive)
7921-BEPCI,7,Low,0.0672,72,Two year,DSL,59.75,Add Tech Support
9385-NXKDA,7,Low,0.067,72,Two year,DSL,82.65,Add Tech Support
8076-FEZKJ,7,Low,0.067,10,One year,No,19.5,Move to automatic payment
0839-JTCUD,7,Low,0.0669,66,Two year,DSL,89.9,Relationship check-in
2277-AXSDC,7,Low,0.0668,32,One year,No,19.75,Relationship check-in
3938-YFPXD,7,Low,0.0667,72,Two year,DSL,84.3,Relationship check-in
1032-MAELW,7,Low,0.0667,68,One year,DSL,78.45,Move to automatic payment
5696-CEIQJ,7,Low,0.0666,67,Two year,Fiber optic,103.15,Add Online Security (incentive)
4114-QMKVN,7,Low,0.0665,56,One year,DSL,68.75,Add Tech Support
6244-BESBM,7,Low,0.0664,69,Two year,Fiber optic,95.2,Add Online Security (incentive)
4163-HFTUK,7,Low,0.0664,51,One year,No,19.1,Move to automatic payment
6349-JDHQP,7,Low,0.0664,53,Two year,No,19.85,Relationship check-in
1492-KGETH,7,Low,0.0663,70,One year,DSL,78.35,Relationship check-in
2882-WDTBA,7,Low,0.0663,69,Two year,DSL,75.75,Relationship check-in
9581-GVBXT,7,Low,0.0661,59,One year,DSL,34.8,Add Tech Support; Move to automatic payment
9548-LIGTA,7,Low,0.066,61,Two year,DSL,81.05,Move to automatic payment
6418-PIQSP,7,Low,0.066,62,Two year,DSL,81.0,Move to automatic payment
4632-XJMEX,7,Low,0.0659,53,One year,DSL,62.85,Relationship check-in
5546-QUERU,7,Low,0.0657,13,One year,No,19.95,Move to automatic payment
3407-JMJQQ,7,Low,0.0657,71,Two year,Fiber optic,109.0,Add Tech Support
9067-YGSCA,7,Low,0.0656,70,One year,No,26.05,Relationship check-in
3118-UHVVQ,7,Low,0.0655,68,Two year,No,25.8,Relationship check-in
8316-BBQAY,7,Low,0.0655,65,Two year,DSL,59.95,Relationship check-in
0526-SXDJP,7,Low,0.0654,72,Two year,DSL,42.1,Add Tech Support
7609-YBPXG,7,Low,0.0654,54,Two year,DSL,87.1,Relationship check-in
4803-LBYPN,7,Low,0.0654,34,Month-to-month,No,20.8,Offer a term contract; Move to automatic payment
7636-PEPNS,7,Low,0.0651,58,One year,DSL,44.1,Add Online Security (incentive); Add Tech Support
2137-DQMEV,7,Low,0.0651,68,One year,DSL,44.8,Add Tech Support; Move to automatic payment
4135-FRWKJ,7,Low,0.065,55,One year,DSL,76.25,Move to automatic payment
4737-HOBAX,6,Low,0.0649,63,Two year,DSL,79.8,Add Online Security (incentive)
7971-HLVXI,6,Low,0.0648,72,Two year,Fiber optic,84.5,Add Online Security (incentive); Add Tech Support
7688-AWMDX,6,Low,0.0648,71,Two year,DSL,54.5,Relationship check-in
5473-KHBPS,6,Low,0.0648,52,One year,Fiber optic,95.7,Add Online Security (incentive); Add Tech Support
2516-XSJKX,6,Low,0.0648,41,Two year,DSL,78.45,Move to automatic payment
2274-XUATA,6,Low,0.0648,72,Two year,DSL,63.1,Relationship check-in
1951-IEYXM,6,Low,0.0647,72,Two year,DSL,90.6,Relationship check-in
1971-DTCZB,6,Low,0.0647,72,Two year,DSL,90.95,Relationship check-in
9108-EQPNQ,6,Low,0.0647,10,Two year,No,26.1,Relationship check-in
0017-DINOC,6,Low,0.0646,54,Two year,DSL,45.2,Relationship check-in
0323-XWWTN,6,Low,0.0646,3,Two year,No,26.4,Move to automatic payment
4701-LKOZD,6,Low,0.0645,70,Two year,DSL,89.75,Relationship check-in
9631-RXVJM,6,Low,0.0644,35,Two year,No,19.25,Move to automatic payment
8191-XWSZG,6,Low,0.0642,52,One year,No,20.65,Move to automatic payment
2192-OZITF,6,Low,0.0642,45,Two year,DSL,73.55,Move to automatic payment
7321-ZNSLA,6,Low,0.0642,13,Two year,DSL,40.55,Move to automatic payment
7109-CQYUZ,6,Low,0.0641,52,Two year,DSL,89.25,Move to automatic payment
3911-RSNHI,6,Low,0.0641,71,Two year,DSL,61.4,Add Online Security (incentive)
7107-UBYKY,6,Low,0.0641,35,Month-to-month,No,25.75,Offer a term contract; Move to automatic payment
6100-FJZDG,6,Low,0.064,26,One year,No,20.05,Relationship check-in
9541-PWTWO,6,Low,0.064,52,Two year,DSL,80.95,Add Online Security (incentive)
2234-EOFPT,6,Low,0.064,72,Two year,DSL,79.35,Relationship check-in
4671-VJLCL,6,Low,0.064,63,Two year,DSL,79.85,Relationship check-in
5917-HBSDW,6,Low,0.0639,37,Month-to-month,No,19.35,Offer a term contract; Move to automatic payment
0221-NAUXK,6,Low,0.0639,10,One year,No,19.95,Relationship check-in
5825-XJOCM,6,Low,0.0639,48,One year,DSL,64.4,Add Tech Support
1084-MNSMJ,6,Low,0.0637,51,Two year,DSL,85.5,Relationship check-in
3474-BAFSJ,6,Low,0.0637,57,Two year,DSL,57.5,Add Online Security (incentive)
6701-DHKWQ,6,Low,0.0637,61,Two year,DSL,51.35,Add Online Security (incentive)
7244-KXYZN,6,Low,0.0637,24,One year,No,20.45,Relationship check-in
2550-AEVRU,6,Low,0.0637,57,One year,DSL,53.45,Add Tech Support; Move to automatic payment
8098-TDCBU,6,Low,0.0636,42,Two year,No,25.25,Move to automatic payment
3970-XGJDU,6,Low,0.0635,62,Two year,No,19.2,Relationship check-in
8207-VVMYB,6,Low,0.0635,70,Two year,No,26.0,Relationship check-in
3571-DPYUH,6,Low,0.0635,58,One year,Fiber optic,94.7,Add Online Security (incentive)
1741-WTPON,6,Low,0.0634,56,Two year,Fiber optic,115.85,Move to automatic payment
0621-TSSMU,6,Low,0.0634,56,One year,No,19.95,Relationship check-in
7471-MQPOS,6,Low,0.0633,71,One year,DSL,72.9,Add Online Security (incentive)
9620-QJREV,6,Low,0.0632,47,One year,No,20.55,Relationship check-in
3638-VBZTA,6,Low,0.0632,68,Two year,DSL,86.5,Relationship check-in
5197-YPYBZ,6,Low,0.063,12,Two year,No,25.25,Relationship check-in
1676-MQAOA,6,Low,0.0629,72,Two year,DSL,75.1,Relationship check-in
7255-SSFBC,6,Low,0.0629,72,Two year,Fiber optic,112.25,Add Online Security (incentive)
8241-JUIQO,6,Low,0.0628,61,One year,No,19.45,Relationship check-in
8181-YHCMF,6,Low,0.0627,68,Two year,DSL,60.3,Add Online Security (incentive)
0298-XACET,6,Low,0.0627,52,Two year,DSL,50.2,Add Online Security (incentive); Move to automatic payment
0602-DDUML,6,Low,0.0626,57,Two year,DSL,69.75,Add Online Security (incentive); Move to automatic payment
4723-BEGSG,6,Low,0.0626,72,Two year,DSL,86.65,Relationship check-in
9372-TXXPS,6,Low,0.0626,60,Two year,DSL,59.85,Relationship check-in
5329-KRDTM,6,Low,0.0624,72,Two year,DSL,77.35,Add Online Security (incentive)
6217-KDYWC,6,Low,0.0623,57,Two year,No,19.6,Move to automatic payment
2662-NNTDK,6,Low,0.0623,65,One year,No,24.8,Relationship check-in
5887-IKKYO,6,Low,0.0621,58,Two year,Fiber optic,94.35,Add Online Security (incentive)
8390-FESFV,6,Low,0.0621,62,Two year,DSL,84.5,Add Online Security (incentive)
0562-KBDVM,6,Low,0.0621,70,Two year,DSL,44.6,Relationship check-in
8466-PZBLH,6,Low,0.062,67,Two year,Fiber optic,104.6,Relationship check-in
0973-KYVNF,6,Low,0.062,72,Two year,DSL,70.65,Add Tech Support
9281-CEDRU,6,Low,0.0619,68,Two year,DSL,64.1,Add Online Security (incentive)
6265-SXWBU,6,Low,0.0619,69,One year,Fiber optic,95.75,Add Online Security (incentive); Add Tech Support
9229-RQABD,6,Low,0.0619,18,One year,No,23.75,Move to automatic payment
7369-TRPFD,6,Low,0.0618,19,One year,No,18.8,Move to automatic payment
0123-CRBRT,6,Low,0.0617,61,Two year,DSL,88.1,Move to automatic payment
3948-KXDUF,6,Low,0.0617,66,Two year,DSL,68.75,Relationship check-in
0885-HMGPY,6,Low,0.0617,62,Two year,DSL,69.4,Relationship check-in
4304-XUMGI,6,Low,0.0616,50,Two year,DSL,75.15,Add Tech Support
2587-YNLES,6,Low,0.0615,6,Two year,No,20.1,Move to automatic payment
5095-ETBRJ,6,Low,0.0615,55,Two year,DSL,56.8,Move to automatic payment
0181-RITDD,6,Low,0.0615,62,Two year,Fiber optic,108.15,Move to automatic payment
6741-QRLUP,6,Low,0.0615,63,Two year,DSL,80.3,Relationship check-in
1834-ABKHQ,6,Low,0.0615,52,One year,DSL,50.95,Add Online Security (incentive); Add Tech Support
1150-FTQGN,6,Low,0.0614,60,One year,Fiber optic,94.15,Add Tech Support
8097-OMULG,6,Low,0.0614,59,One year,DSL,76.75,Add Online Security (incentive)
2405-LBMUW,6,Low,0.0613,61,One year,DSL,50.7,Relationship check-in
2990-OGYTD,6,Low,0.0613,67,Two year,DSL,86.15,Add Online Security (incentive)
9795-NREXC,6,Low,0.0613,64,Two year,DSL,85.0,Relationship check-in
5208-FVQKB,6,Low,0.0612,70,Two year,DSL,67.95,Move to automatic payment
6061-PQHMK,6,Low,0.0612,25,One year,No,19.9,Relationship check-in
5893-PYOLZ,6,Low,0.0611,56,Two year,DSL,81.8,Add Online Security (incentive)
6698-OXETB,6,Low,0.061,11,Two year,No,20.4,Move to automatic payment
6922-NCEDI,6,Low,0.061,56,One year,No,21.2,Move to automatic payment
8661-BOYNW,6,Low,0.0609,72,Two year,DSL,84.4,Relationship check-in
9867-XOBQA,6,Low,0.0609,21,Two year,DSL,53.15,Move to automatic payment
0042-JVWOJ,6,Low,0.0609,26,One year,No,19.6,Relationship check-in
3071-MVJCD,6,Low,0.0609,72,Two year,DSL,82.3,Relationship check-in
5914-GXMDA,6,Low,0.0607,32,One year,No,19.3,Move to automatic payment
9621-OUPYD,6,Low,0.0607,25,One year,No,20.2,Relationship check-in
3785-KTYSH,6,Low,0.0606,53,Two year,No,24.6,Move to automatic payment
2990-IAJSV,6,Low,0.0605,72,Two year,DSL,92.0,Relationship check-in
9830-ECLEN,6,Low,0.0605,58,One year,DSL,50.0,Add Tech Support; Move to automatic payment
7472-EQOAV,6,Low,0.0605,71,One year,Fiber optic,86.7,Add Tech Support
3284-SVCRO,6,Low,0.0604,45,Two year,No,25.5,Move to automatic payment
6016-NXBNJ,6,Low,0.0604,35,One year,No,19.15,Move to automatic payment
6447-EGDIV,6,Low,0.0604,31,One year,No,20.95,Move to automatic payment
4057-FKCZK,6,Low,0.0603,58,Two year,Fiber optic,82.5,Add Online Security (incentive); Add Tech Support
6188-UXBBR,6,Low,0.0603,38,One year,No,20.25,Relationship check-in
4573-JKNAE,6,Low,0.0601,12,Two year,No,19.35,Relationship check-in
9867-JCZSP,6,Low,0.06,17,One year,No,20.75,Move to automatic payment
9778-OGKQZ,6,Low,0.0599,72,Two year,DSL,92.0,Relationship check-in
3649-JPUGY,6,Low,0.0597,72,Two year,DSL,88.6,Add Online Security (incentive)
5469-NUJUR,6,Low,0.0597,19,Two year,No,19.95,Move to automatic payment
7975-JMZNT,6,Low,0.0597,66,Two year,DSL,91.7,Relationship check-in
5494-WOZRZ,6,Low,0.0596,71,Two year,DSL,82.0,Relationship check-in
4530-NDRKU,6,Low,0.0596,42,One year,No,19.05,Move to automatic payment
4584-LBNMK,6,Low,0.0595,45,One year,No,24.7,Relationship check-in
5803-NQJZO,6,Low,0.0594,72,Two year,DSL,67.8,Relationship check-in
0229-LFJAF,6,Low,0.0594,72,Two year,DSL,69.65,Relationship check-in
5840-NVDCG,6,Low,0.0593,16,Two year,DSL,68.25,Relationship check-in
6723-CEGQI,6,Low,0.0591,65,Two year,DSL,45.25,Add Online Security (incentive); Move to automatic payment
1552-CZCLL,6,Low,0.0591,55,Month-to-month,No,20.0,Offer a term contract
6374-NTQLP,6,Low,0.0591,72,Two year,Fiber optic,104.1,Relationship check-in
3423-HHXAO,6,Low,0.059,14,One year,No,19.5,Move to automatic payment
5789-LDFXO,6,Low,0.059,24,One year,No,24.6,Move to automatic payment
1080-BWSYE,6,Low,0.059,64,Two year,No,25.65,Relationship check-in
9746-UGFAC,6,Low,0.0589,22,One year,No,20.85,Relationship check-in
3721-WKIIL,6,Low,0.0589,27,Two year,No,19.6,Move to automatic payment
1073-XXCZD,6,Low,0.0589,55,Two year,No,25.7,Relationship check-in
9795-SHUHB,6,Low,0.0587,66,Two year,DSL,58.2,Relationship check-in
5965-GGPRW,6,Low,0.0585,72,Two year,Fiber optic,105.25,Add Tech Support
9297-EONCV,6,Low,0.0585,72,Two year,DSL,91.35,Relationship check-in
5788-YPOEG,6,Low,0.0585,34,Two year,DSL,84.75,Move to automatic payment
9479-HYNYL,6,Low,0.0584,71,Two year,DSL,80.7,Add Online Security (incentive)
2466-FCCPT,6,Low,0.0584,20,One year,No,19.7,Relationship check-in
4981-FLTMF,6,Low,0.0583,57,Month-to-month,DSL,65.2,Offer a term contract
8763-KIAFH,6,Low,0.0583,27,One year,No,20.55,Move to automatic payment
5498-IBWPI,6,Low,0.0583,66,One year,DSL,49.4,Add Online Security (incentive)
5930-GBIWP,6,Low,0.0583,69,Two year,DSL,81.5,Relationship check-in
5093-FEGLU,6,Low,0.0582,47,Two year,No,19.65,Relationship check-in
5406-KGRMX,6,Low,0.0581,71,Two year,No,24.55,Move to automatic payment
5787-KXGIY,6,Low,0.0581,72,Two year,No,19.3,Relationship check-in
9668-PUGNU,6,Low,0.058,71,Two year,No,24.5,Move to automatic payment
8626-PTQGE,6,Low,0.058,69,Two year,DSL,60.05,Relationship check-in
8374-UULRV,6,Low,0.058,72,Two year,DSL,86.05,Relationship check-in
4933-BSAIP,6,Low,0.0579,40,Two year,No,19.1,Move to automatic payment
2126-GSEGL,6,Low,0.0579,70,Two year,DSL,84.8,Add Online Security (incentive)
3372-CDXFJ,6,Low,0.0579,13,One year,No,24.5,Relationship check-in
6418-HNFED,6,Low,0.0578,51,Two year,DSL,83.25,Relationship check-in
8901-UPRHR,6,Low,0.0578,72,Two year,Fiber optic,109.2,Add Online Security (incentive)
1090-PYKCI,6,Low,0.0578,69,One year,Fiber optic,105.1,Relationship check-in
7601-DHFWZ,6,Low,0.0575,48,Two year,No,24.0,Relationship check-in
3283-WCWXT,6,Low,0.0575,6,Two year,No,25.4,Move to automatic payment
1439-LCGVL,6,Low,0.0574,26,One year,No,19.2,Move to automatic payment
3720-DBRWL,6,Low,0.0574,51,Two year,DSL,83.85,Relationship check-in
9639-BUJXT,6,Low,0.0573,63,One year,No,20.5,Move to automatic payment
7131-ZQZNK,6,Low,0.0572,60,Two year,DSL,59.85,Relationship check-in
5696-EXCYS,6,Low,0.0571,17,Two year,No,19.45,Relationship check-in
6953-PBDIN,6,Low,0.0571,70,Two year,DSL,72.95,Add Online Security (incentive)
7665-NKLAV,6,Low,0.0571,36,Two year,DSL,40.65,Relationship check-in
7696-AMHOD,6,Low,0.057,49,One year,DSL,78.0,Add Online Security (incentive); Add Tech Support
1431-AIDJQ,6,Low,0.0568,33,Two year,DSL,82.1,Add Online Security (incentive)
3721-CNZHX,6,Low,0.0567,15,One year,No,19.8,Move to automatic payment
6427-FEFIG,6,Low,0.0567,24,Two year,DSL,78.6,Add Tech Support
4709-LKHYG,6,Low,0.0566,29,One year,No,20.0,Move to automatic payment
7153-CHRBV,6,Low,0.0565,57,One year,DSL,59.3,Move to automatic payment
3458-IDMFK,6,Low,0.0565,25,Two year,No,20.75,Move to automatic payment
2005-DWQZJ,6,Low,0.0563,8,Two year,No,19.05,Move to automatic payment
0909-SELIE,6,Low,0.0562,61,Two year,DSL,80.8,Relationship check-in
3612-YUNGG,6,Low,0.0562,64,Two year,Fiber optic,109.2,Add Online Security (incentive)
3523-BRGUW,6,Low,0.0562,26,One year,No,19.3,Relationship check-in
8060-HIWJJ,6,Low,0.0561,64,Two year,DSL,86.55,Add Online Security (incentive)
5879-HMFFH,6,Low,0.056,72,Two year,DSL,88.05,Relationship check-in
3712-PKXZA,6,Low,0.0559,61,One year,No,20.55,Relationship check-in
5816-JMLGY,6,Low,0.0559,70,Two year,DSL,80.4,Add Online Security (incentive)
0862-PRCBS,6,Low,0.0559,68,Two year,Fiber optic,103.75,Add Online Security (incentive)
8039-EQPIM,6,Low,0.0558,69,Two year,DSL,60.25,Relationship check-in
6229-UOLQL,6,Low,0.0558,56,One year,DSL,52.0,Move to automatic payment
5338-YHWYT,6,Low,0.0557,37,Two year,DSL,61.45,Relationship check-in
5995-LFTLE,6,Low,0.0557,58,Two year,No,25.3,Relationship check-in
1303-SRDOK,6,Low,0.0557,55,Two year,Fiber optic,69.05,Add Online Security (incentive); Add Tech Support
3125-RAHBV,6,Low,0.0556,22,One year,No,20.3,Relationship check-in
0254-WWRKD,6,Low,0.0555,67,One year,DSL,50.55,Add Online Security (incentive); Add Tech Support
1320-GVNHT,6,Low,0.0554,72,Two year,Fiber optic,108.4,Add Tech Support
4006-HKYHO,6,Low,0.0554,63,Two year,DSL,86.7,Relationship check-in
1716-LSAMB,6,Low,0.0553,45,Two year,DSL,54.65,Relationship check-in
3662-FXJFO,6,Low,0.0553,54,Two year,No,20.5,Move to automatic payment
7274-CGTOD,6,Low,0.0553,62,Two year,DSL,43.7,Relationship check-in
7301-ABVAD,6,Low,0.0551,72,Two year,DSL,86.6,Add Online Security (incentive)
6203-HBZPA,6,Low,0.055,52,Two year,DSL,63.9,Relationship check-in
3569-VLDHH,5,Low,0.055,66,One year,DSL,75.1,Move to automatic payment
2817-LVCPP,5,Low,0.0549,50,Two year,No,19.4,Relationship check-in
9711-FJTBX,5,Low,0.0548,56,One year,Fiber optic,85.85,Add Online Security (incentive); Move to automatic payment
9500-IWPXQ,5,Low,0.0548,61,One year,DSL,79.4,Move to automatic payment
1599-MMYRQ,5,Low,0.0548,62,One year,Fiber optic,81.45,Add Tech Support
0556-FJEGU,5,Low,0.0548,58,Two year,DSL,70.1,Add Online Security (incentive)
9617-UDPEU,5,Low,0.0547,22,One year,No,19.25,Move to automatic payment
3654-ARMGP,5,Low,0.0547,61,Two year,DSL,88.65,Add Online Security (incentive)
9361-YNQWJ,5,Low,0.0546,64,One year,No,24.4,Relationship check-in
2400-XIWIO,5,Low,0.0546,71,Two year,DSL,90.1,Move to automatic payment
8591-TKMZH,5,Low,0.0546,59,Two year,Fiber optic,111.1,Move to automatic payment
2788-CJQAQ,5,Low,0.0545,13,One year,No,19.45,Move to automatic payment
4872-JCVCA,5,Low,0.0545,71,Two year,DSL,47.6,Relationship check-in
6445-TNRXS,5,Low,0.0544,68,Two year,Fiber optic,114.7,Relationship check-in
0956-SYCWG,5,Low,0.0544,13,One year,No,19.65,Move to automatic payment
7710-JSYOA,5,Low,0.0543,69,Two year,Fiber optic,93.3,Add Online Security (incentive)
6508-NJYRO,5,Low,0.0542,15,One year,No,18.8,Move to automatic payment
0307-BCOPK,5,Low,0.0542,16,One year,No,19.05,Move to automatic payment
8387-UGUSU,5,Low,0.0542,15,Month-to-month,No,20.05,Offer a term contract; Move to automatic payment
6746-WAUWT,5,Low,0.0541,19,One year,No,19.7,Relationship check-in
2725-IWWBA,5,Low,0.054,46,One year,DSL,56.9,Move to automatic payment
7471-WNSUF,5,Low,0.054,60,One year,No,24.15,Relationship check-in
3212-KXOCR,5,Low,0.054,52,Two year,No,21.0,Relationship check-in
3392-EHMNK,5,Low,0.054,67,Two year,Fiber optic,94.1,Add Online Security (incentive)
2077-DDHJK,5,Low,0.054,68,Two year,DSL,70.9,Relationship check-in
9140-CZQZZ,5,Low,0.0539,68,Two year,DSL,79.6,Relationship check-in
3452-FLHYD,5,Low,0.0537,25,One year,No,20.95,Relationship check-in
0336-KXKFK,5,Low,0.0536,72,Two year,DSL,61.2,Relationship check-in
6258-PVZWJ,5,Low,0.0535,68,Two year,DSL,90.8,Relationship check-in
2226-ICFDO,5,Low,0.0535,72,Two year,DSL,85.9,Relationship check-in
6614-YOLAC,5,Low,0.0534,71,Two year,DSL,58.65,Move to automatic payment
1133-KXCGE,5,Low,0.0534,18,One year,No,20.1,Move to automatic payment
2194-IIQOF,5,Low,0.0534,71,Two year,DSL,89.3,Relationship check-in
8571-ZCMCX,5,Low,0.0534,47,Two year,DSL,60.0,Add Tech Support
4578-PHJYZ,5,Low,0.0533,52,One year,DSL,68.75,Add Online Security (incentive); Move to automatic payment
9347-AERRL,5,Low,0.0533,23,One year,No,19.3,Relationship check-in
1227-UDMZR,5,Low,0.0532,72,Two year,DSL,91.15,Relationship check-in
7452-FOLON,5,Low,0.0532,39,One year,No,25.45,Relationship check-in
9640-ZSLDC,5,Low,0.0532,53,One year,DSL,60.6,Add Online Security (incentive); Add Tech Support
9086-YJYXS,5,Low,0.0532,34,One year,DSL,77.2,Add Online Security (incentive); Add Tech Support
8606-OEGQZ,5,Low,0.0531,18,Two year,No,25.3,Relationship check-in
0114-IGABW,5,Low,0.0531,71,Two year,DSL,58.25,Add Online Security (incentive)
7319-ZNRTR,5,Low,0.0531,25,One year,No,19.6,Move to automatic payment
1015-JPFYW,5,Low,0.053,7,One year,No,19.45,Move to automatic payment
4102-HLENU,5,Low,0.0528,67,Two year,DSL,65.65,Add Tech Support; Move to automatic payment
7297-DVYGA,5,Low,0.0528,51,One year,No,19.85,Relationship check-in
6518-KZXCB,5,Low,0.0527,22,Two year,No,25.25,Move to automatic payment
6080-LNESI,5,Low,0.0527,51,Two year,No,24.75,Move to automatic payment
3982-JGSFD,5,Low,0.0526,36,One year,No,20.35,Relationship check-in
7609-NRNCA,5,Low,0.0526,17,One year,No,19.55,Move to automatic payment
0253-ZTEOB,5,Low,0.0525,48,Two year,DSL,79.65,Add Online Security (incentive); Move to automatic payment
7963-SHNDT,5,Low,0.0524,52,Two year,DSL,39.1,Move to automatic payment
9286-BHDQG,5,Low,0.0524,72,Two year,DSL,45.25,Relationship check-in
5696-JVVQY,5,Low,0.0523,48,Two year,DSL,70.1,Add Tech Support
0057-QBUQH,5,Low,0.0523,43,Two year,No,25.1,Move to automatic payment
8717-VCTXJ,5,Low,0.0521,42,One year,No,19.55,Move to automatic payment
3308-DGHKL,5,Low,0.0521,69,Two year,No,19.3,Relationship check-in
0056-EPFBG,5,Low,0.0519,20,Two year,DSL,39.4,Relationship check-in
7973-DZRKH,5,Low,0.0518,66,Two year,Fiber optic,90.95,Relationship check-in
7427-AUFPY,5,Low,0.0517,54,Two year,No,19.65,Relationship check-in
3266-FTKHB,5,Low,0.0515,17,Two year,No,19.15,Move to automatic payment
1775-KWJKQ,5,Low,0.0515,72,Two year,DSL,89.85,Relationship check-in
3696-DFHHB,5,Low,0.0514,68,Two year,No,25.5,Relationship check-in
8204-YJCLA,5,Low,0.0513,72,Two year,DSL,64.8,Relationship check-in
6885-PKOAM,5,Low,0.0513,71,Two year,DSL,85.75,Relationship check-in
8100-PNJMH,5,Low,0.0513,68,Two year,DSL,88.85,Relationship check-in
5148-ORICT,5,Low,0.0513,64,Two year,DSL,74.35,Move to automatic payment
1459-QNFQT,5,Low,0.0512,70,Two year,DSL,59.5,Relationship check-in
2498-XLDZR,5,Low,0.0512,32,Two year,DSL,73.6,Move to automatic payment
4893-GYUJU,5,Low,0.0511,50,One year,No,19.35,Move to automatic payment
9534-NSXEM,5,Low,0.0511,26,One year,No,20.65,Relationship check-in
3078-ZKNTS,5,Low,0.051,13,Two year,No,19.75,Relationship check-in
4795-UXVCJ,5,Low,0.051,26,One year,No,19.8,Relationship check-in
7037-MTYVW,5,Low,0.0509,38,Two year,DSL,85.4,Relationship check-in
8069-RHUXK,5,Low,0.0509,67,Two year,DSL,35.7,Relationship check-in
5248-YGIJN,5,Low,0.0509,72,Two year,DSL,90.25,Relationship check-in
6961-MJKBO,5,Low,0.0508,47,Two year,No,20.45,Relationship check-in
9127-FHJBZ,5,Low,0.0508,72,Two year,Fiber optic,114.0,Move to automatic payment
8046-DNVTL,5,Low,0.0508,62,Two year,DSL,38.6,Relationship check-in
3178-CIFOT,5,Low,0.0507,23,One year,No,19.65,Relationship check-in
2068-WWXQZ,5,Low,0.0506,46,Two year,No,20.05,Relationship check-in
2796-NNUFI,5,Low,0.0506,46,Two year,No,19.95,Move to automatic payment
3301-VKTGC,5,Low,0.0504,68,One year,Fiber optic,85.5,Add Tech Support
0019-GFNTW,5,Low,0.0502,56,Two year,DSL,45.05,Relationship check-in
1215-EXRMO,5,Low,0.0502,50,Two year,No,20.55,Move to automatic payment
3882-IYOIJ,5,Low,0.0501,60,Two year,Fiber optic,115.25,Relationship check-in
3096-WPXBT,5,Low,0.0501,61,One year,Fiber optic,100.7,Add Tech Support
3612-YVGSJ,5,Low,0.0501,71,Two year,No,24.45,Relationship check-in
8125-QPFJD,5,Low,0.0501,72,Two year,DSL,84.9,Relationship check-in
9170-ARBTB,5,Low,0.05,52,One year,No,19.6,Relationship check-in
7017-VFHAY,5,Low,0.0499,61,Two year,Fiber optic,115.1,Relationship check-in
8050-XGRVL,5,Low,0.0498,62,One year,DSL,54.75,Add Tech Support
0214-JHPFW,5,Low,0.0497,70,Two year,DSL,57.8,Add Online Security (incentive)
8314-HTWVE,5,Low,0.0497,7,Two year,No,19.85,Move to automatic payment
1187-WILMM,5,Low,0.0497,63,Two year,DSL,89.4,Relationship check-in
5647-URDKA,5,Low,0.0496,8,Two year,No,19.7,Move to automatic payment
0318-ZOPWS,5,Low,0.0495,49,Two year,No,20.15,Relationship check-in
2789-CZANW,5,Low,0.0495,64,Two year,Fiber optic,110.3,Relationship check-in
9661-JALZV,5,Low,0.0495,58,Two year,No,24.7,Relationship check-in
8690-UPCZI,5,Low,0.0494,29,One year,DSL,69.05,Relationship check-in
2805-AUFQN,5,Low,0.0494,25,Two year,No,19.8,Relationship check-in
0361-HJRDX,5,Low,0.0494,68,Two year,DSL,64.35,Relationship check-in
2977-CEBSX,5,Low,0.0493,66,Two year,DSL,90.05,Relationship check-in
5003-OKNNK,5,Low,0.0493,15,One year,No,20.35,Relationship check-in
4825-FUREZ,5,Low,0.0492,42,Two year,No,20.25,Move to automatic payment
3511-BFTJW,5,Low,0.0492,72,Two year,DSL,38.5,Add Tech Support
5982-PSMKW,5,Low,0.0491,23,Two year,DSL,91.1,Relationship check-in
6407-GSJNL,5,Low,0.049,51,Two year,No,24.95,Relationship check-in
8165-CBKXO,5,Low,0.049,66,Two year,DSL,56.75,Add Online Security (incentive); Add Tech Support
0422-OHQHQ,5,Low,0.0489,15,One year,No,20.55,Move to automatic payment
3865-ZFZIB,5,Low,0.0489,19,Two year,No,19.65,Move to automatic payment
8218-FFJDS,5,Low,0.0489,72,Two year,DSL,86.4,Relationship check-in
3724-BSCVH,5,Low,0.0487,10,One year,No,20.45,Move to automatic payment
7552-KEYGT,5,Low,0.0486,27,Two year,No,19.55,Relationship check-in
5197-LQXXH,5,Low,0.0486,71,Two year,DSL,83.3,Add Online Security (incentive)
0608-JDVEC,5,Low,0.0486,50,Two year,No,19.8,Move to automatic payment
8766-PAFNE,5,Low,0.0486,71,Two year,DSL,79.1,Add Online Security (incentive)
1955-IBMMB,5,Low,0.0485,59,Two year,No,20.2,Relationship check-in
7711-YIJWC,5,Low,0.0485,61,One year,DSL,84.9,Relationship check-in
7190-XHTWJ,5,Low,0.0485,38,One year,No,19.3,Move to automatic payment
6384-VMJHP,5,Low,0.0484,72,Two year,DSL,73.0,Relationship check-in
3549-ZTMNH,5,Low,0.0484,12,Two year,No,24.0,Relationship check-in
5375-XLDOF,5,Low,0.0484,69,Two year,Fiber optic,114.35,Relationship check-in
0401-WDBXM,5,Low,0.0484,72,Two year,Fiber optic,105.55,Add Tech Support
8969-PRHFK,5,Low,0.0483,18,One year,No,19.65,Move to automatic payment
7009-PCARS,5,Low,0.0483,55,One year,No,19.1,Relationship check-in
5126-RCXYW,5,Low,0.0483,54,Two year,DSL,46.0,Add Online Security (incentive)
2335-GSODA,5,Low,0.0482,23,Two year,DSL,40.1,Move to automatic payment
4018-PPNDW,5,Low,0.0482,61,Two year,No,24.1,Move to automatic payment
7873-CVMAW,5,Low,0.0482,72,Two year,DSL,88.55,Relationship check-in
0839-QNXME,5,Low,0.0481,30,Two year,No,19.4,Relationship check-in
7233-PAHHL,5,Low,0.0481,66,Two year,DSL,84.0,Move to automatic payment
3717-FDJFU,5,Low,0.0479,5,Two year,No,20.45,Move to automatic payment
3200-MNQTF,5,Low,0.0479,67,Two year,DSL,70.9,Relationship check-in
1832-PEUTS,5,Low,0.0478,62,Two year,Fiber optic,89.1,Add Online Security (incentive); Add Tech Support
8404-VIOMB,5,Low,0.0478,66,Two year,DSL,62.5,Relationship check-in
2589-AYCRP,5,Low,0.0477,50,One year,No,19.75,Relationship check-in
5567-GZKQY,5,Low,0.0476,58,Two year,No,20.3,Relationship check-in
6754-WKSHP,5,Low,0.0475,30,One year,No,25.35,Relationship check-in
6479-OAUSD,5,Low,0.0475,25,One year,No,19.9,Relationship check-in
8966-SNIZF,5,Low,0.0475,70,Two year,No,19.45,Relationship check-in
2205-LPVGL,5,Low,0.0474,58,One year,Fiber optic,89.85,Relationship check-in
4056-QHXHZ,5,Low,0.0474,72,Two year,Fiber optic,107.45,Move to automatic payment
0230-WEQUW,5,Low,0.0474,66,Two year,DSL,56.6,Relationship check-in
4750-UKWJK,5,Low,0.0473,37,One year,No,19.6,Move to automatic payment
7010-ZMVBF,5,Low,0.0472,18,Month-to-month,No,20.45,Offer a term contract; Move to automatic payment
1627-AFWVJ,5,Low,0.0471,29,Two year,No,19.4,Move to automatic payment
4203-QGNZA,5,Low,0.0471,28,Month-to-month,No,20.25,Offer a term contract; Move to automatic payment
5394-MEITZ,5,Low,0.0471,60,Two year,DSL,80.6,Add Online Security (incentive)
3082-YVEKW,5,Low,0.047,23,Two year,DSL,77.15,Relationship check-in
5044-XDPYX,5,Low,0.047,51,Two year,No,25.5,Move to automatic payment
2228-BZDEE,5,Low,0.047,54,Two year,No,20.1,Move to automatic payment
8028-PNXHQ,5,Low,0.0469,62,Two year,No,24.25,Relationship check-in
8612-GXIDD,5,Low,0.0469,12,Two year,No,25.4,Relationship check-in
2330-PQGDQ,5,Low,0.0469,51,One year,Fiber optic,84.2,Add Online Security (incentive)
5918-VUKWP,5,Low,0.0469,32,One year,No,20.55,Relationship check-in
0164-XAIRP,5,Low,0.0469,24,Two year,No,19.55,Relationship check-in
8639-NHQEI,5,Low,0.0468,72,Two year,Fiber optic,95.9,Add Tech Support
5986-WWXDV,5,Low,0.0468,39,One year,No,19.35,Relationship check-in
4884-LEVMQ,5,Low,0.0468,39,Two year,No,20.45,Relationship check-in
9588-YRFHY,5,Low,0.0467,49,Two year,No,19.9,Relationship check-in
0757-WCUUZ,5,Low,0.0467,54,Two year,DSL,63.35,Add Online Security (incentive); Add Tech Support
5906-DVAPM,5,Low,0.0467,55,One year,DSL,75.0,Relationship check-in
8857-CUPFQ,5,Low,0.0466,63,Two year,No,19.25,Move to automatic payment
0301-KOBTQ,5,Low,0.0465,32,Two year,No,20.05,Relationship check-in
4785-FCIFB,5,Low,0.0465,61,Two year,No,24.4,Move to automatic payment
5997-OPVFA,5,Low,0.0464,72,Two year,DSL,89.05,Relationship check-in
0780-XNZFN,5,Low,0.0464,57,Two year,No,20.65,Relationship check-in
6368-TZZDT,5,Low,0.0464,4,Two year,No,19.5,Relationship check-in
2829-HYVZP,5,Low,0.0463,29,One year,No,19.8,Move to automatic payment
3902-MIVLE,5,Low,0.0462,63,Two year,DSL,75.7,Move to automatic payment
4452-ROHMO,5,Low,0.0462,15,Two year,No,19.6,Move to automatic payment
7813-TKCVO,5,Low,0.0462,20,One year,No,20.35,Move to automatic payment
9339-FIIJL,5,Low,0.0462,72,Two year,DSL,85.95,Add Online Security (incentive)
3556-BVQGL,5,Low,0.0461,20,One year,No,20.0,Move to automatic payment
1619-YWUBB,5,Low,0.0461,68,Two year,No,24.95,Relationship check-in
5485-ITNPC,5,Low,0.0461,66,Two year,DSL,85.9,Relationship check-in
3778-FOAQW,5,Low,0.046,24,One year,No,20.15,Move to automatic payment
2122-SZZZD,5,Low,0.046,44,One year,No,19.5,Relationship check-in
2868-LLSKM,5,Low,0.046,68,One year,Fiber optic,83.65,Add Online Security (incentive)
2351-BKRZW,5,Low,0.0458,43,Two year,DSL,75.2,Add Tech Support
5204-HMGYF,5,Low,0.0458,49,One year,DSL,87.2,Move to automatic payment
7941-RCJOW,5,Low,0.0457,65,Two year,No,19.55,Relationship check-in
4703-MQYKT,5,Low,0.0456,21,Two year,No,19.6,Move to automatic payment
9769-TSBZE,5,Low,0.0456,70,Two year,DSL,66.0,Move to automatic payment
8990-YOZLV,5,Low,0.0456,69,Two year,DSL,66.9,Move to automatic payment
9625-QNLUX,5,Low,0.0455,68,Two year,Fiber optic,103.25,Add Tech Support
5529-GIBVH,5,Low,0.0455,47,Two year,No,20.15,Move to automatic payment
8670-MEFCP,5,Low,0.0455,36,Two year,DSL,92.9,Relationship check-in
4538-WNTMJ,5,Low,0.0455,46,One year,No,24.95,Move to automatic payment
5980-BDHPY,5,Low,0.0454,72,Two year,DSL,87.1,Relationship check-in
0197-PNKNK,5,Low,0.0453,69,One year,Fiber optic,84.45,Add Tech Support
1534-OULXE,5,Low,0.0453,61,One year,DSL,49.7,Add Tech Support
9648-BCHKM,5,Low,0.0452,18,Two year,No,24.65,Relationship check-in
1930-QPBVZ,5,Low,0.0452,68,Two year,Fiber optic,95.1,Relationship check-in
5231-FIQPA,5,Low,0.045,41,Two year,No,19.85,Move to automatic payment
5003-XZWWO,4,Low,0.045,71,Two year,DSL,84.2,Add Online Security (incentive)
7596-IIWYC,4,Low,0.0449,27,Two year,No,20.25,Relationship check-in
1063-DHQJF,4,Low,0.0449,69,Two year,Fiber optic,92.15,Add Online Security (incentive); Move to automatic payment
5196-WPYOW,4,Low,0.0449,67,One year,DSL,60.05,Move to automatic payment
6916-HIJSE,4,Low,0.0448,65,Two year,DSL,84.85,Relationship check-in
3580-HYCSP,4,Low,0.0448,72,Two year,Fiber optic,110.3,Add Tech Support
9135-MGVPY,4,Low,0.0448,69,Two year,DSL,84.7,Move to automatic payment
4334-HOWRP,4,Low,0.0447,72,Two year,DSL,64.95,Relationship check-in
6087-YPWHO,4,Low,0.0445,72,Two year,DSL,68.15,Move to automatic payment
3021-VLNRJ,4,Low,0.0444,50,One year,DSL,70.8,Relationship check-in
6461-SZMCV,4,Low,0.0444,71,Two year,DSL,87.95,Relationship check-in
6901-GOGZG,4,Low,0.0443,60,Two year,DSL,84.95,Move to automatic payment
5149-QYTTU,4,Low,0.0442,71,One year,Fiber optic,95.15,Relationship check-in
1837-YQUCE,4,Low,0.0442,70,Two year,DSL,58.35,Relationship check-in
3243-ZHOHY,4,Low,0.0442,16,One year,No,20.1,Move to automatic payment
6625-FLENO,4,Low,0.0441,58,Two year,No,20.75,Move to automatic payment
6425-JWTDV,4,Low,0.0439,48,Two year,No,19.25,Move to automatic payment
3957-SQXML,4,Low,0.0438,34,Two year,No,24.95,Relationship check-in
7639-OPLNG,4,Low,0.0438,70,Two year,DSL,79.25,Relationship check-in
5453-YBTWV,4,Low,0.0437,70,Two year,Fiber optic,101.1,Relationship check-in
5542-NKVRU,4,Low,0.0437,42,Two year,No,20.75,Relationship check-in
2229-DPMBI,4,Low,0.0435,8,Two year,No,19.5,Move to automatic payment
2664-XJZNO,4,Low,0.0435,72,Two year,Fiber optic,104.9,Relationship check-in
3967-KXAPS,4,Low,0.0434,72,Two year,DSL,92.3,Relationship check-in
3166-PNEOF,4,Low,0.0434,61,Two year,DSL,86.45,Relationship check-in
3389-KTRXV,4,Low,0.0434,23,Two year,No,23.85,Move to automatic payment
9945-PSVIP,4,Low,0.0433,25,Two year,No,18.7,Move to automatic payment
0219-QAERP,4,Low,0.0433,30,One year,No,19.8,Relationship check-in
5214-NLTIT,4,Low,0.0432,72,Two year,Fiber optic,90.8,Add Online Security (incentive); Add Tech Support
2162-FRZAA,4,Low,0.0432,63,Two year,DSL,39.35,Add Online Security (incentive)
7579-KKLOE,4,Low,0.0431,71,Two year,DSL,91.25,Move to automatic payment
7508-DQAKK,4,Low,0.0431,64,Two year,DSL,86.4,Relationship check-in
6631-HMANX,4,Low,0.0431,72,Two year,DSL,85.45,Add Online Security (incentive)
3280-NMUVX,4,Low,0.043,34,One year,No,19.6,Relationship check-in
9065-ZCPQX,4,Low,0.043,72,Two year,DSL,78.85,Relationship check-in
6332-FBZRI,4,Low,0.0429,67,One year,DSL,69.35,Relationship check-in
6519-ZHPXP,4,Low,0.0429,72,Two year,Fiber optic,108.3,Relationship check-in
8148-WOCMK,4,Low,0.0428,8,Two year,No,19.6,Relationship check-in
8821-KVZKQ,4,Low,0.0428,70,One year,DSL,58.4,Add Online Security (incentive)
3131-NWVFJ,4,Low,0.0427,14,One year,No,19.55,Move to automatic payment
2251-PYLPB,4,Low,0.0425,72,Two year,DSL,79.55,Relationship check-in
0071-NDAFP,4,Low,0.0425,25,Two year,No,25.5,Relationship check-in
1074-WVEVG,4,Low,0.0424,59,One year,No,20.35,Move to automatic payment
4973-MGTON,4,Low,0.0423,71,Two year,DSL,84.4,Relationship check-in
2675-IJRGJ,4,Low,0.042,53,Two year,No,19.65,Relationship check-in
6164-HAQTX,4,Low,0.042,71,Two year,DSL,53.95,Relationship check-in
5372-FBKBN,4,Low,0.0419,21,Month-to-month,No,20.75,Offer a term contract; Move to automatic payment
5397-NSKQG,4,Low,0.0419,67,Two year,DSL,50.9,Add Tech Support
7205-BAIAD,4,Low,0.0417,40,Two year,No,20.6,Relationship check-in
5063-IUOKK,4,Low,0.0416,13,Two year,No,19.75,Move to automatic payment
6670-MFRPK,4,Low,0.0415,69,Two year,Fiber optic,79.2,Add Online Security (incentive); Add Tech Support
5743-KHMNA,4,Low,0.0415,71,Two year,No,25.55,Relationship check-in
5876-QMYLD,4,Low,0.0415,23,One year,No,20.05,Move to automatic payment
4079-WWQQQ,4,Low,0.0414,72,Two year,DSL,65.55,Relationship check-in
5622-UEJFI,4,Low,0.0414,35,Two year,No,25.4,Relationship check-in
0848-SOMKO,4,Low,0.0412,70,Two year,DSL,48.4,Relationship check-in
1830-GGFNM,4,Low,0.0412,65,Two year,Fiber optic,94.55,Relationship check-in
8464-EETCQ,4,Low,0.0412,57,Two year,No,18.8,Relationship check-in
4716-MRVEN,4,Low,0.041,29,One year,No,20.0,Move to automatic payment
3985-HOYPM,4,Low,0.041,26,One year,No,19.4,Move to automatic payment
5924-SNGKP,4,Low,0.041,41,One year,No,20.25,Relationship check-in
7340-KEFQE,4,Low,0.041,51,Two year,DSL,34.2,Relationship check-in
9777-IQHWP,4,Low,0.0409,64,Two year,Fiber optic,93.4,Add Tech Support
6695-AMZUF,4,Low,0.0409,70,Two year,DSL,86.45,Relationship check-in
2580-ATZSQ,4,Low,0.0409,65,One year,DSL,61.35,Add Tech Support
0621-CXBKL,4,Low,0.0409,53,Two year,No,18.7,Move to automatic payment
1335-MXCSE,4,Low,0.0408,55,Two year,DSL,55.25,Add Online Security (incentive)
8510-BBWMU,4,Low,0.0408,41,One year,No,19.75,Move to automatic payment
4139-DETXS,4,Low,0.0408,72,Two year,DSL,64.45,Relationship check-in
0281-CNTZX,4,Low,0.0408,63,Two year,No,19.95,Relationship check-in
7649-SIJJF,4,Low,0.0408,71,Two year,DSL,80.1,Move to automatic payment
7898-PDWQE,4,Low,0.0407,71,Two year,DSL,80.4,Relationship check-in
1872-EBWSC,4,Low,0.0407,29,One year,No,20.35,Move to automatic payment
8884-FEEWR,4,Low,0.0407,35,One year,No,20.6,Relationship check-in
4227-OJHAL,4,Low,0.0406,68,One year,DSL,73.0,Add Tech Support
9028-LIHRP,4,Low,0.0406,71,Two year,Fiber optic,100.2,Relationship check-in
0567-XRHCU,4,Low,0.0404,69,Two year,DSL,43.95,Add Tech Support
0739-UUAJR,4,Low,0.0402,72,Two year,DSL,53.8,Add Tech Support
5847-MXBEO,4,Low,0.0402,22,One year,No,20.3,Move to automatic payment
6549-BTYPG,4,Low,0.0401,60,Two year,DSL,60.8,Add Online Security (incentive)
4458-KVRBJ,4,Low,0.04,59,Two year,No,25.0,Move to automatic payment
5996-EBTKM,4,Low,0.0398,67,Two year,DSL,69.9,Add Online Security (incentive)
5317-FLPJF,4,Low,0.0397,66,Two year,DSL,61.35,Relationship check-in
7305-ZWMAJ,4,Low,0.0396,30,One year,No,20.7,Relationship check-in
8413-YNHNV,4,Low,0.0396,69,Two year,DSL,90.65,Move to automatic payment
1813-JLKWR,4,Low,0.0396,64,One year,No,19.8,Relationship check-in
0436-TWFFZ,4,Low,0.0395,67,Two year,DSL,85.25,Move to automatic payment
3745-HRPHI,4,Low,0.0395,66,Two year,DSL,54.65,Add Online Security (incentive)
8597-CTXVJ,4,Low,0.0395,70,One year,DSL,64.95,Relationship check-in
4393-GEADV,4,Low,0.0395,70,Two year,Fiber optic,114.75,Relationship check-in
1998-VHJHK,4,Low,0.0394,27,One year,No,19.15,Move to automatic payment
3230-JCNZS,4,Low,0.0394,71,Two year,Fiber optic,99.0,Add Tech Support
1790-NESIO,4,Low,0.0394,13,Two year,No,20.4,Move to automatic payment
3525-DVKFN,4,Low,0.0393,17,Two year,No,19.4,Move to automatic payment
2954-PIBKO,4,Low,0.0393,69,Two year,DSL,64.15,Relationship check-in
9447-YPTBX,4,Low,0.0393,50,One year,No,19.85,Relationship check-in
5146-YYFRZ,4,Low,0.0392,67,Two year,No,19.95,Relationship check-in
2256-YLYLP,4,Low,0.0392,68,Two year,DSL,72.95,Add Online Security (incentive)
9224-VTYID,4,Low,0.0392,47,Two year,DSL,90.5,Move to automatic payment
4254-QPEDE,4,Low,0.0392,52,Two year,DSL,66.25,Relationship check-in
4707-YNOQA,4,Low,0.0392,34,One year,No,25.6,Relationship check-in
6736-DHUQI,4,Low,0.0392,67,One year,Fiber optic,84.8,Add Tech Support
1760-CAZHT,4,Low,0.0391,25,Month-to-month,No,20.8,Offer a term contract; Move to automatic payment
7945-PRBVF,4,Low,0.0391,35,Two year,No,21.45,Relationship check-in
7643-RCHXS,4,Low,0.0391,63,Two year,No,19.35,Move to automatic payment
5766-FTRTS,4,Low,0.039,72,Two year,DSL,84.45,Move to automatic payment
2428-HYUNX,4,Low,0.0389,44,Two year,No,19.35,Relationship check-in
9531-NSBMR,4,Low,0.0389,36,One year,No,19.25,Relationship check-in
2995-YWTCD,4,Low,0.0388,19,Two year,No,24.9,Relationship check-in
1069-QJOEE,4,Low,0.0387,25,One year,No,19.9,Move to automatic payment
2599-CIPQE,4,Low,0.0387,71,Two year,Fiber optic,109.3,Relationship check-in
1172-VIYBP,4,Low,0.0386,53,Two year,DSL,69.7,Add Tech Support
2535-PBCGC,4,Low,0.0386,70,Two year,DSL,64.55,Relationship check-in
7161-DFHUF,4,Low,0.0386,71,Two year,No,23.85,Move to automatic payment
5014-GSOUQ,4,Low,0.0386,13,Two year,No,19.95,Move to automatic payment
2333-KWEWW,4,Low,0.0386,18,Two year,No,20.05,Relationship check-in
8197-BFWVU,4,Low,0.0385,72,Two year,DSL,93.25,Relationship check-in
3870-SPZSI,4,Low,0.0384,70,Two year,Fiber optic,113.05,Relationship check-in
1682-VCOIO,4,Low,0.0384,23,One year,No,20.45,Move to automatic payment
7560-QJAVJ,4,Low,0.0383,70,Two year,DSL,79.6,Relationship check-in
5158-RIVOP,4,Low,0.0383,11,Two year,No,20.9,Relationship check-in
6563-VRERX,4,Low,0.0382,33,One year,No,20.6,Move to automatic payment
4990-ALDGW,4,Low,0.0381,57,Two year,No,20.75,Move to automatic payment
7030-FZTFM,4,Low,0.0381,72,Two year,Fiber optic,110.9,Add Online Security (incentive)
0486-LGCCH,4,Low,0.038,11,Two year,No,19.65,Move to automatic payment
1177-XZBJL,4,Low,0.038,53,One year,DSL,64.15,Relationship check-in
5161-UBZXI,4,Low,0.038,69,Two year,Fiber optic,106.35,Relationship check-in
5656-JAMLX,4,Low,0.038,62,Two year,No,19.85,Relationship check-in
6265-FRMTQ,4,Low,0.038,31,Two year,No,20.4,Relationship check-in
3795-CAWEX,4,Low,0.0379,70,Two year,Fiber optic,116.55,Relationship check-in
5680-LQOGP,4,Low,0.0379,68,Two year,DSL,82.45,Relationship check-in
7998-WNZEM,4,Low,0.0377,71,Two year,DSL,80.6,Relationship check-in
1265-ZFOSD,4,Low,0.0377,64,Two year,DSL,81.3,Move to automatic payment
7560-QRBXH,4,Low,0.0375,48,One year,No,19.95,Move to automatic payment
9227-UAQFT,4,Low,0.0375,16,Two year,No,19.75,Move to automatic payment
5275-PMFUT,4,Low,0.0374,72,Two year,DSL,64.8,Relationship check-in
3486-NPGST,4,Low,0.0372,36,One year,No,19.55,Move to automatic payment
7781-HVGMK,4,Low,0.0371,72,Two year,DSL,65.2,Relationship check-in
6609-MXJHJ,4,Low,0.0371,30,Two year,No,25.1,Move to automatic payment
0902-RFHOF,4,Low,0.0371,38,One year,No,20.1,Move to automatic payment
8540-ZQGEA,4,Low,0.0371,54,Two year,No,20.05,Relationship check-in
9483-GCPWE,4,Low,0.037,9,One year,No,20.1,Move to automatic payment
0362-RAOQO,4,Low,0.037,40,Two year,No,19.65,Relationship check-in
5171-EPLKN,4,Low,0.0369,27,Two year,No,19.85,Relationship check-in
7730-CLDSV,4,Low,0.0369,72,Two year,Fiber optic,98.65,Add Online Security (incentive)
5795-BKOYE,4,Low,0.0369,69,One year,DSL,59.1,Add Online Security (incentive)
1960-UOTYM,4,Low,0.0369,52,Two year,DSL,79.2,Add Tech Support; Move to automatic payment
7446-SFAOA,4,Low,0.0369,37,One year,No,19.85,Relationship check-in
9739-JLPQJ,4,Low,0.0368,72,Two year,Fiber optic,117.5,Relationship check-in
5356-KZCKT,4,Low,0.0368,58,Two year,No,24.45,Relationship check-in
5583-EJXRD,4,Low,0.0368,44,Two year,DSL,54.05,Relationship check-in
1047-RNXZV,4,Low,0.0368,43,Two year,No,19.55,Move to automatic payment
6115-ZTBFQ,4,Low,0.0366,72,Two year,DSL,65.5,Relationship check-in
5380-XPJNZ,4,Low,0.0365,38,One year,No,20.05,Move to automatic payment
1767-CJKBA,4,Low,0.0365,66,Two year,No,25.1,Move to automatic payment
5135-RDDQL,4,Low,0.0365,63,Two year,DSL,50.65,Add Tech Support
2812-REYAT,4,Low,0.0365,49,One year,No,20.05,Relationship check-in
4291-TPNFG,4,Low,0.0364,72,Two year,DSL,82.3,Relationship check-in
1657-DYMBM,4,Low,0.0363,53,Two year,No,19.9,Relationship check-in
5666-MBJPT,4,Low,0.0363,65,Two year,No,25.1,Relationship check-in
2266-FUBDZ,4,Low,0.0362,15,Two year,No,19.35,Move to automatic payment
8883-ANODQ,4,Low,0.0362,68,Two year,Fiber optic,84.4,Add Online Security (incentive); Add Tech Support
8659-IOOPU,4,Low,0.0362,71,Two year,Fiber optic,100.45,Move to automatic payment
1506-YJTYT,4,Low,0.0361,45,Two year,DSL,73.85,Relationship check-in
3154-HMWUU,4,Low,0.0361,60,Two year,No,20.5,Relationship check-in
6082-OQFBA,4,Low,0.0361,23,One year,No,19.65,Move to automatic payment
2878-DHMIN,4,Low,0.0361,35,One year,No,19.9,Move to automatic payment
5010-IPEAQ,4,Low,0.036,67,Two year,DSL,54.2,Relationship check-in
1686-STUHN,4,Low,0.036,42,One year,No,19.8,Relationship check-in
8882-TLVRW,4,Low,0.0359,69,Two year,DSL,39.1,Move to automatic payment
7103-ZGVNT,4,Low,0.0359,69,One year,DSL,73.7,Relationship check-in
3884-UEBXB,4,Low,0.0359,67,Two year,DSL,36.15,Add Tech Support
9548-ZMVTX,4,Low,0.0358,72,Two year,Fiber optic,90.45,Add Online Security (incentive)
8859-DZTGQ,4,Low,0.0357,33,Two year,No,20.35,Move to automatic payment
7602-MVRMB,4,Low,0.0356,72,Two year,Fiber optic,110.45,Relationship check-in
5124-EOGYE,4,Low,0.0356,31,Two year,No,20.45,Move to automatic payment
2346-CZYIL,4,Low,0.0356,27,Two year,No,20.35,Relationship check-in
7167-PCEYD,4,Low,0.0355,67,Two year,No,19.8,Move to automatic payment
6439-PKTRR,4,Low,0.0355,70,Two year,DSL,80.7,Move to automatic payment
6199-IPCAO,4,Low,0.0353,29,Two year,No,26.1,Move to automatic payment
5377-NDTOU,4,Low,0.0353,71,Two year,DSL,91.05,Move to automatic payment
9242-TKFSV,4,Low,0.0353,72,Two year,DSL,65.1,Relationship check-in
8722-PRFDV,4,Low,0.0353,71,Two year,DSL,77.55,Add Tech Support
9084-OAYKL,4,Low,0.0352,58,Two year,No,20.8,Move to automatic payment
6917-FIJHC,4,Low,0.0351,72,Two year,No,26.0,Move to automatic payment
0244-LGNFY,4,Low,0.0351,72,Two year,DSL,92.65,Relationship check-in
2696-RZVZW,3,Low,0.035,68,Two year,No,25.05,Relationship check-in
8510-TMWYB,4,Low,0.035,54,Two year,DSL,59.8,Add Online Security (incentive); Add Tech Support
3873-WOSBC,3,Low,0.035,67,Two year,No,25.6,Relationship check-in
9055-MOJJJ,3,Low,0.0349,64,One year,DSL,65.8,Move to automatic payment
8747-UDCOI,3,Low,0.0348,65,Two year,No,19.35,Relationship check-in
2097-YVPKN,3,Low,0.0347,65,Two year,No,25.75,Move to automatic payment
5296-PSYVW,3,Low,0.0347,72,Two year,No,24.55,Move to automatic payment
9507-HSMMZ,3,Low,0.0346,54,Two year,No,20.0,Move to automatic payment
6813-GZQCG,3,Low,0.0346,45,Two year,No,24.65,Relationship check-in
4194-FJARJ,3,Low,0.0345,54,Two year,DSL,60.0,Relationship check-in
6867-ACCZI,3,Low,0.0345,24,Two year,DSL,52.5,Move to automatic payment
0269-XFESX,3,Low,0.0345,23,One year,No,24.35,Move to automatic payment
8908-SLFCJ,3,Low,0.0344,21,Two year,No,20.85,Relationship check-in
6484-LATFU,3,Low,0.0344,68,Two year,No,24.55,Move to automatic payment
9958-MEKUC,3,Low,0.0344,72,Two year,Fiber optic,103.95,Relationship check-in
7101-HRBLJ,3,Low,0.0344,72,Two year,DSL,83.7,Relationship check-in
3258-ZKPAI,3,Low,0.0343,72,Two year,Fiber optic,116.6,Relationship check-in
5474-LAMUQ,3,Low,0.0341,24,One year,No,20.1,Move to automatic payment
6348-SNFUS,3,Low,0.0341,72,Two year,DSL,55.45,Relationship check-in
9953-ZMKSM,3,Low,0.0341,63,Two year,No,25.25,Move to automatic payment
9624-EGDEQ,3,Low,0.0341,37,Two year,No,19.8,Move to automatic payment
7815-PDTHL,3,Low,0.034,35,Two year,No,20.2,Move to automatic payment
1982-FEBTD,3,Low,0.034,23,Two year,No,25.6,Relationship check-in
2961-VNFKL,3,Low,0.0339,71,Two year,No,25.95,Relationship check-in
9802-CAQUT,3,Low,0.0339,72,Two year,Fiber optic,109.55,Add Tech Support
0744-BIKKF,3,Low,0.0338,72,Two year,DSL,86.65,Relationship check-in
6725-TPKJO,3,Low,0.0338,44,Two year,No,20.05,Move to automatic payment
5067-WJEUN,3,Low,0.0336,67,Two year,DSL,54.2,Add Tech Support
2138-VFAPZ,3,Low,0.0335,14,Two year,No,19.7,Move to automatic payment
0654-PQKDW,3,Low,0.0335,62,One year,DSL,70.75,Relationship check-in
3812-LRZIR,3,Low,0.0334,27,Two year,No,24.5,Move to automatic payment
3704-IEAXF,3,Low,0.0334,72,Two year,DSL,53.65,Add Online Security (incentive)
5321-NTRKC,3,Low,0.0334,66,Two year,DSL,79.85,Add Online Security (incentive); Add Tech Support
8146-QQKZH,3,Low,0.0333,71,Two year,DSL,81.85,Relationship check-in
2146-EGVDT,3,Low,0.0333,59,Two year,No,19.3,Relationship check-in
0936-NQLJU,3,Low,0.0333,41,Two year,No,20.65,Relationship check-in
3079-BCHLN,3,Low,0.0333,47,One year,No,19.9,Relationship check-in
1116-FRYVH,3,Low,0.0332,48,Two year,DSL,39.4,Move to automatic payment
7872-BAAZR,3,Low,0.0332,53,One year,No,19.55,Relationship check-in
7398-HPYZQ,3,Low,0.0332,71,Two year,DSL,90.55,Relationship check-in
3950-VPYJB,3,Low,0.0331,57,One year,DSL,59.6,Move to automatic payment
6701-YVNQG,3,Low,0.0331,72,Two year,DSL,88.7,Relationship check-in
6823-SIDFQ,3,Low,0.033,28,One year,No,18.25,Relationship check-in
9435-JMLSX,3,Low,0.0328,71,Two year,DSL,86.1,Relationship check-in
7569-NMZYQ,3,Low,0.0328,72,Two year,Fiber optic,118.75,Relationship check-in
4967-WPNCF,3,Low,0.0327,72,Two year,DSL,63.7,Relationship check-in
5214-CHIWJ,3,Low,0.0326,27,One year,No,20.3,Move to automatic payment
9710-NJERN,3,Low,0.0325,39,Two year,No,20.15,Move to automatic payment
7399-QHBJS,3,Low,0.0325,72,Two year,DSL,66.75,Relationship check-in
7969-FFOWG,3,Low,0.0324,65,Two year,No,19.9,Move to automatic payment
1328-EUZHC,3,Low,0.0324,18,Two year,No,20.1,Move to automatic payment
4933-IKULF,3,Low,0.0322,17,One year,No,20.65,Move to automatic payment
9509-MPYOD,3,Low,0.0322,35,One year,No,20.75,Move to automatic payment
7599-NTMDP,3,Low,0.032,62,Two year,DSL,48.7,Relationship check-in
4176-RELJR,3,Low,0.0319,67,Two year,No,25.1,Relationship check-in
1705-GUHPV,3,Low,0.0318,63,Two year,No,24.2,Move to automatic payment
1452-UZOSF,3,Low,0.0318,72,Two year,Fiber optic,106.1,Relationship check-in
6546-OPBBH,3,Low,0.0317,51,One year,No,23.95,Move to automatic payment
8395-ETZKQ,3,Low,0.0317,68,One year,No,19.5,Relationship check-in
2848-YXSMW,3,Low,0.0317,72,Two year,No,19.4,Relationship check-in
3097-FQTVJ,3,Low,0.0316,41,Two year,No,20.0,Move to automatic payment
5917-RYRMG,3,Low,0.0316,32,One year,No,19.8,Relationship check-in
2824-DXNKN,3,Low,0.0316,72,Two year,DSL,71.45,Add Tech Support
0374-FIUCA,3,Low,0.0316,65,Two year,No,20.4,Relationship check-in
1734-ZMNTZ,3,Low,0.0316,11,Two year,No,25.0,Move to automatic payment
0675-NCDYU,3,Low,0.0315,72,Two year,Fiber optic,116.4,Relationship check-in
9798-OPFEM,3,Low,0.0314,46,Two year,No,21.1,Move to automatic payment
1697-LYYYX,3,Low,0.0313,61,One year,No,19.1,Relationship check-in
1053-MXTTK,3,Low,0.0313,72,Two year,Fiber optic,108.65,Relationship check-in
3726-TBHQT,3,Low,0.0313,71,Two year,Fiber optic,114.0,Relationship check-in
1245-HARPS,3,Low,0.0313,14,Two year,No,20.4,Move to automatic payment
9453-PATOS,3,Low,0.0312,72,Two year,DSL,85.1,Move to automatic payment
9602-WCXPI,3,Low,0.0311,50,One year,No,20.15,Relationship check-in
9481-WHGWY,3,Low,0.0311,70,Two year,DSL,75.35,Relationship check-in
2429-AYKKO,3,Low,0.0311,72,Two year,No,19.85,Relationship check-in
1241-FPMOF,3,Low,0.0309,52,Two year,No,19.65,Move to automatic payment
7473-ZBDSN,3,Low,0.0309,14,Two year,No,18.8,Move to automatic payment
4092-OFQZS,3,Low,0.0309,20,One year,No,20.65,Move to automatic payment
6950-TWMYB,3,Low,0.0309,54,Two year,Fiber optic,79.95,Add Online Security (incentive)
3133-PZNSR,3,Low,0.0308,72,Two year,Fiber optic,97.75,Relationship check-in
8022-BECSI,3,Low,0.0308,22,One year,No,19.6,Move to automatic payment
5249-QYHEX,3,Low,0.0308,40,Two year,No,24.8,Move to automatic payment
2892-GESUL,3,Low,0.0307,18,Two year,No,19.35,Move to automatic payment
9824-QCJPK,3,Low,0.0307,36,One year,No,20.0,Move to automatic payment
4656-CAURT,3,Low,0.0307,69,Two year,No,23.95,Relationship check-in
5039-LZRQT,3,Low,0.0307,13,One year,No,20.2,Move to automatic payment
2682-KEVRP,3,Low,0.0306,22,One year,No,20.05,Move to automatic payment
1897-RCFUM,3,Low,0.0306,39,One year,No,24.2,Move to automatic payment
3470-OBUET,3,Low,0.0304,67,Two year,DSL,74.0,Relationship check-in
1087-GRUYI,3,Low,0.0304,38,Two year,No,20.4,Relationship check-in
7722-VJRQD,3,Low,0.0304,72,Two year,DSL,60.95,Relationship check-in
3396-DKDEL,3,Low,0.0304,70,Two year,Fiber optic,115.15,Relationship check-in
0129-QMPDR,3,Low,0.0304,44,One year,No,20.5,Relationship check-in
3594-BDSOA,3,Low,0.0303,24,One year,No,20.4,Relationship check-in
5016-LIPDW,3,Low,0.0302,57,One year,No,19.4,Move to automatic payment
9397-TZSHA,3,Low,0.0302,69,Two year,No,24.6,Relationship check-in
1814-WFGVS,3,Low,0.0301,72,Two year,DSL,48.9,Move to automatic payment
5751-USDBL,3,Low,0.0301,46,Two year,DSL,81.0,Move to automatic payment
0263-FJTQO,3,Low,0.0301,50,Two year,DSL,70.5,Relationship check-in
8174-LNWMW,3,Low,0.0301,31,Two year,No,20.9,Relationship check-in
5057-RKGLH,3,Low,0.03,9,Two year,No,20.35,Move to automatic payment
8915-NNTRC,3,Low,0.03,72,Two year,Fiber optic,107.7,Relationship check-in
8512-WIWYV,3,Low,0.03,32,One year,No,20.35,Relationship check-in
2143-LJULT,3,Low,0.0299,67,Two year,No,25.25,Relationship check-in
7026-YMSBE,3,Low,0.0299,30,One year,No,19.7,Move to automatic payment
8207-DMRVL,3,Low,0.0299,72,Two year,Fiber optic,114.55,Relationship check-in
6345-FZOQH,3,Low,0.0299,69,Two year,No,19.9,Move to automatic payment
6007-TCTST,3,Low,0.0299,72,Two year,Fiber optic,115.8,Relationship check-in
3460-TJBWI,3,Low,0.0299,24,Two year,No,24.2,Move to automatic payment
5177-RVZNU,3,Low,0.0298,37,One year,No,20.3,Relationship check-in
7162-WPHPM,3,Low,0.0298,58,Two year,DSL,71.6,Relationship check-in
4735-BJKOU,3,Low,0.0296,40,Two year,No,20.15,Move to automatic payment
3635-QQRQD,3,Low,0.0296,62,Two year,No,20.05,Relationship check-in
2661-GKBTK,3,Low,0.0294,60,Two year,DSL,76.95,Add Online Security (incentive)
1755-FZQEC,3,Low,0.0293,39,One year,No,19.9,Move to automatic payment
8838-GPHZP,3,Low,0.0293,63,Two year,No,20.6,Move to automatic payment
2452-MRMZF,3,Low,0.0291,72,Two year,No,25.7,Relationship check-in
5495-GPSRW,3,Low,0.0289,20,Two year,No,19.7,Move to automatic payment
4644-OBGFZ,3,Low,0.0288,55,One year,No,19.5,Move to automatic payment
4915-BFSXL,3,Low,0.0287,70,Two year,DSL,68.95,Add Tech Support
9548-LERKT,3,Low,0.0285,24,Two year,No,19.75,Move to automatic payment
5668-MEISB,3,Low,0.0284,72,Two year,Fiber optic,106.1,Relationship check-in
9178-JHUVJ,3,Low,0.0284,24,Two year,No,24.1,Relationship check-in
3810-DVDQQ,3,Low,0.0284,72,Two year,Fiber optic,117.6,Relationship check-in
2984-TBYKU,3,Low,0.0284,72,Two year,Fiber optic,104.9,Relationship check-in
3831-YCPUO,3,Low,0.0283,72,Two year,Fiber optic,109.5,Relationship check-in
7328-OWMOM,3,Low,0.0283,31,One year,No,20.1,Relationship check-in
8347-GDTMP,3,Low,0.0283,64,Two year,No,19.45,Relationship check-in
0971-QIFJK,3,Low,0.0282,69,Two year,No,24.25,Relationship check-in
6828-HMKWP,3,Low,0.028,12,Two year,No,21.05,Relationship check-in
7408-OFWXJ,3,Low,0.0279,72,Two year,DSL,89.8,Relationship check-in
2300-RQGOI,3,Low,0.0279,38,Two year,No,20.05,Move to automatic payment
5320-BRKGK,3,Low,0.0279,58,Two year,DSL,75.8,Move to automatic payment
0827-ITJPH,3,Low,0.0279,36,Two year,No,18.55,Relationship check-in
1934-MKPXS,3,Low,0.0279,33,One year,No,20.1,Relationship check-in
8414-OOEEL,3,Low,0.0278,66,Two year,DSL,79.5,Add Online Security (incentive)
8908-NMQTX,3,Low,0.0278,72,Two year,DSL,65.6,Relationship check-in
3544-FBCAS,3,Low,0.0277,72,Two year,DSL,83.6,Add Tech Support
1964-SVLEA,3,Low,0.0276,20,One year,No,19.7,Move to automatic payment
8295-KMENE,3,Low,0.0276,59,Two year,DSL,76.45,Move to automatic payment
5334-AFQJB,3,Low,0.0276,72,Two year,No,25.1,Relationship check-in
9845-QOMAD,3,Low,0.0276,14,One year,No,19.75,Move to automatic payment
2193-SFWQW,3,Low,0.0274,72,Two year,Fiber optic,111.95,Relationship check-in
2984-RGEYA,3,Low,0.0274,69,Two year,No,19.75,Relationship check-in
8544-JNBOX,3,Low,0.0273,72,Two year,No,20.8,Move to automatic payment
1293-HHSHJ,3,Low,0.0272,35,One year,No,21.1,Move to automatic payment
6463-HHXJR,3,Low,0.0272,71,Two year,Fiber optic,100.5,Add Tech Support
9504-YAZWB,3,Low,0.0271,53,Two year,No,20.25,Move to automatic payment
7157-SMCFK,3,Low,0.027,61,Two year,No,19.75,Move to automatic payment
5848-FHRFC,3,Low,0.0269,68,Two year,No,20.05,Relationship check-in
5148-HKFIR,3,Low,0.0269,20,Two year,No,19.7,Move to automatic payment
3027-YNWZU,3,Low,0.0269,64,Two year,No,25.0,Relationship check-in
2749-CTKAJ,3,Low,0.0269,22,One year,No,20.15,Move to automatic payment
3563-SVYLG,3,Low,0.0268,68,Two year,DSL,62.65,Relationship check-in
0017-IUDMW,3,Low,0.0268,72,Two year,Fiber optic,116.8,Relationship check-in
5322-TEUJK,3,Low,0.0268,71,Two year,Fiber optic,114.6,Relationship check-in
8285-ABVLB,3,Low,0.0268,70,Two year,No,19.85,Relationship check-in
0397-ZXWQF,3,Low,0.0267,67,Two year,No,20.5,Relationship check-in
3727-OVPRY,3,Low,0.0267,66,One year,No,25.7,Relationship check-in
6134-KWTBV,3,Low,0.0267,62,Two year,No,23.4,Relationship check-in
9087-EYCPR,3,Low,0.0266,60,Two year,No,25.0,Move to automatic payment
4121-AGSIN,3,Low,0.0265,58,One year,No,24.5,Relationship check-in
6072-NUQCB,3,Low,0.0265,22,One year,No,20.25,Relationship check-in
3764-MNMOI,3,Low,0.0264,46,Two year,No,19.2,Relationship check-in
0277-ORXQS,3,Low,0.0263,66,Two year,DSL,50.55,Add Online Security (incentive)
4707-MAXGU,3,Low,0.0263,72,Two year,No,25.85,Relationship check-in
9220-CXRSC,3,Low,0.0262,69,Two year,DSL,61.4,Relationship check-in
6096-EGVTU,3,Low,0.0262,64,One year,No,24.9,Move to automatic payment
2160-GPFXD,3,Low,0.0262,54,Two year,DSL,65.65,Relationship check-in
2900-PHPLN,3,Low,0.0261,70,Two year,No,19.55,Relationship check-in
6855-VLGOS,3,Low,0.026,72,Two year,No,20.55,Move to automatic payment
1460-UZPRJ,3,Low,0.026,60,Two year,No,19.95,Move to automatic payment
8499-BRXTD,3,Low,0.026,18,One year,No,20.1,Move to automatic payment
6859-QNXIQ,3,Low,0.0259,72,Two year,Fiber optic,113.1,Relationship check-in
2509-TFPJU,3,Low,0.0259,72,Two year,No,25.75,Relationship check-in
8015-IHCGW,3,Low,0.0259,72,Two year,Fiber optic,115.5,Move to automatic payment
8327-WKMIE,3,Low,0.0259,37,One year,No,20.15,Relationship check-in
0505-SPOOW,3,Low,0.0259,70,Two year,No,19.8,Relationship check-in
8779-YIQQA,3,Low,0.0259,21,One year,No,19.8,Move to automatic payment
2616-FLVQC,3,Low,0.0259,64,Two year,No,19.55,Move to automatic payment
2072-ZVJJX,3,Low,0.0257,68,Two year,No,25.25,Relationship check-in
1926-QUZNN,3,Low,0.0257,72,Two year,No,25.25,Relationship check-in
1985-MBRYP,3,Low,0.0256,43,Two year,No,19.65,Relationship check-in
8277-RVRSV,3,Low,0.0255,33,One year,No,24.15,Relationship check-in
1635-NZATJ,3,Low,0.0254,71,Two year,No,25.45,Relationship check-in
2560-WBWXF,3,Low,0.0254,68,Two year,No,24.15,Relationship check-in
3910-MRQOY,3,Low,0.0254,72,Two year,No,19.4,Relationship check-in
8434-VGEQQ,3,Low,0.0253,61,Two year,No,20.55,Relationship check-in
0795-XCCTE,3,Low,0.0253,72,Two year,No,25.4,Relationship check-in
8896-RAZCR,3,Low,0.0253,44,Two year,No,19.9,Move to automatic payment
6000-UKLWI,3,Low,0.0253,41,Two year,No,20.15,Move to automatic payment
5699-BNCAS,3,Low,0.0253,71,Two year,No,24.65,Move to automatic payment
7515-LODFU,3,Low,0.0253,69,Two year,No,20.3,Relationship check-in
4698-KVLLG,3,Low,0.0253,51,Two year,No,19.6,Relationship check-in
9541-ZPSEA,3,Low,0.0252,68,Two year,Fiber optic,80.35,Add Tech Support
1241-EZFMJ,3,Low,0.0251,61,Two year,No,25.45,Relationship check-in
5442-PPTJY,3,Low,0.025,12,Two year,No,19.7,Move to automatic payment
2040-XBAVJ,2,Low,0.0249,72,Two year,Fiber optic,114.45,Relationship check-in
5176-LMJXE,2,Low,0.0249,47,Two year,No,20.55,Move to automatic payment
6551-VLJMV,2,Low,0.0248,34,Two year,No,20.05,Relationship check-in
5201-CBWYG,2,Low,0.0248,62,One year,No,24.8,Relationship check-in
7860-UXCRM,2,Low,0.0247,63,Two year,DSL,74.5,Relationship check-in
5871-DGTXZ,2,Low,0.0245,32,One year,No,19.8,Move to automatic payment
4475-NVTLU,2,Low,0.0245,45,Two year,No,19.2,Move to automatic payment
7527-QNRUS,2,Low,0.0245,17,Two year,No,25.15,Move to automatic payment
8292-ITGYJ,2,Low,0.0244,45,Two year,No,24.65,Relationship check-in
3913-RDSJZ,2,Low,0.0244,64,Two year,No,25.55,Move to automatic payment
6614-YWYSC,2,Low,0.0244,61,Two year,No,25.0,Relationship check-in
5266-PFRQK,2,Low,0.0244,52,One year,No,20.85,Relationship check-in
1494-EJZDW,2,Low,0.0243,10,Two year,No,20.15,Move to automatic payment
3653-NCRDJ,2,Low,0.0242,43,One year,No,19.2,Move to automatic payment
9424-CMPOG,2,Low,0.0242,9,Two year,No,19.6,Move to automatic payment
0531-XBKMM,2,Low,0.0241,66,Two year,DSL,65.7,Relationship check-in
0442-TDYUO,2,Low,0.0241,48,Two year,No,20.05,Move to automatic payment
6892-BOGQE,2,Low,0.0241,71,Two year,No,20.9,Relationship check-in
4293-ETKAP,2,Low,0.024,65,Two year,DSL,79.4,Add Online Security (incentive)
9646-NMHXE,2,Low,0.024,47,Two year,No,19.65,Move to automatic payment
0404-AHASP,2,Low,0.0239,72,Two year,No,19.7,Relationship check-in
3520-FJGCV,2,Low,0.0239,72,Two year,Fiber optic,112.6,Relationship check-in
8468-FZTOE,2,Low,0.0239,72,Two year,DSL,74.35,Move to automatic payment
1498-NHTLT,2,Low,0.0239,59,Two year,DSL,86.75,Move to automatic payment
2253-KPMNB,2,Low,0.0238,69,Two year,DSL,46.25,Relationship check-in
8092-NLTGF,2,Low,0.0238,72,Two year,No,24.75,Relationship check-in
2885-HIJDH,2,Low,0.0234,69,Two year,DSL,86.9,Relationship check-in
1395-WSWXR,2,Low,0.0234,24,Two year,No,20.75,Move to automatic payment
8265-HKSOW,2,Low,0.0234,72,Two year,Fiber optic,107.45,Relationship check-in
5181-OABFK,2,Low,0.0234,56,Two year,DSL,61.3,Add Tech Support
7493-GVFIO,2,Low,0.0233,57,Two year,No,20.55,Relationship check-in
1699-TLDLZ,2,Low,0.0233,16,Two year,No,19.7,Move to automatic payment
2320-TZRRH,2,Low,0.0233,20,One year,No,19.5,Move to automatic payment
7114-AEOZE,2,Low,0.0231,60,Two year,No,19.85,Relationship check-in
8774-GSBUN,2,Low,0.0229,72,Two year,No,25.4,Move to automatic payment
8645-KOMJQ,2,Low,0.0229,69,Two year,DSL,81.95,Add Online Security (incentive)
7018-FPXHH,2,Low,0.0229,56,Two year,DSL,59.8,Add Tech Support
6762-QVYJO,2,Low,0.0228,58,Two year,DSL,59.75,Move to automatic payment
5774-QPLTF,2,Low,0.0228,50,One year,No,20.35,Move to automatic payment
1488-PBLJN,2,Low,0.0228,72,Two year,Fiber optic,116.85,Relationship check-in
4589-IUAJB,2,Low,0.0227,70,Two year,No,24.25,Relationship check-in
4896-CPRPF,2,Low,0.0225,35,Two year,No,25.45,Relationship check-in
0463-TXOAK,2,Low,0.0225,52,Two year,No,25.6,Relationship check-in
0270-THENM,2,Low,0.0224,72,Two year,DSL,69.85,Relationship check-in
2223-GDSHL,2,Low,0.0224,71,Two year,Fiber optic,116.05,Relationship check-in
8606-CIQUL,2,Low,0.0224,72,Two year,Fiber optic,115.75,Relationship check-in
5505-OVWQW,2,Low,0.0223,17,One year,No,20.15,Move to automatic payment
5598-IKHQQ,2,Low,0.0223,72,Two year,No,25.45,Relationship check-in
1843-TLSGD,2,Low,0.0222,13,Two year,No,20.85,Move to automatic payment
8237-ULIXL,2,Low,0.0221,72,Two year,No,24.85,Relationship check-in
3352-RICWQ,2,Low,0.022,9,Two year,No,19.75,Move to automatic payment
8232-UTFOZ,2,Low,0.0219,69,Two year,No,19.95,Relationship check-in
6051-PTVNS,2,Low,0.0219,55,One year,No,19.15,Relationship check-in
5982-XMDEX,2,Low,0.0219,65,Two year,No,26.5,Relationship check-in
1209-VFFOC,2,Low,0.0218,68,Two year,DSL,56.4,Move to automatic payment
3498-LZGQZ,2,Low,0.0217,63,Two year,No,19.15,Move to automatic payment
9847-HNVGP,2,Low,0.0217,17,One year,No,19.95,Move to automatic payment
3507-GASNP,2,Low,0.0217,60,Two year,No,19.95,Move to automatic payment
6518-PPLMZ,2,Low,0.0216,53,Two year,No,19.4,Move to automatic payment
9814-AOUDH,2,Low,0.0216,53,Two year,No,19.5,Relationship check-in
8441-SHIPE,2,Low,0.0216,67,Two year,No,25.6,Relationship check-in
0704-VCUMB,2,Low,0.0215,61,Two year,No,20.25,Relationship check-in
5849-ASHZJ,2,Low,0.0215,27,One year,No,20.05,Relationship check-in
1272-ILHFG,2,Low,0.0214,15,One year,No,19.65,Move to automatic payment
5627-TVBPP,2,Low,0.0213,35,One year,No,20.1,Relationship check-in
9530-GRMJG,2,Low,0.0213,70,Two year,DSL,84.1,Add Online Security (incentive); Move to automatic payment
1930-BZLHI,2,Low,0.0213,21,One year,No,20.35,Move to automatic payment
5707-ZMDJP,2,Low,0.0212,53,Two year,DSL,69.7,Move to automatic payment
6848-HJTXY,2,Low,0.0212,64,Two year,No,19.45,Relationship check-in
1333-PBMXB,2,Low,0.0209,54,One year,No,24.75,Relationship check-in
6370-ZVHDV,2,Low,0.0208,61,Two year,No,25.3,Relationship check-in
6898-RBTLU,2,Low,0.0206,49,Two year,DSL,79.3,Add Online Security (incentive)
3050-RLLXC,2,Low,0.0205,56,Two year,DSL,81.25,Relationship check-in
6013-BHCAW,2,Low,0.0205,61,Two year,DSL,81.0,Add Online Security (incentive)
2384-OVPSA,2,Low,0.0204,38,Two year,No,20.2,Move to automatic payment
8148-NLEGT,2,Low,0.0204,42,Two year,No,22.95,Move to automatic payment
0266-GMEAO,2,Low,0.0203,72,Two year,Fiber optic,114.3,Relationship check-in
0626-QXNGV,2,Low,0.0202,72,Two year,No,24.15,Relationship check-in
9565-AXSMR,2,Low,0.0201,52,Two year,No,19.2,Move to automatic payment
3913-FCUUW,2,Low,0.0201,72,Two year,DSL,70.45,Relationship check-in
8626-XHBIE,2,Low,0.0198,56,Two year,No,24.8,Move to automatic payment
1722-LDZJS,2,Low,0.0198,53,One year,No,20.2,Relationship check-in
0804-YGEQV,2,Low,0.0198,43,One year,No,24.45,Relationship check-in
9227-YBAXE,2,Low,0.0198,65,Two year,DSL,82.5,Relationship check-in
8701-DGLVH,2,Low,0.0198,51,Two year,No,20.45,Move to automatic payment
8249-THVEC,2,Low,0.0198,51,One year,No,19.4,Move to automatic payment
1240-HCBOH,2,Low,0.0197,67,Two year,No,26.1,Move to automatic payment
0854-UYHZD,2,Low,0.0196,13,Two year,No,19.55,Move to automatic payment
4299-OPXEJ,2,Low,0.0196,56,Two year,No,19.55,Relationship check-in
9888-ZCUMM,2,Low,0.0195,64,Two year,DSL,60.05,Relationship check-in
2650-GYRYL,2,Low,0.0194,33,One year,No,19.45,Relationship check-in
5605-XNWEN,2,Low,0.0192,72,Two year,No,25.0,Relationship check-in
8748-HFWBO,2,Low,0.0191,19,One year,No,19.9,Move to automatic payment
7463-IFMQU,2,Low,0.019,72,Two year,No,20.05,Relationship check-in
9650-VBUOG,2,Low,0.019,38,Two year,No,25.05,Relationship check-in
4836-WNFNO,2,Low,0.0189,72,Two year,No,25.0,Relationship check-in
7695-PKLCZ,2,Low,0.0189,68,Two year,No,20.5,Relationship check-in
5846-ABOBJ,2,Low,0.0189,71,Two year,No,24.45,Relationship check-in
2169-RRLFW,2,Low,0.0189,71,Two year,No,25.6,Relationship check-in
3088-FVYWK,2,Low,0.0189,53,Two year,No,25.55,Relationship check-in
7139-JZFVG,2,Low,0.0189,60,Two year,DSL,60.5,Add Tech Support
1945-XISKS,2,Low,0.0188,67,Two year,No,19.65,Move to automatic payment
8873-TMKGR,2,Low,0.0187,29,One year,No,19.1,Move to automatic payment
4685-TFLLS,2,Low,0.0187,18,One year,No,19.8,Relationship check-in
9916-AYHTC,2,Low,0.0187,48,Two year,No,19.85,Relationship check-in
4323-ELYYB,2,Low,0.0187,13,One year,No,20.0,Move to automatic payment
6139-ZZRBQ,2,Low,0.0186,64,Two year,No,20.05,Relationship check-in
2821-WARNZ,2,Low,0.0186,49,One year,No,19.45,Relationship check-in
8219-VYBVI,2,Low,0.0186,39,Two year,No,25.0,Move to automatic payment
9258-CNWAC,2,Low,0.0186,71,Two year,Fiber optic,113.65,Relationship check-in
1987-AUELQ,2,Low,0.0185,71,Two year,No,25.05,Relationship check-in
6060-QBMGV,2,Low,0.0185,70,Two year,No,19.85,Relationship check-in
0859-YGKFW,2,Low,0.0185,18,One year,No,20.05,Relationship check-in
3892-NXAZG,2,Low,0.0185,72,Two year,Fiber optic,114.05,Relationship check-in
9503-XJUME,2,Low,0.0184,52,One year,No,19.65,Relationship check-in
3486-HOOGQ,2,Low,0.0184,70,Two year,DSL,79.7,Relationship check-in
4565-NLZBV,2,Low,0.0184,71,Two year,No,24.65,Relationship check-in
4900-MSOMT,2,Low,0.0183,72,Two year,DSL,80.2,Relationship check-in
4231-LZUYM,2,Low,0.0183,72,Two year,No,25.65,Relationship check-in
0932-YIXYU,2,Low,0.0183,47,Two year,No,20.25,Relationship check-in
1088-AUUZZ,2,Low,0.0182,56,Two year,DSL,75.85,Relationship check-in
0224-NIJLP,2,Low,0.0181,8,Two year,No,20.15,Move to automatic payment
3978-YNKDD,2,Low,0.0181,19,Two year,No,20.85,Relationship check-in
4443-EMBNA,2,Low,0.018,71,Two year,No,24.75,Relationship check-in
7306-YDSOI,2,Low,0.018,69,Two year,DSL,59.75,Add Tech Support
7164-BPTUT,2,Low,0.0178,57,Two year,DSL,89.55,Move to automatic payment
1352-HNSAW,2,Low,0.0177,72,Two year,Fiber optic,115.6,Relationship check-in
9786-YWNHU,2,Low,0.0177,63,Two year,DSL,63.55,Move to automatic payment
6656-GULJQ,2,Low,0.0176,72,Two year,DSL,83.55,Relationship check-in
4718-WXBGI,2,Low,0.0176,72,Two year,DSL,91.95,Relationship check-in
3569-JFODW,2,Low,0.0176,72,Two year,DSL,90.95,Relationship check-in
1167-OYZJF,2,Low,0.0175,67,Two year,No,20.05,Relationship check-in
8966-OIQHG,2,Low,0.0175,22,One year,No,20.75,Relationship check-in
6485-QXWWE,2,Low,0.0174,62,Two year,No,26.0,Relationship check-in
3620-EHIMZ,2,Low,0.0174,52,Two year,No,19.35,Move to automatic payment
4335-BSMJS,2,Low,0.0173,62,Two year,No,25.8,Relationship check-in
0562-FGDCR,2,Low,0.0173,72,Two year,DSL,74.55,Move to automatic payment
1248-DYXUB,2,Low,0.0173,52,Two year,No,24.8,Move to automatic payment
7115-IRDHS,2,Low,0.0172,72,Two year,No,24.65,Relationship check-in
7608-RGIRO,2,Low,0.0172,62,Two year,No,24.4,Move to automatic payment
1635-HDGFT,2,Low,0.0171,19,Two year,No,20.5,Move to automatic payment
4361-FEBGN,2,Low,0.0171,48,Two year,No,20.15,Relationship check-in
8402-OOOHJ,2,Low,0.0171,41,Two year,No,20.65,Move to automatic payment
1757-TCATG,2,Low,0.017,35,One year,No,20.05,Relationship check-in
4962-CHQPW,2,Low,0.017,29,One year,No,19.85,Move to automatic payment
9153-BTBVV,2,Low,0.0168,71,Two year,No,25.0,Relationship check-in
1862-QRWPE,2,Low,0.0168,48,Two year,No,20.65,Relationship check-in
7602-DBTOU,2,Low,0.0168,71,Two year,No,19.6,Move to automatic payment
1401-FTHFQ,2,Low,0.0168,23,One year,No,20.0,Relationship check-in
4625-LAMOB,2,Low,0.0167,44,Two year,No,20.4,Relationship check-in
5727-MYATE,2,Low,0.0167,72,Two year,DSL,90.8,Relationship check-in
6253-GNHWH,2,Low,0.0167,71,Two year,DSL,71.1,Move to automatic payment
2595-KIWPV,2,Low,0.0167,27,Two year,No,19.7,Relationship check-in
1764-VUUMT,2,Low,0.0167,66,Two year,No,19.95,Relationship check-in
9418-RUKPH,2,Low,0.0167,38,Two year,No,19.95,Move to automatic payment
7008-LZVOZ,2,Low,0.0166,66,Two year,No,25.3,Relationship check-in
2560-QTSBS,2,Low,0.0166,72,One year,No,23.3,Relationship check-in
8917-FAEMR,2,Low,0.0166,37,Two year,No,19.85,Move to automatic payment
9950-MTGYX,2,Low,0.0166,28,Two year,No,20.3,Relationship check-in
5322-ZSMZY,2,Low,0.0165,31,Two year,No,25.75,Move to automatic payment
1599-EAHXY,2,Low,0.0165,60,One year,No,23.95,Relationship check-in
7996-MHXLW,2,Low,0.0165,66,Two year,No,25.15,Relationship check-in
7293-LSCDV,2,Low,0.0165,60,Two year,No,19.25,Relationship check-in
5006-MXVRN,2,Low,0.0164,39,Two year,No,20.7,Relationship check-in
0582-AVCLN,2,Low,0.0162,38,Two year,No,20.3,Move to automatic payment
1306-RPWXZ,2,Low,0.0161,49,Two year,No,20.45,Relationship check-in
3227-WLKLI,2,Low,0.0161,65,Two year,DSL,91.55,Relationship check-in
9823-EALYC,2,Low,0.016,72,Two year,DSL,80.85,Relationship check-in
1852-QSWCD,2,Low,0.0159,64,Two year,No,24.8,Move to automatic payment
4077-HWUYD,2,Low,0.0159,72,Two year,DSL,87.55,Relationship check-in
9114-DPSIA,2,Low,0.0157,72,Two year,DSL,81.0,Relationship check-in
5480-XTFFL,2,Low,0.0156,31,Two year,No,21.0,Move to automatic payment
4827-DPADN,2,Low,0.0155,72,Two year,DSL,83.3,Relationship check-in
8194-PEEBY,2,Low,0.0155,24,One year,No,19.9,Move to automatic payment
9337-SRRNI,2,Low,0.0155,66,Two year,No,25.3,Relationship check-in
8143-ETQTI,2,Low,0.0154,23,Two year,No,19.65,Move to automatic payment
3070-FNFZQ,2,Low,0.0154,23,Two year,No,20.4,Relationship check-in
7632-YUTXB,2,Low,0.0153,25,One year,No,20.05,Move to automatic payment
4742-TXUEX,2,Low,0.0153,47,Two year,No,19.3,Relationship check-in
0508-SQWPL,2,Low,0.0153,57,Two year,No,20.1,Relationship check-in
7416-CKTEP,2,Low,0.0153,57,Two year,No,19.6,Relationship check-in
0206-OYVOC,2,Low,0.0153,46,Two year,No,19.25,Move to automatic payment
3274-NSDWE,2,Low,0.0152,68,Two year,No,19.6,Relationship check-in
9067-SQTNS,2,Low,0.0152,44,One year,No,20.6,Relationship check-in
7216-KAOID,2,Low,0.0152,41,One year,No,19.5,Relationship check-in
1776-SPBWV,2,Low,0.0151,34,One year,No,20.1,Relationship check-in
2263-SFSQZ,2,Low,0.0151,51,Two year,No,24.95,Move to automatic payment
9488-FVZCC,2,Low,0.0151,72,Two year,DSL,79.5,Relationship check-in
3836-FZSDJ,2,Low,0.015,71,Two year,No,24.85,Relationship check-in
9801-NOSHQ,2,Low,0.015,23,One year,No,19.8,Move to automatic payment
6897-RWMUB,1,Low,0.0148,61,Two year,DSL,68.05,Relationship check-in
3262-EIDHV,1,Low,0.0148,72,Two year,DSL,84.7,Relationship check-in
6283-GITPX,1,Low,0.0147,71,Two year,DSL,76.9,Relationship check-in
4652-ODEVH,1,Low,0.0147,45,Two year,No,24.45,Move to automatic payment
3580-GICBM,1,Low,0.0147,61,Two year,No,24.2,Move to automatic payment
1269-FOYWN,1,Low,0.0147,44,One year,No,20.0,Relationship check-in
5457-COLHT,1,Low,0.0146,69,Two year,DSL,80.65,Relationship check-in
1223-UNPKS,1,Low,0.0145,20,Two year,No,20.05,Move to automatic payment
3373-DIUUN,1,Low,0.0145,30,Two year,No,21.25,Move to automatic payment
3777-XROBG,1,Low,0.0144,58,Two year,No,19.55,Relationship check-in
4883-KCPZJ,1,Low,0.0142,22,Two year,No,25.25,Relationship check-in
4804-NCPET,1,Low,0.0141,19,Two year,No,20.2,Move to automatic payment
5893-KCLGT,1,Low,0.014,72,Two year,No,19.75,Move to automatic payment
5248-RPYWW,1,Low,0.0139,72,Two year,DSL,90.15,Relationship check-in
9348-ROUAI,1,Low,0.0139,59,Two year,DSL,90.3,Relationship check-in
1897-OKVMW,1,Low,0.0139,64,Two year,DSL,90.6,Move to automatic payment
4625-XMOYM,1,Low,0.0138,72,Two year,No,26.25,Relationship check-in
4807-IZYOZ,1,Low,0.0138,51,Two year,No,20.65,Relationship check-in
2007-QVGAW,1,Low,0.0138,68,Two year,No,19.35,Relationship check-in
4891-NLUBA,1,Low,0.0138,61,Two year,DSL,61.45,Add Online Security (incentive)
8577-QSOCG,1,Low,0.0137,38,Two year,No,20.2,Move to automatic payment
1027-LKKQQ,1,Low,0.0137,72,Two year,DSL,80.45,Relationship check-in
7096-ZNBZI,1,Low,0.0136,72,Two year,No,26.45,Relationship check-in
7647-GYYKX,1,Low,0.0135,54,Two year,No,20.35,Relationship check-in
0825-CPPQH,1,Low,0.0135,71,Two year,No,19.1,Relationship check-in
8727-JQFHV,1,Low,0.0134,57,Two year,No,20.75,Move to automatic payment
3896-ZVNET,1,Low,0.0134,24,Two year,No,24.7,Move to automatic payment
4312-KFRXN,1,Low,0.0134,72,Two year,No,25.4,Move to automatic payment
5549-ZGHFB,1,Low,0.0132,50,Two year,No,24.95,Move to automatic payment
1085-LDWAM,1,Low,0.0132,69,One year,No,20.35,Relationship check-in
1834-WULEG,1,Low,0.0131,24,One year,No,20.25,Move to automatic payment
2808-CHTDM,1,Low,0.013,23,Two year,No,25.1,Move to automatic payment
4335-UPJSI,1,Low,0.013,24,Two year,No,19.75,Move to automatic payment
4302-ZYFEL,1,Low,0.013,69,One year,No,20.55,Relationship check-in
8514-VZHEB,1,Low,0.0129,59,Two year,No,19.5,Move to automatic payment
0301-FIDRB,1,Low,0.0129,72,Two year,DSL,63.8,Relationship check-in
3129-AAQOU,1,Low,0.0128,19,Two year,No,25.6,Move to automatic payment
2569-WGERO,1,Low,0.0128,72,Two year,No,21.15,Relationship check-in
9415-ZNBSX,1,Low,0.0127,70,Two year,DSL,89.0,Relationship check-in
6527-PZFPV,1,Low,0.0127,24,One year,No,20.8,Relationship check-in
8735-SDUFN,1,Low,0.0127,72,Two year,No,24.3,Relationship check-in
2208-NKVVH,1,Low,0.0127,43,Two year,No,24.25,Move to automatic payment
1089-XZWHH,1,Low,0.0126,24,Two year,No,19.7,Move to automatic payment
0730-BGQGF,1,Low,0.0126,71,Two year,DSL,90.3,Relationship check-in
3774-VBNXY,1,Low,0.0126,64,Two year,No,20.2,Move to automatic payment
7113-HIPFI,1,Low,0.0126,66,Two year,DSL,65.85,Move to automatic payment
1092-WPIVQ,1,Low,0.0124,18,Two year,No,25.1,Move to automatic payment
8922-NPKBJ,1,Low,0.0124,42,Two year,No,19.35,Move to automatic payment
7083-MIOPC,1,Low,0.0124,72,Two year,No,20.25,Relationship check-in
4635-EJYPD,1,Low,0.0124,32,Two year,No,18.95,Move to automatic payment
7242-EDTYC,1,Low,0.0124,44,Two year,No,19.55,Relationship check-in
9365-CSLBQ,1,Low,0.0123,71,Two year,No,24.35,Move to automatic payment
5465-BUBFA,1,Low,0.0123,41,Two year,No,19.3,Relationship check-in
7169-YWAMK,1,Low,0.0122,72,Two year,DSL,68.4,Relationship check-in
8008-OTEZX,1,Low,0.0121,35,One year,No,19.65,Move to automatic payment
3454-JFUBC,1,Low,0.012,68,Two year,No,20.0,Relationship check-in
6248-BSHKG,1,Low,0.012,61,One year,No,20.4,Move to automatic payment
8361-LBRDI,1,Low,0.012,58,Two year,No,24.35,Relationship check-in
0238-WHBIQ,1,Low,0.0119,72,Two year,DSL,89.7,Relationship check-in
6925-BAYGL,1,Low,0.0118,53,Two year,No,25.1,Relationship check-in
0016-QLJIS,1,Low,0.0118,65,Two year,DSL,90.45,Move to automatic payment
9443-JUBUO,1,Low,0.0117,72,Two year,DSL,65.25,Relationship check-in
1839-FBNFR,1,Low,0.0117,39,Two year,No,19.85,Relationship check-in
2511-ALLCS,1,Low,0.0117,35,Two year,No,24.3,Relationship check-in
9081-WWXKP,1,Low,0.0116,47,Two year,No,20.25,Relationship check-in
7606-BPHHN,1,Low,0.0116,72,Two year,No,19.8,Relationship check-in
5296-BFCYD,1,Low,0.0116,46,Two year,No,20.1,Move to automatic payment
4674-HGNUA,1,Low,0.0116,71,Two year,DSL,89.9,Relationship check-in
3973-SKMLN,1,Low,0.0115,71,Two year,No,19.9,Relationship check-in
2908-WGAXL,1,Low,0.0115,56,Two year,No,24.95,Relationship check-in
0847-HGRML,1,Low,0.0115,62,Two year,No,20.0,Relationship check-in
0774-RMNUW,1,Low,0.0114,71,Two year,DSL,59.7,Relationship check-in
4487-ZYJZK,1,Low,0.0114,38,One year,No,19.6,Relationship check-in
2481-SBOYW,1,Low,0.0114,61,Two year,No,25.0,Relationship check-in
5115-GZDEL,1,Low,0.0113,72,Two year,DSL,67.2,Relationship check-in
3768-VHXQO,1,Low,0.0112,67,Two year,No,24.85,Relationship check-in
2314-TNDJQ,1,Low,0.0112,72,Two year,DSL,55.65,Relationship check-in
4632-PAOYU,1,Low,0.0112,22,One year,No,19.95,Move to automatic payment
9385-EHGDO,1,Low,0.0111,35,Two year,No,19.85,Move to automatic payment
8902-ZEOVF,1,Low,0.0109,47,One year,No,20.05,Move to automatic payment
9585-KKMFD,1,Low,0.0109,41,Two year,No,20.0,Move to automatic payment
1399-OUPJN,1,Low,0.0109,57,Two year,No,19.75,Relationship check-in
9257-AZMTZ,1,Low,0.0109,52,Two year,No,20.1,Relationship check-in
6365-HITVU,1,Low,0.0107,71,Two year,DSL,87.25,Relationship check-in
7033-CLAMM,1,Low,0.0107,48,Two year,No,20.2,Relationship check-in
2404-JIBFC,1,Low,0.0106,55,Two year,DSL,85.1,Relationship check-in
3889-VWBID,1,Low,0.0106,68,Two year,DSL,82.85,Relationship check-in
1561-BWHIN,1,Low,0.0106,19,One year,No,19.8,Move to automatic payment
8590-OHDIW,1,Low,0.0105,38,One year,No,20.3,Move to automatic payment
5939-SXWHM,1,Low,0.0105,48,Two year,No,26.3,Relationship check-in
0613-WUXUM,1,Low,0.0104,70,Two year,No,19.2,Move to automatic payment
2211-RMNHO,1,Low,0.0104,68,Two year,DSL,85.3,Add Online Security (incentive)
9975-GPKZU,1,Low,0.0103,46,Two year,No,19.75,Relationship check-in
4636-TVXVG,1,Low,0.0102,62,One year,No,19.95,Relationship check-in
0988-AADSA,1,Low,0.0102,72,Two year,DSL,80.85,Relationship check-in
6369-MCAKO,1,Low,0.0101,68,Two year,DSL,89.05,Relationship check-in
2642-MAWLJ,1,Low,0.0099,36,Two year,No,20.25,Relationship check-in
2725-TTRIQ,1,Low,0.0099,72,Two year,DSL,84.2,Relationship check-in
1403-LKLIK,1,Low,0.0098,33,One year,No,20.1,Move to automatic payment
5799-JRCZO,1,Low,0.0098,63,Two year,No,19.5,Relationship check-in
3769-MHZNV,1,Low,0.0098,33,Two year,No,20.1,Move to automatic payment
5821-MMEIL,1,Low,0.0098,57,Two year,No,19.9,Relationship check-in
0625-AFOHS,1,Low,0.0097,29,Two year,No,20.2,Move to automatic payment
7267-FRMJW,1,Low,0.0097,25,Two year,No,20.1,Move to automatic payment
1207-BLKSA,1,Low,0.0096,52,Two year,No,23.05,Move to automatic payment
8755-OGKNA,1,Low,0.0095,57,Two year,No,19.5,Relationship check-in
9068-FHQHD,1,Low,0.0095,40,Two year,No,20.15,Relationship check-in
8749-TZYEC,1,Low,0.0095,72,Two year,No,24.8,Relationship check-in
4277-BWBML,1,Low,0.0094,72,Two year,No,19.95,Relationship check-in
8690-ZVLCL,1,Low,0.0094,68,Two year,DSL,88.0,Relationship check-in
1270-XKUCC,1,Low,0.0094,30,Two year,No,19.7,Move to automatic payment
0732-OCQOC,1,Low,0.0093,52,Two year,No,25.05,Relationship check-in
2378-YIZKA,1,Low,0.0093,68,Two year,DSL,85.0,Relationship check-in
8966-KZXXA,1,Low,0.0092,36,Two year,No,25.1,Relationship check-in
6772-WFQRD,1,Low,0.0092,40,One year,No,20.4,Relationship check-in
3967-VQOGC,1,Low,0.0092,67,Two year,No,24.9,Move to automatic payment
4534-WGCIR,1,Low,0.0091,58,Two year,No,25.15,Relationship check-in
3508-VLHCZ,1,Low,0.0091,71,Two year,DSL,90.55,Relationship check-in
6479-VDGRK,1,Low,0.009,72,Two year,DSL,85.3,Relationship check-in
8711-LOBKY,1,Low,0.0088,59,Two year,No,19.85,Move to automatic payment
3472-QPRCH,1,Low,0.0088,40,Two year,No,25.25,Relationship check-in
9593-CVZKR,1,Low,0.0088,56,Two year,No,24.45,Move to automatic payment
0363-SVHYR,1,Low,0.0088,71,Two year,DSL,86.85,Relationship check-in
1131-QQZEB,1,Low,0.0087,71,Two year,No,23.95,Relationship check-in
1830-IPXVJ,1,Low,0.0087,61,Two year,No,19.75,Relationship check-in
2925-VDZHY,1,Low,0.0087,72,Two year,DSL,88.7,Relationship check-in
0969-RGKCU,1,Low,0.0086,37,One year,No,19.8,Relationship check-in
2632-TACXW,1,Low,0.0086,62,Two year,No,23.65,Relationship check-in
6408-WHTEF,1,Low,0.0086,72,Two year,DSL,89.4,Move to automatic payment
6122-LJADA,1,Low,0.0086,70,Two year,DSL,90.15,Relationship check-in
5859-HZYLF,1,Low,0.0085,26,Two year,No,19.15,Relationship check-in
2626-VEEWG,1,Low,0.0085,67,Two year,No,19.4,Relationship check-in
9489-JMTTN,1,Low,0.0084,72,Two year,DSL,89.75,Relationship check-in
8129-GMVGI,1,Low,0.0084,56,Two year,No,20.05,Move to automatic payment
8917-SZTTJ,1,Low,0.0083,60,Two year,No,19.65,Relationship check-in
7480-SPLEF,1,Low,0.0083,69,Two year,No,26.0,Relationship check-in
2799-TSLAG,1,Low,0.0083,65,Two year,No,25.3,Relationship check-in
0402-OAMEN,1,Low,0.0081,72,Two year,No,24.45,Relationship check-in
4086-WITJG,1,Low,0.0081,71,Two year,No,19.7,Relationship check-in
4609-KNNWG,1,Low,0.0081,27,Two year,No,19.9,Move to automatic payment
1098-KFQEC,1,Low,0.0081,55,Two year,No,19.4,Relationship check-in
8957-THMOA,1,Low,0.0081,50,Two year,No,20.15,Relationship check-in
3148-AOIQT,1,Low,0.008,69,Two year,No,24.95,Relationship check-in
8043-PNYSD,1,Low,0.0079,63,Two year,No,19.55,Move to automatic payment
3359-DSRKA,1,Low,0.0079,58,Two year,No,19.85,Move to automatic payment
4518-FZBSX,1,Low,0.0078,42,One year,No,20.25,Move to automatic payment
8532-UEFWH,1,Low,0.0078,52,Two year,No,25.75,Move to automatic payment
2545-LXYVJ,1,Low,0.0078,72,Two year,No,20.7,Relationship check-in
8173-RXAYP,1,Low,0.0078,24,Two year,No,19.7,Move to automatic payment
0784-ZQJZX,1,Low,0.0078,72,Two year,No,19.9,Relationship check-in
2207-RYYRL,1,Low,0.0077,52,Two year,No,24.55,Move to automatic payment
5519-TEEUH,1,Low,0.0077,33,One year,No,20.15,Move to automatic payment
2418-TPEUN,1,Low,0.0077,56,Two year,No,19.8,Relationship check-in
2718-YSKCS,1,Low,0.0075,71,Two year,No,19.6,Relationship check-in
2729-VNVAP,1,Low,0.0075,33,Two year,No,19.8,Relationship check-in
9371-BITHB,1,Low,0.0074,52,Two year,No,19.85,Move to automatic payment
8067-NIOYM,1,Low,0.0074,24,Two year,No,21.1,Relationship check-in
9964-WBQDJ,1,Low,0.0073,71,Two year,No,24.4,Relationship check-in
7850-THJMU,1,Low,0.0073,26,Two year,No,19.65,Relationship check-in
7014-ZZXAW,1,Low,0.0073,71,Two year,No,24.25,Relationship check-in
5360-XGYAZ,1,Low,0.0073,72,Two year,DSL,65.65,Relationship check-in
2075-PUEPR,1,Low,0.0073,55,Two year,No,19.35,Relationship check-in
9392-XBGTD,1,Low,0.0073,27,Two year,No,20.6,Move to automatic payment
4955-VCWBI,1,Low,0.0072,43,One year,No,20.0,Move to automatic payment
6685-XSHHU,1,Low,0.0072,60,Two year,No,20.95,Relationship check-in
1591-XWLGB,1,Low,0.0072,71,Two year,No,19.85,Relationship check-in
1574-DYCWE,1,Low,0.0071,51,Two year,No,19.95,Move to automatic payment
2888-ADFAO,1,Low,0.0071,47,Two year,No,21.3,Relationship check-in
2230-XTUWL,1,Low,0.007,48,Two year,No,19.55,Move to automatic payment
0042-RLHYP,1,Low,0.007,69,Two year,No,19.7,Relationship check-in
0769-MURVM,1,Low,0.007,72,Two year,DSL,65.7,Relationship check-in
6997-UVGOX,1,Low,0.0069,71,Two year,DSL,85.45,Relationship check-in
3190-ITQXP,1,Low,0.0069,46,Two year,No,20.25,Relationship check-in
2819-GWENI,1,Low,0.0067,28,One year,No,19.9,Move to automatic payment
6734-PSBAW,1,Low,0.0066,72,Two year,No,23.55,Relationship check-in
1927-QEWMY,1,Low,0.0065,72,Two year,No,20.5,Relationship check-in
5968-HYJRZ,1,Low,0.0065,47,Two year,No,24.55,Move to automatic payment
6923-AQONU,1,Low,0.0064,23,Two year,No,20.9,Move to automatic payment
2208-MPXIO,1,Low,0.0064,45,Two year,No,20.0,Relationship check-in
2050-ONYDQ,1,Low,0.0064,65,Two year,No,26.0,Relationship check-in
1555-HAPSU,1,Low,0.0064,71,Two year,No,23.9,Relationship check-in
5242-UOWHD,1,Low,0.0064,45,Two year,No,20.35,Move to automatic payment
7977-HXJKU,1,Low,0.0063,21,Two year,No,19.6,Move to automatic payment
0831-JNISG,1,Low,0.0063,71,Two year,No,19.8,Move to automatic payment
7558-IMLMT,1,Low,0.0063,67,Two year,No,20.8,Move to automatic payment
5117-ZSMHQ,1,Low,0.0062,71,Two year,DSL,89.9,Relationship check-in
2804-ETQDK,1,Low,0.0061,66,Two year,No,20.55,Move to automatic payment
6976-BWGLQ,1,Low,0.0061,72,Two year,No,25.2,Relationship check-in
8450-LUGUK,1,Low,0.006,37,Two year,No,24.1,Relationship check-in
4821-WQOYN,1,Low,0.0058,72,Two year,No,20.1,Relationship check-in
8164-OCKUJ,1,Low,0.0058,59,Two year,No,20.6,Move to automatic payment
9574-BOSMD,1,Low,0.0057,68,Two year,No,25.4,Relationship check-in
5845-BZZIB,1,Low,0.0056,35,Two year,No,20.1,Move to automatic payment
3451-VAWLI,1,Low,0.0056,35,Two year,No,19.7,Relationship check-in
0386-CWRGM,1,Low,0.0056,46,Two year,No,19.4,Move to automatic payment
0506-YLVKJ,1,Low,0.0056,46,Two year,No,20.2,Move to automatic payment
7268-WNTCP,1,Low,0.0055,62,Two year,No,20.45,Relationship check-in
0264-CNITK,1,Low,0.0055,71,Two year,No,20.1,Relationship check-in
6963-KQYQB,1,Low,0.0055,70,Two year,No,24.05,Move to automatic payment
2400-FEQME,1,Low,0.0055,55,Two year,No,20.5,Move to automatic payment
5793-YOLJN,1,Low,0.0055,55,Two year,No,21.0,Move to automatic payment
7673-BQGKU,1,Low,0.0055,69,Two year,No,20.15,Relationship check-in
6619-RPLQZ,1,Low,0.0054,45,Two year,No,20.85,Move to automatic payment
3996-ZNWYK,1,Low,0.0053,71,Two year,No,19.8,Relationship check-in
1468-DEFNC,1,Low,0.0053,64,Two year,No,24.4,Relationship check-in
9972-EWRJS,1,Low,0.0053,67,Two year,No,19.25,Relationship check-in
4817-KEQSP,1,Low,0.0052,71,Two year,No,19.85,Relationship check-in
6585-WCEWR,1,Low,0.0052,72,Two year,No,20.35,Move to automatic payment
8874-EJNSR,1,Low,0.0052,39,Two year,No,25.2,Move to automatic payment
6762-NSODU,1,Low,0.0052,46,Two year,No,19.4,Relationship check-in
9938-PRCVK,1,Low,0.0052,41,Two year,No,19.7,Relationship check-in
8380-MQINP,1,Low,0.0052,55,Two year,No,20.3,Move to automatic payment
7634-HLQJR,1,Low,0.0051,47,Two year,No,20.05,Relationship check-in
7980-MHFLQ,1,Low,0.0051,72,Two year,No,24.9,Move to automatic payment
6980-IMXXE,0,Low,0.005,69,Two year,No,20.2,Relationship check-in
7729-XBTWX,0,Low,0.005,66,Two year,No,19.75,Move to automatic payment
3173-WSSUE,0,Low,0.0049,71,Two year,No,19.7,Relationship check-in
9838-BFCQT,0,Low,0.0049,72,Two year,No,26.1,Move to automatic payment
6024-RUGGH,0,Low,0.0049,72,Two year,No,25.2,Relationship check-in
6928-ONTRW,0,Low,0.0048,72,Two year,No,19.7,Relationship check-in
0464-WJTKO,0,Low,0.0047,72,Two year,No,20.1,Relationship check-in
5115-SQAAU,0,Low,0.0047,69,Two year,No,25.6,Relationship check-in
3642-BYHDO,0,Low,0.0047,71,Two year,No,19.9,Relationship check-in
6696-YDAYZ,0,Low,0.0046,16,Two year,No,20.5,Move to automatic payment
0485-ZBSLN,0,Low,0.0045,65,Two year,No,24.75,Relationship check-in
4641-FROLU,0,Low,0.0045,30,Two year,No,19.3,Move to automatic payment
6169-PPETC,0,Low,0.0045,35,Two year,No,20.5,Relationship check-in
7717-BICXI,0,Low,0.0045,60,Two year,No,20.55,Move to automatic payment
2607-DHDAK,0,Low,0.0045,72,Two year,No,19.8,Relationship check-in
1166-PQLGG,0,Low,0.0044,72,Two year,No,19.55,Relationship check-in
0603-TPMIB,0,Low,0.0044,59,Two year,No,25.45,Move to automatic payment
3120-FAZKD,0,Low,0.0044,54,Two year,No,24.05,Relationship check-in
5970-GHJAW,0,Low,0.0044,46,Two year,No,19.95,Relationship check-in
6582-PLFUU,0,Low,0.0043,51,Two year,No,19.55,Relationship check-in
4779-ZGICK,0,Low,0.0043,48,Two year,No,23.55,Move to automatic payment
1293-BSEUN,0,Low,0.0042,72,Two year,No,20.7,Move to automatic payment
8780-IHCRN,0,Low,0.0042,63,Two year,No,24.65,Relationship check-in
5902-WBLSE,0,Low,0.0042,70,Two year,No,20.15,Relationship check-in
2236-HILPA,0,Low,0.0042,62,Two year,No,20.65,Relationship check-in
0174-QRVVY,0,Low,0.0041,71,Two year,No,25.35,Relationship check-in
0902-XKXPN,0,Low,0.004,69,Two year,No,20.2,Relationship check-in
8165-ZJRNM,0,Low,0.004,72,Two year,No,23.75,Relationship check-in
4193-IBKSW,0,Low,0.0039,72,Two year,No,24.75,Relationship check-in
9251-AWQGT,0,Low,0.0039,48,Two year,No,20.0,Move to automatic payment
7711-GQBZC,0,Low,0.0038,71,Two year,No,24.7,Relationship check-in
0562-HKHML,0,Low,0.0038,71,Two year,No,23.9,Relationship check-in
0962-CQPWQ,0,Low,0.0037,62,Two year,No,20.3,Relationship check-in
9173-IVZVP,0,Low,0.0037,53,Two year,No,20.9,Move to automatic payment
7064-JHXCE,0,Low,0.0037,62,Two year,No,20.05,Relationship check-in
5220-AGAAX,0,Low,0.0037,68,Two year,No,24.0,Relationship check-in
3678-MNGZX,0,Low,0.0036,68,Two year,No,19.95,Relationship check-in
5884-FBCTL,0,Low,0.0036,72,Two year,No,25.1,Relationship check-in
9537-JALFH,0,Low,0.0036,69,Two year,No,19.9,Relationship check-in
4195-PNGZS,0,Low,0.0036,69,Two year,No,24.45,Relationship check-in
5346-BZCHP,0,Low,0.0035,69,Two year,No,19.4,Move to automatic payment
4979-HPRFL,0,Low,0.0035,56,Two year,No,24.15,Relationship check-in
6181-AXXYF,0,Low,0.0034,72,Two year,No,24.75,Relationship check-in
0354-VXMJC,0,Low,0.0034,23,Two year,No,19.6,Relationship check-in
0040-HALCW,0,Low,0.0032,54,Two year,No,20.4,Relationship check-in
0640-YJTPY,0,Low,0.0032,72,Two year,No,21.0,Relationship check-in
7696-CFTAT,0,Low,0.0031,37,Two year,No,19.8,Relationship check-in
1106-HRLKZ,0,Low,0.0031,40,Two year,No,19.6,Move to automatic payment
7328-ZJAJO,0,Low,0.0031,59,Two year,No,19.5,Relationship check-in
8999-EXMNO,0,Low,0.003,19,Two year,No,20.15,Move to automatic payment
6479-SZPLM,0,Low,0.003,36,Two year,No,19.45,Relationship check-in
7010-BRBUU,0,Low,0.003,72,Two year,No,24.1,Relationship check-in
7503-EPSZW,0,Low,0.003,64,Two year,No,24.05,Move to automatic payment
1820-DJFPH,0,Low,0.0029,72,Two year,No,24.05,Relationship check-in
7321-KKSDU,0,Low,0.0029,32,Two year,No,20.5,Move to automatic payment
3279-DYZQM,0,Low,0.0029,71,Two year,No,19.45,Move to automatic payment
8946-BFWSG,0,Low,0.0029,63,Two year,No,25.25,Move to automatic payment
3810-PJUHR,0,Low,0.0028,70,Two year,No,25.35,Move to automatic payment
2181-TIDSV,0,Low,0.0028,68,Two year,No,19.95,Relationship check-in
7601-GNDYK,0,Low,0.0028,35,Two year,No,19.6,Move to automatic payment
0480-KYJVA,0,Low,0.0028,72,Two year,No,24.25,Relationship check-in
7225-IILWY,0,Low,0.0028,68,Two year,No,25.75,Move to automatic payment
5854-KSRBJ,0,Low,0.0028,70,Two year,No,25.4,Move to automatic payment
6651-RLGGM,0,Low,0.0028,67,Two year,No,26.3,Move to automatic payment
3261-CQXOL,0,Low,0.0027,71,Two year,No,25.45,Relationship check-in
7684-XSZIY,0,Low,0.0027,72,Two year,No,24.3,Relationship check-in
6770-UAYGJ,0,Low,0.0027,49,Two year,No,25.25,Move to automatic payment
5804-JMYIO,0,Low,0.0025,39,Two year,No,19.75,Move to automatic payment
1709-EJDOX,0,Low,0.0025,47,Two year,No,19.75,Move to automatic payment
8215-NGSPE,0,Low,0.0025,42,Two year,No,20.0,Move to automatic payment
6857-TKDJV,0,Low,0.0023,67,Two year,No,24.65,Relationship check-in
8224-KDLKN,0,Low,0.0023,72,Two year,No,25.0,Relationship check-in
9625-RZFUK,0,Low,0.0023,63,Two year,No,19.7,Move to automatic payment
6621-NRZAK,0,Low,0.0022,63,Two year,No,20.0,Relationship check-in
1052-QJIBV,0,Low,0.0022,71,Two year,No,19.9,Relationship check-in
6734-JDTTV,0,Low,0.0021,65,Two year,No,19.85,Relationship check-in
8807-OPMBM,0,Low,0.002,55,Two year,No,25.65,Relationship check-in
6340-DACFT,0,Low,0.002,50,Two year,No,20.55,Relationship check-in
4878-BUNFV,0,Low,0.0019,42,Two year,No,20.7,Move to automatic payment
1299-AURJA,0,Low,0.0019,70,Two year,No,24.7,Relationship check-in
9135-HSWOC,0,Low,0.0017,64,Two year,No,19.7,Relationship check-in
6285-FTQBF,0,Low,0.0017,72,Two year,No,25.55,Relationship check-in
0394-YONDK,0,Low,0.0017,70,Two year,No,25.15,Relationship check-in
9430-NKQLY,0,Low,0.0017,72,Two year,No,25.1,Relationship check-in
1403-GYAFU,0,Low,0.0015,70,Two year,No,20.05,Relationship check-in
4957-SREEC,0,Low,0.0015,70,Two year,No,20.35,Relationship check-in
9800-OUIGR,0,Low,0.0014,66,Two year,No,20.0,Relationship check-in
3457-PQBYH,0,Low,0.0014,58,Two year,No,20.3,Relationship check-in
0794-YVSGE,0,Low,0.0013,72,Two year,No,20.3,Relationship check-in
8750-QWZAJ,0,Low,0.0013,70,Two year,No,19.8,Relationship check-in
7876-DNYAP,0,Low,0.0013,69,Two year,No,19.8,Relationship check-in
2346-LOCWC,0,Low,0.0013,58,Two year,No,20.5,Relationship check-in
8229-BUJHX,0,Low,0.0013,71,Two year,No,20.5,Relationship check-in
